  0
SECTION
  2
HEADER
  9
$ACADVER
  1
AC1027
  9
$ACADMAINTVER
 70
   125
  9
$DWGCODEPAGE
  3
ANSI_1252
  9
$REQUIREDVERSIONS
160
                 0
  9
$INSBASE
 10
0.0
 20
0.0
 30
0.0
  9
$EXTMIN
 10
1.000000000000000E+20
 20
1.000000000000000E+20
 30
1.000000000000000E+20
  9
$EXTMAX
 10
-1.000000000000000E+20
 20
-1.000000000000000E+20
 30
-1.000000000000000E+20
  9
$LIMMIN
 10
0.0
 20
0.0
  9
$LIMMAX
 10
12.0
 20
9.0
  9
$ORTHOMODE
 70
     0
  9
$REGENMODE
 70
     1
  9
$FILLMODE
 70
     1
  9
$QTEXTMODE
 70
     0
  9
$MIRRTEXT
 70
     0
  9
$LTSCALE
 40
1.0
  9
$ATTMODE
 70
     1
  9
$TEXTSIZE
 40
0.2
  9
$TRACEWID
 40
0.05
  9
$TEXTSTYLE
  7
Standard
  9
$CLAYER
  8
0
  9
$CELTYPE
  6
ByLayer
  9
$CECOLOR
 62
   256
  9
$CELTSCALE
 40
1.0
  9
$DISPSILH
 70
     0
  9
$DIMSCALE
 40
1.0
  9
$DIMASZ
 40
0.18
  9
$DIMEXO
 40
0.0625
  9
$DIMDLI
 40
0.38
  9
$DIMRND
 40
0.0
  9
$DIMDLE
 40
0.0
  9
$DIMEXE
 40
0.18
  9
$DIMTP
 40
0.0
  9
$DIMTM
 40
0.0
  9
$DIMTXT
 40
0.18
  9
$DIMCEN
 40
0.09
  9
$DIMTSZ
 40
0.0
  9
$DIMTOL
 70
     0
  9
$DIMLIM
 70
     0
  9
$DIMTIH
 70
     1
  9
$DIMTOH
 70
     1
  9
$DIMSE1
 70
     0
  9
$DIMSE2
 70
     0
  9
$DIMTAD
 70
     0
  9
$DIMZIN
 70
     0
  9
$DIMBLK
  1

  9
$DIMASO
 70
     1
  9
$DIMSHO
 70
     1
  9
$DIMPOST
  1

  9
$DIMAPOST
  1

  9
$DIMALT
 70
     0
  9
$DIMALTD
 70
     2
  9
$DIMALTF
 40
25.4
  9
$DIMLFAC
 40
1.0
  9
$DIMTOFL
 70
     0
  9
$DIMTVP
 40
0.0
  9
$DIMTIX
 70
     0
  9
$DIMSOXD
 70
     0
  9
$DIMSAH
 70
     0
  9
$DIMBLK1
  1

  9
$DIMBLK2
  1

  9
$DIMSTYLE
  2
Standard
  9
$DIMCLRD
 70
     0
  9
$DIMCLRE
 70
     0
  9
$DIMCLRT
 70
     0
  9
$DIMTFAC
 40
1.0
  9
$DIMGAP
 40
0.09
  9
$DIMJUST
 70
     0
  9
$DIMSD1
 70
     0
  9
$DIMSD2
 70
     0
  9
$DIMTOLJ
 70
     1
  9
$DIMTZIN
 70
     0
  9
$DIMALTZ
 70
     0
  9
$DIMALTTZ
 70
     0
  9
$DIMUPT
 70
     0
  9
$DIMDEC
 70
     4
  9
$DIMTDEC
 70
     4
  9
$DIMALTU
 70
     2
  9
$DIMALTTD
 70
     2
  9
$DIMTXSTY
  7
Standard
  9
$DIMAUNIT
 70
     0
  9
$DIMADEC
 70
     0
  9
$DIMALTRND
 40
0.0
  9
$DIMAZIN
 70
     0
  9
$DIMDSEP
 70
    46
  9
$DIMATFIT
 70
     3
  9
$DIMFRAC
 70
     0
  9
$DIMLDRBLK
  1

  9
$DIMLUNIT
 70
     2
  9
$DIMLWD
 70
    -2
  9
$DIMLWE
 70
    -2
  9
$DIMTMOVE
 70
     0
  9
$DIMFXL
 40
1.0
  9
$DIMFXLON
 70
     0
  9
$DIMJOGANG
 40
0.7853981633974483
  9
$DIMTFILL
 70
     0
  9
$DIMTFILLCLR
 70
     0
  9
$DIMARCSYM
 70
     0
  9
$DIMLTYPE
  6

  9
$DIMLTEX1
  6

  9
$DIMLTEX2
  6

  9
$DIMTXTDIRECTION
 70
     0
  9
$LUNITS
 70
     2
  9
$LUPREC
 70
     4
  9
$SKETCHINC
 40
0.1
  9
$FILLETRAD
 40
0.0
  9
$AUNITS
 70
     0
  9
$AUPREC
 70
     0
  9
$MENU
  1
.
  9
$ELEVATION
 40
0.0
  9
$PELEVATION
 40
0.0
  9
$THICKNESS
 40
0.0
  9
$LIMCHECK
 70
     0
  9
$CHAMFERA
 40
0.0
  9
$CHAMFERB
 40
0.0
  9
$CHAMFERC
 40
0.0
  9
$CHAMFERD
 40
0.0
  9
$SKPOLY
 70
     0
  9
$TDCREATE
 40
2461225.820208333
  9
$TDUCREATE
 40
2461225.820208333
  9
$TDUPDATE
 40
2461225.820208333
  9
$TDUUPDATE
 40
2461225.820208333
  9
$TDINDWG
 40
0.0000000000
  9
$TDUSRTIMER
 40
0.0000000000
  9
$USRTIMER
 70
     1
  9
$ANGBASE
 50
0.0
  9
$ANGDIR
 70
     0
  9
$PDMODE
 70
     0
  9
$PDSIZE
 40
0.0
  9
$PLINEWID
 40
0.0
  9
$SPLFRAME
 70
     0
  9
$SPLINETYPE
 70
     6
  9
$SPLINESEGS
 70
     8
  9
$HANDSEED
  5
CC
  9
$SURFTAB1
 70
     6
  9
$SURFTAB2
 70
     6
  9
$SURFTYPE
 70
     6
  9
$SURFU
 70
     6
  9
$SURFV
 70
     6
  9
$UCSBASE
  2

  9
$UCSNAME
  2

  9
$UCSORG
 10
0.0
 20
0.0
 30
0.0
  9
$UCSXDIR
 10
1.0
 20
0.0
 30
0.0
  9
$UCSYDIR
 10
0.0
 20
1.0
 30
0.0
  9
$UCSORTHOREF
  2

  9
$UCSORTHOVIEW
 70
     0
  9
$UCSORGTOP
 10
0.0
 20
0.0
 30
0.0
  9
$UCSORGBOTTOM
 10
0.0
 20
0.0
 30
0.0
  9
$UCSORGLEFT
 10
0.0
 20
0.0
 30
0.0
  9
$UCSORGRIGHT
 10
0.0
 20
0.0
 30
0.0
  9
$UCSORGFRONT
 10
0.0
 20
0.0
 30
0.0
  9
$UCSORGBACK
 10
0.0
 20
0.0
 30
0.0
  9
$PUCSBASE
  2

  9
$PUCSNAME
  2

  9
$PUCSORG
 10
0.0
 20
0.0
 30
0.0
  9
$PUCSXDIR
 10
1.0
 20
0.0
 30
0.0
  9
$PUCSYDIR
 10
0.0
 20
1.0
 30
0.0
  9
$PUCSORTHOREF
  2

  9
$PUCSORTHOVIEW
 70
     0
  9
$PUCSORGTOP
 10
0.0
 20
0.0
 30
0.0
  9
$PUCSORGBOTTOM
 10
0.0
 20
0.0
 30
0.0
  9
$PUCSORGLEFT
 10
0.0
 20
0.0
 30
0.0
  9
$PUCSORGRIGHT
 10
0.0
 20
0.0
 30
0.0
  9
$PUCSORGFRONT
 10
0.0
 20
0.0
 30
0.0
  9
$PUCSORGBACK
 10
0.0
 20
0.0
 30
0.0
  9
$USERI1
 70
     0
  9
$USERI2
 70
     0
  9
$USERI3
 70
     0
  9
$USERI4
 70
     0
  9
$USERI5
 70
     0
  9
$USERR1
 40
0.0
  9
$USERR2
 40
0.0
  9
$USERR3
 40
0.0
  9
$USERR4
 40
0.0
  9
$USERR5
 40
0.0
  9
$WORLDVIEW
 70
     1
  9
$SHADEDGE
 70
     3
  9
$SHADEDIF
 70
    70
  9
$TILEMODE
 70
     1
  9
$MAXACTVP
 70
    64
  9
$PINSBASE
 10
0.0
 20
0.0
 30
0.0
  9
$PLIMCHECK
 70
     0
  9
$PEXTMIN
 10
1.000000000000000E+20
 20
1.000000000000000E+20
 30
1.000000000000000E+20
  9
$PEXTMAX
 10
-1.000000000000000E+20
 20
-1.000000000000000E+20
 30
-1.000000000000000E+20
  9
$PLIMMIN
 10
0.0
 20
0.0
  9
$PLIMMAX
 10
12.0
 20
9.0
  9
$UNITMODE
 70
     0
  9
$VISRETAIN
 70
     1
  9
$PLINEGEN
 70
     0
  9
$PSLTSCALE
 70
     1
  9
$TREEDEPTH
 70
  3020
  9
$CMLSTYLE
  2
Standard
  9
$CMLJUST
 70
     0
  9
$CMLSCALE
 40
1.0
  9
$PROXYGRAPHICS
 70
     1
  9
$MEASUREMENT
 70
     0
  9
$CELWEIGHT
370
    -1
  9
$ENDCAPS
280
     0
  9
$JOINSTYLE
280
     0
  9
$LWDISPLAY
290
     0
  9
$INSUNITS
 70
     4
  9
$HYPERLINKBASE
  1

  9
$STYLESHEET
  1

  9
$XEDIT
290
     1
  9
$CEPSNTYPE
380
     0
  9
$PSTYLEMODE
290
     1
  9
$FINGERPRINTGUID
  2
{08BED560-F0C1-484B-95C1-0F294FFB966B}
  9
$VERSIONGUID
  2
{ADDD89F5-FC6D-7341-A6A9-289721738D10}
  9
$EXTNAMES
290
     1
  9
$PSVPSCALE
 40
0.0
  9
$OLESTARTUP
290
     0
  9
$SORTENTS
280
   127
  9
$INDEXCTL
280
     0
  9
$HIDETEXT
280
     1
  9
$XCLIPFRAME
280
     2
  9
$HALOGAP
280
     0
  9
$OBSCOLOR
 70
   257
  9
$OBSLTYPE
280
     0
  9
$INTERSECTIONDISPLAY
280
     0
  9
$INTERSECTIONCOLOR
 70
   257
  9
$DIMASSOC
280
     2
  9
$PROJECTNAME
  1

  9
$CAMERADISPLAY
290
     0
  9
$LENSLENGTH
 40
50.0
  9
$CAMERAHEIGHT
 40
0.0
  9
$STEPSPERSEC
 40
2.0
  9
$STEPSIZE
 40
6.0
  9
$3DDWFPREC
 40
2.0
  9
$PSOLWIDTH
 40
0.25
  9
$PSOLHEIGHT
 40
4.0
  9
$LOFTANG1
 40
1.570796326794896
  9
$LOFTANG2
 40
1.570796326794896
  9
$LOFTMAG1
 40
0.0
  9
$LOFTMAG2
 40
0.0
  9
$LOFTPARAM
 70
     7
  9
$LOFTNORMALS
280
     1
  9
$LATITUDE
 40
37.795
  9
$LONGITUDE
 40
-122.394
  9
$NORTHDIRECTION
 40
0.0
  9
$TIMEZONE
 70
 -8000
  9
$LIGHTGLYPHDISPLAY
280
     1
  9
$TILEMODELIGHTSYNCH
280
     1
  9
$CMATERIAL
347
11
  9
$SOLIDHIST
280
     0
  9
$SHOWHIST
280
     1
  9
$DWFFRAME
280
     2
  9
$DGNFRAME
280
     0
  9
$REALWORLDSCALE
290
     1
  9
$INTERFERECOLOR
 62
     1
  9
$INTERFEREOBJVS
345
33
  9
$INTERFEREVPVS
346
30
  9
$CSHADOW
280
     0
  9
$SHADOWPLANELOCATION
 40
0.0
  0
ENDSEC
  0
SECTION
  2
CLASSES
  0
CLASS
  1
ACDBDICTIONARYWDFLT
  2
AcDbDictionaryWithDefault
  3
ObjectDBX Classes
 90
        0
 91
        1
280
     0
281
     0
  0
CLASS
  1
MATERIAL
  2
AcDbMaterial
  3
ObjectDBX Classes
 90
     1153
 91
        4
280
     0
281
     0
  0
CLASS
  1
VISUALSTYLE
  2
AcDbVisualStyle
  3
ObjectDBX Classes
 90
     4095
 91
       24
280
     0
281
     0
  0
CLASS
  1
SCALE
  2
AcDbScale
  3
ObjectDBX Classes
 90
     1153
 91
       17
280
     0
281
     0
  0
CLASS
  1
TABLESTYLE
  2
AcDbTableStyle
  3
ObjectDBX Classes
 90
     4095
 91
        1
280
     0
281
     0
  0
CLASS
  1
MLEADERSTYLE
  2
AcDbMLeaderStyle
  3
ACDB_MLEADERSTYLE_CLASS
 90
     4095
 91
        1
280
     0
281
     0
  0
CLASS
  1
ACDBSECTIONVIEWSTYLE
  2
AcDbSectionViewStyle
  3
ObjectDBX Classes
 90
     1025
 91
        1
280
     0
281
     0
  0
CLASS
  1
ACDBDETAILVIEWSTYLE
  2
AcDbDetailViewStyle
  3
ObjectDBX Classes
 90
     1025
 91
        1
280
     0
281
     0
  0
CLASS
  1
SURFACE
  2
AcDbSurface
  3
ObjectDBX Classes
 90
     4095
 91
        3
280
     0
281
     1
  0
CLASS
  1
ACDBASSOCPERSSUBENTMANAGER
  2
AcDbAssocPersSubentManager
  3
ObjectDBX Classes
 90
     1024
 91
        1
280
     0
281
     0
  0
CLASS
  1
DICTIONARYVAR
  2
AcDbDictionaryVar
  3
ObjectDBX Classes
 90
        0
 91
        5
280
     0
281
     0
  0
CLASS
  1
CELLSTYLEMAP
  2
AcDbCellStyleMap
  3
ObjectDBX Classes
 90
     1152
 91
        1
280
     0
281
     0
  0
ENDSEC
  0
SECTION
  2
TABLES
  0
TABLE
  2
VPORT
  5
8
330
0
100
AcDbSymbolTable
 70
     1
1001
ACAD
1000
DbSaveVer
1071
      471
  0
VPORT
  5
57
330
8
100
AcDbSymbolTableRecord
100
AcDbViewportTableRecord
  2
*Active
 70
     0
 10
0.0
 20
0.0
 11
1.0
 21
1.0
 12
500.0
 22
500.0
 13
0.0
 23
0.0
 14
1.0
 24
1.0
 15
0.0
 25
0.0
 16
0.0
 26
0.0
 36
1.0
 17
0.0
 27
0.0
 37
0.0
 40
12.0
 41
1.0
 42
50.0
 43
0.0
 44
0.0
 50
0.0
 51
0.0
 71
     0
 72
   100
 73
     1
 74
     1
 75
     0
 76
     0
 77
     0
 78
     0
281
     0
 65
     1
110
0.0
120
0.0
130
0.0
111
1.0
121
0.0
131
0.0
112
0.0
122
1.0
132
0.0
 79
     0
146
0.0
 60
     3
 61
     5
292
     1
282
     1
141
0.0
142
0.0
 63
   250
421
  3355443
  0
ENDTAB
  0
TABLE
  2
LTYPE
  5
5
330
0
100
AcDbSymbolTable
 70
     1
  0
LTYPE
  5
5B
330
5
100
AcDbSymbolTableRecord
100
AcDbLinetypeTableRecord
  2
ByBlock
 70
     0
  3

 72
    65
 73
     0
 40
0.0
  0
LTYPE
  5
5C
330
5
100
AcDbSymbolTableRecord
100
AcDbLinetypeTableRecord
  2
ByLayer
 70
     0
  3

 72
    65
 73
     0
 40
0.0
  0
LTYPE
  5
5D
330
5
100
AcDbSymbolTableRecord
100
AcDbLinetypeTableRecord
  2
Continuous
 70
     0
  3
Solid line
 72
    65
 73
     0
 40
0.0
  0
ENDTAB
  0
TABLE
  2
LAYER
  5
2
330
0
100
AcDbSymbolTable
 70
     2
  0
LAYER
  5
54
330
2
100
AcDbSymbolTableRecord
100
AcDbLayerTableRecord
  2
0
 70
     0
 62
     7
  6
Continuous
370
    -3
390
F
347
21
348
0
  0
LAYER
  5
89
330
2
100
AcDbSymbolTableRecord
100
AcDbLayerTableRecord
  2
sheetmetalstool v2_sheetmetalbox2
 70
     0
 62
     7
  6
Continuous
370
    -3
390
F
347
21
348
0
1001
NFusion_SketchTransform
1000
1.000000;0.000000;0.000000;0.000000;0.000000;1.000000;0.000000;0.000000;0.000000;0.000000;1.000000;0.000000;0.000000;0.000000;0.000000;1.000000
  0
ENDTAB
  0
TABLE
  2
STYLE
  5
3
330
0
100
AcDbSymbolTable
 70
     2
  0
STYLE
  5
55
330
3
100
AcDbSymbolTableRecord
100
AcDbTextStyleTableRecord
  2
Standard
 70
     0
 40
0.0
 41
1.0
 50
0.0
 71
     0
 42
0.2
  3
txt
  4

  0
STYLE
  5
5A
330
3
100
AcDbSymbolTableRecord
100
AcDbTextStyleTableRecord
  2
Annotative
 70
     0
 40
0.0
 41
1.0
 50
0.0
 71
     0
 42
0.2
  3
txt
  4

1001
AcadAnnotative
1000
AnnotativeData
1002
{
1070
     1
1070
     1
1002
}
  0
ENDTAB
  0
TABLE
  2
VIEW
  5
6
330
0
100
AcDbSymbolTable
 70
     0
  0
ENDTAB
  0
TABLE
  2
UCS
  5
7
330
0
100
AcDbSymbolTable
 70
     0
  0
ENDTAB
  0
TABLE
  2
APPID
  5
9
330
0
100
AcDbSymbolTable
 70
     5
  0
APPID
  5
56
330
9
100
AcDbSymbolTableRecord
100
AcDbRegAppTableRecord
  2
ACAD
 70
     0
  0
APPID
  5
5E
330
9
100
AcDbSymbolTableRecord
100
AcDbRegAppTableRecord
  2
AcadAnnotative
 70
     0
  0
APPID
  5
78
330
9
100
AcDbSymbolTableRecord
100
AcDbRegAppTableRecord
  2
EDIT_IN_FUSION_ACAD_ADDIN
 70
     0
  0
APPID
  5
79
330
9
100
AcDbSymbolTableRecord
100
AcDbRegAppTableRecord
  2
NFusion_SketchTransform
 70
     0
  0
APPID
  5
86
330
9
100
AcDbSymbolTableRecord
100
AcDbRegAppTableRecord
  2
ACAD_STEPID
 70
     0
  0
ENDTAB
  0
TABLE
  2
DIMSTYLE
  5
A
330
0
100
AcDbSymbolTable
 70
     2
100
AcDbDimStyleTable
 71
     0
  0
DIMSTYLE
105
58
330
A
100
AcDbSymbolTableRecord
100
AcDbDimStyleTableRecord
  2
Standard
 70
     0
340
55
  0
DIMSTYLE
105
59
330
A
100
AcDbSymbolTableRecord
100
AcDbDimStyleTableRecord
  2
Annotative
 70
     0
340
55
1001
AcadAnnotative
1000
AnnotativeData
1002
{
1070
     1
1070
     1
1002
}
  0
ENDTAB
  0
TABLE
  2
BLOCK_RECORD
  5
1
330
0
100
AcDbSymbolTable
 70
     1
  0
BLOCK_RECORD
  5
70
330
1
100
AcDbSymbolTableRecord
100
AcDbBlockTableRecord
  2
*Model_Space
340
73
 70
     0
280
     1
281
     0
  0
BLOCK_RECORD
  5
6C
330
1
100
AcDbSymbolTableRecord
100
AcDbBlockTableRecord
  2
*Paper_Space
340
6F
 70
     0
280
     1
281
     0
  0
BLOCK_RECORD
  5
74
330
1
100
AcDbSymbolTableRecord
100
AcDbBlockTableRecord
  2
*Paper_Space0
340
77
 70
     0
280
     1
281
     0
  0
ENDTAB
  0
ENDSEC
  0
SECTION
  2
BLOCKS
  0
BLOCK
  5
71
330
70
100
AcDbEntity
  8
0
100
AcDbBlockBegin
  2
*Model_Space
 70
     0
 10
0.0
 20
0.0
 30
0.0
  3
*Model_Space
  1

  0
ENDBLK
  5
72
330
70
100
AcDbEntity
  8
0
100
AcDbBlockEnd
  0
BLOCK
  5
6D
330
6C
100
AcDbEntity
 67
     1
  8
0
100
AcDbBlockBegin
  2
*Paper_Space
 70
     0
 10
0.0
 20
0.0
 30
0.0
  3
*Paper_Space
  1

  0
ENDBLK
  5
6E
330
6C
100
AcDbEntity
 67
     1
  8
0
100
AcDbBlockEnd
  0
BLOCK
  5
75
330
74
100
AcDbEntity
 67
     1
  8
0
100
AcDbBlockBegin
  2
*Paper_Space0
 70
     0
 10
0.0
 20
0.0
 30
0.0
  3
*Paper_Space0
  1

  0
ENDBLK
  5
76
330
74
100
AcDbEntity
 67
     1
  8
0
100
AcDbBlockEnd
  0
ENDSEC
  0
SECTION
  2
ENTITIES
  0
SURFACE
  5
84
330
70
100
AcDbEntity
  8
0
347
7A
160
                 8
310
0800000000000000
100
AcDbModelerGeometry
290
     1
  2
{4672e56b-0349-1348-9aec-713b093bd243}
100
AcDbSurface
 71
     6
 72
     6
1001
ACAD_STEPID
1071
        1
  0
SURFACE
  5
87
330
70
100
AcDbEntity
  8
0
347
7A
160
                 8
310
0800000000000000
100
AcDbModelerGeometry
290
     1
  2
{9a1bbdbb-d13f-c74b-8166-82fcda40b407}
100
AcDbSurface
 71
     6
 72
     6
1001
ACAD_STEPID
1071
        2
  0
SURFACE
  5
88
330
70
100
AcDbEntity
  8
0
347
7A
160
                 8
310
0800000000000000
100
AcDbModelerGeometry
290
     1
  2
{f9316546-8de3-7949-843e-ea83888f7364}
100
AcDbSurface
 71
     6
 72
     6
1001
ACAD_STEPID
1071
        3
  0
POINT
  5
8A
330
70
100
AcDbEntity
  8
sheetmetalstool v2_sheetmetalbox2
100
AcDbPoint
 10
0.0
 20
0.0
 30
0.0
  0
LINE
  5
8B
330
70
100
AcDbEntity
  8
sheetmetalstool v2_sheetmetalbox2
100
AcDbLine
 10
448.239825268619
 20
-304.623611111111
 30
0.0
 11
600.639825268619
 21
-304.623611111111
 31
0.0
  0
LINE
  5
8C
330
70
100
AcDbEntity
  8
sheetmetalstool v2_sheetmetalbox2
100
AcDbLine
 10
448.239825268619
 20
-203.3763888888889
 30
0.0
 11
600.639825268619
 21
-203.3763888888889
 31
0.0
  0
LINE
  5
8D
330
70
100
AcDbEntity
  8
sheetmetalstool v2_sheetmetalbox2
100
AcDbLine
 10
448.239825268619
 20
-203.3763888888889
 30
0.0
 11
448.239825268619
 21
-304.623611111111
 31
0.0
  0
LINE
  5
8E
330
70
100
AcDbEntity
  8
sheetmetalstool v2_sheetmetalbox2
100
AcDbLine
 10
178.5963523134606
 20
-152.5763888888888
 30
0.0
 11
178.5963523134606
 21
-101.8167900516193
 31
0.0
  0
LINE
  5
8F
330
70
100
AcDbEntity
  8
sheetmetalstool v2_sheetmetalbox2
100
AcDbLine
 10
178.5963523134606
 20
-355.423611111111
 30
0.0
 11
178.5963523134606
 21
-406.18320994838
 31
0.0
  0
LINE
  5
90
330
70
100
AcDbEntity
  8
sheetmetalstool v2_sheetmetalbox2
100
AcDbLine
 10
8.960174731380639
 20
-304.623611111111
 30
0.0
 11
161.3601747313806
 21
-304.623611111111
 31
0.0
  0
LINE
  5
91
330
70
100
AcDbEntity
  8
sheetmetalstool v2_sheetmetalbox2
100
AcDbLine
 10
431.0036476865389
 20
-355.423611111111
 30
0.0
 11
406.223611111111
 21
-355.423611111111
 31
0.0
  0
LINE
  5
92
330
70
100
AcDbEntity
  8
sheetmetalstool v2_sheetmetalbox2
100
AcDbLine
 10
178.5963523134606
 20
-355.423611111111
 30
0.0
 11
203.3763888888889
 21
-355.423611111111
 31
0.0
  0
LINE
  5
93
330
70
100
AcDbEntity
  8
sheetmetalstool v2_sheetmetalbox2
100
AcDbLine
 10
600.639825268619
 20
-101.8167900516196
 30
0.0
 11
431.0036476865389
 21
-101.8167900516196
 31
0.0
  0
LINE
  5
94
330
70
100
AcDbEntity
  8
sheetmetalstool v2_sheetmetalbox2
100
AcDbLine
 10
178.5963523134606
 20
-406.18320994838
 30
0.0
 11
8.960174731380647
 21
-406.18320994838
 31
0.0
  0
LINE
  5
95
330
70
100
AcDbEntity
  8
sheetmetalstool v2_sheetmetalbox2
100
AcDbLine
 10
161.3601747313806
 20
-203.3763888888889
 30
0.0
 11
161.3601747313806
 21
-304.623611111111
 31
0.0
  0
LINE
  5
96
330
70
100
AcDbEntity
  8
sheetmetalstool v2_sheetmetalbox2
100
AcDbLine
 10
8.960174731380639
 20
-203.3763888888889
 30
0.0
 11
161.3601747313806
 21
-203.3763888888889
 31
0.0
  0
LINE
  5
97
330
70
100
AcDbEntity
  8
sheetmetalstool v2_sheetmetalbox2
100
AcDbLine
 10
178.5963523134606
 20
-152.5763888888888
 30
0.0
 11
203.3763888888889
 21
-152.5763888888888
 31
0.0
  0
LINE
  5
98
330
70
100
AcDbEntity
  8
sheetmetalstool v2_sheetmetalbox2
100
AcDbLine
 10
431.0036476865389
 20
-152.5763888888892
 30
0.0
 11
406.223611111111
 21
-152.5763888888888
 31
0.0
  0
LINE
  5
99
330
70
100
AcDbEntity
  8
sheetmetalstool v2_sheetmetalbox2
100
AcDbLine
 10
431.0036476865389
 20
-355.423611111111
 30
0.0
 11
431.0036476865389
 21
-406.18320994838
 31
0.0
  0
LINE
  5
9A
330
70
100
AcDbEntity
  8
sheetmetalstool v2_sheetmetalbox2
100
AcDbLine
 10
178.5963523134606
 20
-101.8167900516192
 30
0.0
 11
8.960174731380647
 21
-101.8167900516192
 31
0.0
  0
LINE
  5
9B
330
70
100
AcDbEntity
  8
sheetmetalstool v2_sheetmetalbox2
100
AcDbLine
 10
600.639825268619
 20
-406.18320994838
 30
0.0
 11
431.0036476865389
 21
-406.18320994838
 31
0.0
  0
LINE
  5
9C
330
70
100
AcDbEntity
  8
sheetmetalstool v2_sheetmetalbox2
100
AcDbLine
 10
431.0036476865389
 20
-152.5763888888892
 30
0.0
 11
431.0036476865389
 21
-101.8167900516196
 31
0.0
  0
LINE
  5
9D
330
70
100
AcDbEntity
  8
sheetmetalstool v2_sheetmetalbox2
100
AcDbLine
 10
406.223611111111
 20
-152.5763888888888
 30
0.0
 11
406.223611111111
 21
-89.1374961596338
 31
0.0
  0
LINE
  5
9E
330
70
100
AcDbEntity
  8
sheetmetalstool v2_sheetmetalbox2
100
AcDbLine
 10
8.960174731380639
 20
-304.623611111111
 30
0.0
 11
1.162616037961043
 21
-304.623611111111
 31
0.0
  0
LINE
  5
9F
330
70
100
AcDbEntity
  8
sheetmetalstool v2_sheetmetalbox2
100
AcDbLine
 10
1.162616037961043
 20
-304.623611111111
 30
0.0
 11
1.162616037961043
 21
-352.1251980349534
 31
0.0
  0
LINE
  5
A0
330
70
100
AcDbEntity
  8
sheetmetalstool v2_sheetmetalbox2
100
AcDbLine
 10
1.162616037961043
 20
-406.18320994838
 30
0.0
 11
1.162616037961043
 21
-358.6816230245376
 31
0.0
  0
LINE
  5
A1
330
70
100
AcDbEntity
  8
sheetmetalstool v2_sheetmetalbox2
100
AcDbLine
 10
8.960174731380639
 20
-352.1251980349534
 30
0.0
 11
8.960174731380639
 21
-358.6816230245377
 31
0.0
  0
LINE
  5
A2
330
70
100
AcDbEntity
  8
sheetmetalstool v2_sheetmetalbox2
100
AcDbLine
 10
8.960174731380639
 20
-101.8167900516192
 30
0.0
 11
1.162616037961043
 21
-101.7965894702544
 31
0.0
  0
LINE
  5
A3
330
70
100
AcDbEntity
  8
sheetmetalstool v2_sheetmetalbox2
100
AcDbLine
 10
8.960174731380639
 20
-406.18320994838
 30
0.0
 11
1.162616037961043
 21
-406.18320994838
 31
0.0
  0
LINE
  5
A4
330
70
100
AcDbEntity
  8
sheetmetalstool v2_sheetmetalbox2
100
AcDbLine
 10
203.3763888888889
 20
-89.13749615963414
 30
0.0
 11
406.223611111111
 21
-89.1374961596338
 31
0.0
  0
LINE
  5
A5
330
70
100
AcDbEntity
  8
sheetmetalstool v2_sheetmetalbox2
100
AcDbLine
 10
203.3763888888889
 20
-152.5763888888888
 30
0.0
 11
203.3763888888889
 21
-89.13749615963416
 31
0.0
  0
LINE
  5
A6
330
70
100
AcDbEntity
  8
sheetmetalstool v2_sheetmetalbox2
100
AcDbLine
 10
203.3763888888889
 20
-355.423611111111
 30
0.0
 11
203.3763888888889
 21
-418.8625038403657
 31
0.0
  0
LINE
  5
A7
330
70
100
AcDbEntity
  8
sheetmetalstool v2_sheetmetalbox2
100
AcDbLine
 10
8.960174731380639
 20
-352.1251980349534
 30
0.0
 11
1.162616037961043
 21
-352.1251980349534
 31
0.0
  0
LINE
  5
A8
330
70
100
AcDbEntity
  8
sheetmetalstool v2_sheetmetalbox2
100
AcDbLine
 10
8.960174731380639
 20
-358.6816230245376
 30
0.0
 11
1.162616037961043
 21
-358.6816230245376
 31
0.0
  0
LINE
  5
A9
330
70
100
AcDbEntity
  8
sheetmetalstool v2_sheetmetalbox2
100
AcDbLine
 10
8.960174731380639
 20
-149.2981763940967
 30
0.0
 11
1.162616037961043
 21
-149.2981763940967
 31
0.0
  0
LINE
  5
AA
330
70
100
AcDbEntity
  8
sheetmetalstool v2_sheetmetalbox2
100
AcDbLine
 10
1.162616037961043
 20
-101.7965894702544
 30
0.0
 11
1.162616037961043
 21
-149.2981763940967
 31
0.0
  0
LINE
  5
AB
330
70
100
AcDbEntity
  8
sheetmetalstool v2_sheetmetalbox2
100
AcDbLine
 10
406.223611111111
 20
-355.423611111111
 30
0.0
 11
406.223611111111
 21
-418.8625038403657
 31
0.0
  0
LINE
  5
AC
330
70
100
AcDbEntity
  8
sheetmetalstool v2_sheetmetalbox2
100
AcDbLine
 10
203.3763888888889
 20
-418.8625038403657
 30
0.0
 11
406.223611111111
 21
-418.8625038403657
 31
0.0
  0
LINE
  5
AD
330
70
100
AcDbEntity
  8
sheetmetalstool v2_sheetmetalbox2
100
AcDbLine
 10
608.4373839665992
 20
-101.7965894702544
 30
0.0
 11
608.4373839644661
 21
-149.2981763940967
 31
0.0
  0
LINE
  5
AE
330
70
100
AcDbEntity
  8
sheetmetalstool v2_sheetmetalbox2
100
AcDbLine
 10
600.6358087840527
 20
-203.3763888888889
 30
0.0
 11
608.4373839620393
 21
-203.3561883075237
 31
0.0
  0
LINE
  5
AF
330
70
100
AcDbEntity
  8
sheetmetalstool v2_sheetmetalbox2
100
AcDbLine
 10
608.4373839620393
 20
-203.3561883075237
 30
0.0
 11
608.437383964172
 21
-155.854601383681
 31
0.0
  0
LINE
  5
B0
330
70
100
AcDbEntity
  8
sheetmetalstool v2_sheetmetalbox2
100
AcDbLine
 10
600.6191045355103
 20
-304.6236051130706
 30
0.0
 11
608.4373839599585
 21
-304.6438176118265
 31
0.0
  0
LINE
  5
B1
330
70
100
AcDbEntity
  8
sheetmetalstool v2_sheetmetalbox2
100
AcDbLine
 10
600.6398252710461
 20
-352.1453986161442
 30
0.0
 11
608.4373839569731
 21
-352.1453986164939
 31
0.0
  0
LINE
  5
B2
330
70
100
AcDbEntity
  8
sheetmetalstool v2_sheetmetalbox2
100
AcDbLine
 10
8.960174731380639
 20
-155.854601383681
 30
0.0
 11
1.162616037961043
 21
-155.854601383681
 31
0.0
  0
LINE
  5
B3
330
70
100
AcDbEntity
  8
sheetmetalstool v2_sheetmetalbox2
100
AcDbLine
 10
600.6398252707519
 20
-155.854601383331
 30
0.0
 11
608.437383964172
 21
-155.854601383681
 31
0.0
  0
LINE
  5
B4
330
70
100
AcDbEntity
  8
sheetmetalstool v2_sheetmetalbox2
100
AcDbLine
 10
600.6398252710461
 20
-149.2981763937466
 30
0.0
 11
600.6398252707521
 21
-155.854601383331
 31
0.0
  0
LINE
  5
B5
330
70
100
AcDbEntity
  8
sheetmetalstool v2_sheetmetalbox2
100
AcDbLine
 10
608.4373839599585
 20
-304.6438176118265
 30
0.0
 11
608.4373839569731
 21
-352.1453986164939
 31
0.0
  0
LINE
  5
B6
330
70
100
AcDbEntity
  8
sheetmetalstool v2_sheetmetalbox2
100
AcDbLine
 10
600.639825268619
 20
-406.18320994838
 30
0.0
 11
608.4373839620393
 21
-406.2034105299207
 31
0.0
  0
LINE
  5
B7
330
70
100
AcDbEntity
  8
sheetmetalstool v2_sheetmetalbox2
100
AcDbLine
 10
600.6398252707519
 20
-358.7018236057287
 30
0.0
 11
608.437383964172
 21
-358.7018236060786
 31
0.0
  0
LINE
  5
B8
330
70
100
AcDbEntity
  8
sheetmetalstool v2_sheetmetalbox2
100
AcDbLine
 10
1.162616037961043
 20
-203.3561883075234
 30
0.0
 11
1.162616037961043
 21
-155.854601383681
 31
0.0
  0
LINE
  5
B9
330
70
100
AcDbEntity
  8
sheetmetalstool v2_sheetmetalbox2
100
AcDbLine
 10
9.053430431329729
 20
-203.3763888888889
 30
0.0
 11
1.162616037961043
 21
-203.3561883075234
 31
0.0
  0
LINE
  5
BA
330
70
100
AcDbEntity
  8
sheetmetalstool v2_sheetmetalbox2
100
AcDbLine
 10
8.960174731380639
 20
-149.2981763940967
 30
0.0
 11
8.960174731380639
 21
-155.854601383681
 31
0.0
  0
LINE
  5
BB
330
70
100
AcDbEntity
  8
sheetmetalstool v2_sheetmetalbox2
100
AcDbLine
 10
600.639825268619
 20
-101.8167900516196
 30
0.0
 11
608.4373839665992
 21
-101.7965894702544
 31
0.0
  0
LINE
  5
BC
330
70
100
AcDbEntity
  8
sheetmetalstool v2_sheetmetalbox2
100
AcDbLine
 10
600.6398252710461
 20
-149.2981763937466
 30
0.0
 11
608.4373839644661
 21
-149.2981763940967
 31
0.0
  0
LINE
  5
BD
330
70
100
AcDbEntity
  8
sheetmetalstool v2_sheetmetalbox2
100
AcDbLine
 10
608.4373839620393
 20
-406.2034105299207
 30
0.0
 11
608.437383964172
 21
-358.7018236060786
 31
0.0
  0
LINE
  5
BE
330
70
100
AcDbEntity
  8
sheetmetalstool v2_sheetmetalbox2
100
AcDbLine
 10
600.6398252710461
 20
-352.1453986161442
 30
0.0
 11
600.6398252707521
 21
-358.7018236057287
 31
0.0
  0
ENDSEC
  0
SECTION
  2
OBJECTS
  0
DICTIONARY
  5
C
330
0
100
AcDbDictionary
281
     1
  3
ACAD_ASSOCPERSSUBENTMANAGER
350
85
  3
ACAD_COLOR
350
63
  3
ACAD_DETAILVIEWSTYLE
350
6A
  3
ACAD_GROUP
350
D
  3
ACAD_LAYOUT
350
62
  3
ACAD_MATERIAL
350
10
  3
ACAD_MLEADERSTYLE
350
66
  3
ACAD_MLINESTYLE
350
5F
  3
ACAD_PLOTSETTINGS
350
61
  3
ACAD_PLOTSTYLENAME
350
E
  3
ACAD_SCALELIST
350
42
  3
ACAD_SECTIONVIEWSTYLE
350
68
  3
ACAD_TABLESTYLE
350
64
  3
ACAD_VISUALSTYLE
350
29
  3
ACDB_RECOMPOSE_DATA
350
C7
  3
AcDbVariableDictionary
350
BF
  0
ACDBASSOCPERSSUBENTMANAGER
  5
85
102
{ACAD_REACTORS
330
C
102
}
330
C
100
AcDbAssocPersSubentManager
 90
        2
 90
        3
 90
        0
 90
        2
 90
        3
 90
        0
 90
        3
 90
        1
 90
        2
 90
        3
 90
        0
 90
        0
290
     0
  0
DICTIONARY
  5
63
102
{ACAD_REACTORS
330
C
102
}
330
C
100
AcDbDictionary
281
     1
  0
DICTIONARY
  5
6A
102
{ACAD_REACTORS
330
C
102
}
330
C
100
AcDbDictionary
281
     1
  3
Imperial24
350
6B
  0
DICTIONARY
  5
D
102
{ACAD_REACTORS
330
C
102
}
330
C
100
AcDbDictionary
281
     1
  0
DICTIONARY
  5
62
102
{ACAD_REACTORS
330
C
102
}
330
C
100
AcDbDictionary
281
     1
  3
Layout1
350
6F
  3
Layout2
350
77
  3
Model
350
73
  0
DICTIONARY
  5
10
102
{ACAD_REACTORS
330
C
102
}
330
C
100
AcDbDictionary
281
     1
  3
ByBlock
350
19
  3
ByLayer
350
11
  3
Global
350
21
  3
Steel - Satin
350
7A
  0
DICTIONARY
  5
66
102
{ACAD_REACTORS
330
C
102
}
330
C
100
AcDbDictionary
281
     1
  3
Standard
350
67
  0
DICTIONARY
  5
5F
102
{ACAD_REACTORS
330
C
102
}
330
C
100
AcDbDictionary
281
     1
  3
Standard
350
60
  0
DICTIONARY
  5
61
102
{ACAD_REACTORS
330
C
102
}
330
C
100
AcDbDictionary
281
     1
  0
ACDBDICTIONARYWDFLT
  5
E
102
{ACAD_REACTORS
330
C
102
}
330
C
100
AcDbDictionary
281
     1
  3
Normal
350
F
100
AcDbDictionaryWithDefault
340
F
  0
DICTIONARY
  5
42
102
{ACAD_REACTORS
330
C
102
}
330
C
100
AcDbDictionary
281
     1
  3
A0
350
43
  3
A1
350
44
  3
A2
350
45
  3
A3
350
46
  3
A4
350
47
  3
A5
350
48
  3
A6
350
49
  3
A7
350
4A
  3
A8
350
4B
  3
A9
350
4C
  3
B0
350
4D
  3
B1
350
4E
  3
B2
350
4F
  3
B3
350
50
  3
B4
350
51
  3
B5
350
52
  3
B6
350
53
  0
DICTIONARY
  5
68
102
{ACAD_REACTORS
330
C
102
}
330
C
100
AcDbDictionary
281
     1
  3
Imperial24
350
69
  0
DICTIONARY
  5
64
102
{ACAD_REACTORS
330
C
102
}
330
C
100
AcDbDictionary
281
     1
  3
Standard
350
65
  0
DICTIONARY
  5
29
102
{ACAD_REACTORS
330
C
102
}
330
C
100
AcDbDictionary
281
     1
  3
2dWireframe
350
2F
  3
Basic
350
2E
  3
Brighten
350
35
  3
ColorChange
350
39
  3
Conceptual
350
32
  3
Dim
350
34
  3
EdgeColorOff
350
41
  3
Facepattern
350
38
  3
Flat
350
2A
  3
FlatWithEdges
350
2B
  3
Gouraud
350
2C
  3
GouraudWithEdges
350
2D
  3
Hidden
350
31
  3
JitterOff
350
3F
  3
Linepattern
350
37
  3
OverhangOff
350
40
  3
Realistic
350
33
  3
Shaded
350
3E
  3
Shaded with edges
350
3D
  3
Shades of Gray
350
3A
  3
Sketchy
350
3B
  3
Thicken
350
36
  3
Wireframe
350
30
  3
X-Ray
350
3C
  0
XRECORD
  5
C7
102
{ACAD_REACTORS
330
C
102
}
330
C
100
AcDbXrecord
280
     1
 90
        1
330
65
  0
DICTIONARY
  5
BF
102
{ACAD_REACTORS
330
C
102
}
330
C
100
AcDbDictionary
281
     1
  3
CANNOSCALE
350
C4
  3
CMLEADERSTYLE
350
C1
  3
CTABLESTYLE
350
C0
  3
CVIEWDETAILSTYLE
350
C2
  3
CVIEWSECTIONSTYLE
350
C3
  0
ACDBDETAILVIEWSTYLE
  5
6B
102
{ACAD_XDICTIONARY
360
CA
102
}
102
{ACAD_REACTORS
330
6A
102
}
330
6A
100
AcDbModelDocViewStyle
 70
     0
  3
Imperial24
290
     0
100
AcDbDetailViewStyle
 70
     0
 71
     0
 90
        3
 71
     1
340
55
 62
   256
 40
0.24
340
0
 62
   256
 40
0.24
300

 40
0.36
280
     3
 71
     2
340
5D
 90
       25
 62
   256
 71
     3
340
55
 62
   256
 40
0.24
 90
        1
 40
0.75
 90
        1
300
%<\AcVar ViewType \f "%tc1">% %<\AcVar ViewDetailId>%\PSCALE %<\AcVar ViewScale \f "%sn">%
 71
     4
340
5D
 90
       25
 62
   256
340
5D
 90
       25
 62
   256
280
     0
  0
LAYOUT
  5
6F
102
{ACAD_REACTORS
330
62
102
}
330
62
100
AcDbPlotSettings
  1

  2

  4

  6

 40
0.0
 41
0.0
 42
0.0
 43
0.0
 44
0.0
 45
0.0
 46
0.0
 47
0.0
 48
0.0
 49
0.0
140
0.0
141
0.0
142
1.0
143
1.0
 70
   688
 72
     0
 73
     0
 74
     5
  7

 75
    16
147
1.0
 76
     0
 77
     2
 78
   300
148
0.0
149
0.0
100
AcDbLayout
  1
Layout1
 70
     1
 71
     1
 10
0.0
 20
0.0
 11
12.0
 21
9.0
 12
0.0
 22
0.0
 32
0.0
 14
0.0
 24
0.0
 34
0.0
 15
0.0
 25
0.0
 35
0.0
146
0.0
 13
0.0
 23
0.0
 33
0.0
 16
1.0
 26
0.0
 36
0.0
 17
0.0
 27
1.0
 37
0.0
 76
     0
330
6C
  0
LAYOUT
  5
77
102
{ACAD_REACTORS
330
62
102
}
330
62
100
AcDbPlotSettings
  1

  2

  4

  6

 40
0.0
 41
0.0
 42
0.0
 43
0.0
 44
0.0
 45
0.0
 46
0.0
 47
0.0
 48
0.0
 49
0.0
140
0.0
141
0.0
142
1.0
143
1.0
 70
   688
 72
     0
 73
     0
 74
     5
  7

 75
    16
147
1.0
 76
     0
 77
     2
 78
   300
148
0.0
149
0.0
100
AcDbLayout
  1
Layout2
 70
     1
 71
     2
 10
0.0
 20
0.0
 11
12.0
 21
9.0
 12
0.0
 22
0.0
 32
0.0
 14
0.0
 24
0.0
 34
0.0
 15
0.0
 25
0.0
 35
0.0
146
0.0
 13
0.0
 23
0.0
 33
0.0
 16
1.0
 26
0.0
 36
0.0
 17
0.0
 27
1.0
 37
0.0
 76
     0
330
74
  0
LAYOUT
  5
73
102
{ACAD_REACTORS
330
62
102
}
330
62
100
AcDbPlotSettings
  1

  2

  4

  6

 40
0.0
 41
0.0
 42
0.0
 43
0.0
 44
0.0
 45
0.0
 46
0.0
 47
0.0
 48
0.0
 49
0.0
140
0.0
141
0.0
142
1.0
143
1.0
 70
  1712
 72
     0
 73
     0
 74
     0
  7

 75
     0
147
1.0
 76
     0
 77
     2
 78
   300
148
0.0
149
0.0
100
AcDbLayout
  1
Model
 70
     1
 71
     0
 10
0.0
 20
0.0
 11
12.0
 21
9.0
 12
0.0
 22
0.0
 32
0.0
 14
0.0
 24
0.0
 34
0.0
 15
0.0
 25
0.0
 35
0.0
146
0.0
 13
0.0
 23
0.0
 33
0.0
 16
1.0
 26
0.0
 36
0.0
 17
0.0
 27
1.0
 37
0.0
 76
     0
330
70
  0
MATERIAL
  5
19
102
{ACAD_XDICTIONARY
360
1A
102
}
102
{ACAD_REACTORS
330
10
102
}
330
10
100
AcDbMaterial
  1
ByBlock
 72
     0
 43
0.0208333333333333
 43
0.0
 43
0.0
 43
0.0
 43
0.0
 43
0.0208333333333333
 43
0.0
 43
0.0
 43
0.0
 43
0.0
 43
1.0
 43
0.0
 43
0.0
 43
0.0
 43
0.0
 43
1.0
 77
     0
 47
0.0208333333333333
 47
0.0
 47
0.0
 47
0.0
 47
0.0
 47
0.0208333333333333
 47
0.0
 47
0.0
 47
0.0
 47
0.0
 47
1.0
 47
0.0
 47
0.0
 47
0.0
 47
0.0
 47
1.0
171
     0
 49
0.0208333333333333
 49
0.0
 49
0.0
 49
0.0
 49
0.0
 49
0.0208333333333333
 49
0.0
 49
0.0
 49
0.0
 49
0.0
 49
1.0
 49
0.0
 49
0.0
 49
0.0
 49
0.0
 49
1.0
175
     0
142
0.0208333333333333
142
0.0
142
0.0
142
0.0
142
0.0
142
0.0208333333333333
142
0.0
142
0.0
142
0.0
142
0.0
142
1.0
142
0.0
142
0.0
142
0.0
142
0.0
142
1.0
179
     0
144
0.0208333333333333
144
0.0
144
0.0
144
0.0
144
0.0
144
0.0208333333333333
144
0.0
144
0.0
144
0.0
144
0.0
144
1.0
144
0.0
144
0.0
144
0.0
144
0.0
144
1.0
147
0.0208333333333333
147
0.0
147
0.0
147
0.0
147
0.0
147
0.0208333333333333
147
0.0
147
0.0
147
0.0
147
0.0
147
1.0
147
0.0
147
0.0
147
0.0
147
0.0
147
1.0
  0
MATERIAL
  5
11
102
{ACAD_XDICTIONARY
360
12
102
}
102
{ACAD_REACTORS
330
10
102
}
330
10
100
AcDbMaterial
  1
ByLayer
 72
     0
 43
0.0208333333333333
 43
0.0
 43
0.0
 43
0.0
 43
0.0
 43
0.0208333333333333
 43
0.0
 43
0.0
 43
0.0
 43
0.0
 43
1.0
 43
0.0
 43
0.0
 43
0.0
 43
0.0
 43
1.0
 77
     0
 47
0.0208333333333333
 47
0.0
 47
0.0
 47
0.0
 47
0.0
 47
0.0208333333333333
 47
0.0
 47
0.0
 47
0.0
 47
0.0
 47
1.0
 47
0.0
 47
0.0
 47
0.0
 47
0.0
 47
1.0
171
     0
 49
0.0208333333333333
 49
0.0
 49
0.0
 49
0.0
 49
0.0
 49
0.0208333333333333
 49
0.0
 49
0.0
 49
0.0
 49
0.0
 49
1.0
 49
0.0
 49
0.0
 49
0.0
 49
0.0
 49
1.0
175
     0
142
0.0208333333333333
142
0.0
142
0.0
142
0.0
142
0.0
142
0.0208333333333333
142
0.0
142
0.0
142
0.0
142
0.0
142
1.0
142
0.0
142
0.0
142
0.0
142
0.0
142
1.0
179
     0
144
0.0208333333333333
144
0.0
144
0.0
144
0.0
144
0.0
144
0.0208333333333333
144
0.0
144
0.0
144
0.0
144
0.0
144
1.0
144
0.0
144
0.0
144
0.0
144
0.0
144
1.0
147
0.0208333333333333
147
0.0
147
0.0
147
0.0
147
0.0
147
0.0208333333333333
147
0.0
147
0.0
147
0.0
147
0.0
147
1.0
147
0.0
147
0.0
147
0.0
147
0.0
147
1.0
  0
MATERIAL
  5
21
102
{ACAD_XDICTIONARY
360
22
102
}
102
{ACAD_REACTORS
330
10
102
}
330
10
100
AcDbMaterial
  1
Global
 72
     0
 43
0.0208333333333333
 43
0.0
 43
0.0
 43
0.0
 43
0.0
 43
0.0208333333333333
 43
0.0
 43
0.0
 43
0.0
 43
0.0
 43
1.0
 43
0.0
 43
0.0
 43
0.0
 43
0.0
 43
1.0
 77
     0
 47
0.0208333333333333
 47
0.0
 47
0.0
 47
0.0
 47
0.0
 47
0.0208333333333333
 47
0.0
 47
0.0
 47
0.0
 47
0.0
 47
1.0
 47
0.0
 47
0.0
 47
0.0
 47
0.0
 47
1.0
171
     0
 49
0.0208333333333333
 49
0.0
 49
0.0
 49
0.0
 49
0.0
 49
0.0208333333333333
 49
0.0
 49
0.0
 49
0.0
 49
0.0
 49
1.0
 49
0.0
 49
0.0
 49
0.0
 49
0.0
 49
1.0
175
     0
142
0.0208333333333333
142
0.0
142
0.0
142
0.0
142
0.0
142
0.0208333333333333
142
0.0
142
0.0
142
0.0
142
0.0
142
1.0
142
0.0
142
0.0
142
0.0
142
0.0
142
1.0
179
     0
144
0.0208333333333333
144
0.0
144
0.0
144
0.0
144
0.0
144
0.0208333333333333
144
0.0
144
0.0
144
0.0
144
0.0
144
1.0
144
0.0
144
0.0
144
0.0
144
0.0
144
1.0
147
0.0208333333333333
147
0.0
147
0.0
147
0.0
147
0.0
147
0.0208333333333333
147
0.0
147
0.0
147
0.0
147
0.0
147
1.0
147
0.0
147
0.0
147
0.0
147
0.0
147
1.0
  0
MATERIAL
  5
7A
102
{ACAD_XDICTIONARY
360
7B
102
}
102
{ACAD_REACTORS
330
10
102
}
330
10
100
AcDbMaterial
  1
Steel - Satin
 70
     1
 90
-1029726305
 71
     1
 91
-1029726305
 42
0.0
 72
     0
 44
0.7015873193740845
 76
     1
 92
-1029726305
 77
     0
171
     0
175
     0
143
0.5149999856948853
179
     0
145
1.399999976158142
148
0.5
468
0.6262096762657166
 93
        1
 94
        0
1001
ACAD
1070
    -1
1070
     3
1070
     0
1000

1071
        0
1070
     0
  0
MLEADERSTYLE
  5
67
102
{ACAD_REACTORS
330
66
102
}
330
66
100
AcDbMLeaderStyle
179
     2
170
     2
171
     1
172
     0
 90
        2
 40
0.0
 41
0.0
173
     1
 91
-1056964608
340
5B
 92
       -2
290
     1
 42
0.09
291
     1
 43
0.36
  3
Standard
 44
0.18
300

342
55
174
     1
178
     6
175
     1
176
     0
 93
-1056964608
 45
0.18
292
     0
297
     0
 46
0.18
 94
-1056964608
 47
1.0
 49
1.0
140
1.0
293
     1
141
0.0
294
     1
177
     0
142
1.0
295
     0
296
     0
143
0.125
271
     0
272
     9
273
     9
298
     1
  0
MLINESTYLE
  5
60
102
{ACAD_REACTORS
330
5F
102
}
330
5F
100
AcDbMlineStyle
  2
STANDARD
 70
     0
  3

 62
   256
 51
90.0
 52
90.0
 71
     2
 49
0.5
 62
   256
  6
BYLAYER
 49
-0.5
 62
   256
  6
BYLAYER
  0
ACDBPLACEHOLDER
  5
F
102
{ACAD_REACTORS
330
E
102
}
330
E
  0
SCALE
  5
43
102
{ACAD_REACTORS
330
42
102
}
330
42
100
AcDbScale
 70
     0
300
1:1
140
1.0
141
1.0
290
     1
  0
SCALE
  5
44
102
{ACAD_REACTORS
330
42
102
}
330
42
100
AcDbScale
 70
     0
300
1/128" = 1'-0"
140
0.0078125
141
12.0
290
     0
  0
SCALE
  5
45
102
{ACAD_REACTORS
330
42
102
}
330
42
100
AcDbScale
 70
     0
300
1/64" = 1'-0"
140
0.015625
141
12.0
290
     0
  0
SCALE
  5
46
102
{ACAD_REACTORS
330
42
102
}
330
42
100
AcDbScale
 70
     0
300
1/32" = 1'-0"
140
0.03125
141
12.0
290
     0
  0
SCALE
  5
47
102
{ACAD_REACTORS
330
42
102
}
330
42
100
AcDbScale
 70
     0
300
1/16" = 1'-0"
140
0.0625
141
12.0
290
     0
  0
SCALE
  5
48
102
{ACAD_REACTORS
330
42
102
}
330
42
100
AcDbScale
 70
     0
300
3/32" = 1'-0"
140
0.09375
141
12.0
290
     0
  0
SCALE
  5
49
102
{ACAD_REACTORS
330
42
102
}
330
42
100
AcDbScale
 70
     0
300
1/8" = 1'-0"
140
0.125
141
12.0
290
     0
  0
SCALE
  5
4A
102
{ACAD_REACTORS
330
42
102
}
330
42
100
AcDbScale
 70
     0
300
3/16" = 1'-0"
140
0.1875
141
12.0
290
     0
  0
SCALE
  5
4B
102
{ACAD_REACTORS
330
42
102
}
330
42
100
AcDbScale
 70
     0
300
1/4" = 1'-0"
140
0.25
141
12.0
290
     0
  0
SCALE
  5
4C
102
{ACAD_REACTORS
330
42
102
}
330
42
100
AcDbScale
 70
     0
300
3/8" = 1'-0"
140
0.375
141
12.0
290
     0
  0
SCALE
  5
4D
102
{ACAD_REACTORS
330
42
102
}
330
42
100
AcDbScale
 70
     0
300
1/2" = 1'-0"
140
0.5
141
12.0
290
     0
  0
SCALE
  5
4E
102
{ACAD_REACTORS
330
42
102
}
330
42
100
AcDbScale
 70
     0
300
3/4" = 1'-0"
140
0.75
141
12.0
290
     0
  0
SCALE
  5
4F
102
{ACAD_REACTORS
330
42
102
}
330
42
100
AcDbScale
 70
     0
300
1" = 1'-0"
140
1.0
141
12.0
290
     0
  0
SCALE
  5
50
102
{ACAD_REACTORS
330
42
102
}
330
42
100
AcDbScale
 70
     0
300
1-1/2" = 1'-0"
140
1.5
141
12.0
290
     0
  0
SCALE
  5
51
102
{ACAD_REACTORS
330
42
102
}
330
42
100
AcDbScale
 70
     0
300
3" = 1'-0"
140
3.0
141
12.0
290
     0
  0
SCALE
  5
52
102
{ACAD_REACTORS
330
42
102
}
330
42
100
AcDbScale
 70
     0
300
6" = 1'-0"
140
6.0
141
12.0
290
     0
  0
SCALE
  5
53
102
{ACAD_REACTORS
330
42
102
}
330
42
100
AcDbScale
 70
     0
300
1'-0" = 1'-0"
140
12.0
141
12.0
290
     0
  0
ACDBSECTIONVIEWSTYLE
  5
69
102
{ACAD_XDICTIONARY
360
C8
102
}
102
{ACAD_REACTORS
330
68
102
}
330
68
100
AcDbModelDocViewStyle
 70
     0
  3
Imperial24
290
     0
100
AcDbSectionViewStyle
 70
     0
 71
     0
 90
       78
 71
     1
340
55
 62
   256
 40
0.24
340
0
340
0
 62
   256
 40
0.24
300
I, O, Q, S, X, Z
 40
0.48
 90
        3
 40
0.18
 90
        1
 71
     2
340
5D
 90
       25
 62
   256
340
5D
 90
       50
 62
   256
 40
0.24
 40
0.0
 40
0.24
 71
     3
340
55
 62
   256
 40
0.24
 90
        1
 40
0.75
 90
        1
300
%<\AcVar ViewType \f "%tc1">% %<\AcVar ViewSectionStartId>%-%<\AcVar ViewSectionEndId>%\PSCALE %<\AcVar ViewScale \f "%sn">%
 71
     4
 62
   256
 62
   257
300
ANSI31
 40
1.0
 90
        0
290
     0
290
     0
 90
        6
 40
0.0
 40
1.570796326794896
 40
0.2617993877991494
 40
1.308996938995747
 40
-0.2617993877991494
 40
1.832595714594046
  0
TABLESTYLE
  5
65
102
{ACAD_XDICTIONARY
360
C5
102
}
102
{ACAD_REACTORS
330
64
102
}
330
64
100
AcDbTableStyle
280
     0
  3
Standard
 70
     0
 71
     0
 40
0.06
 41
0.06
280
     0
281
     0
  7
Standard
140
0.18
170
     2
 62
     0
 63
     7
283
     0
 90
      512
 91
        0
  1

274
    -2
284
     1
 64
     0
275
    -2
285
     1
 65
     0
276
    -2
286
     1
 66
     0
277
    -2
287
     1
 67
     0
278
    -2
288
     1
 68
     0
279
    -2
289
     1
 69
     0
  7
Standard
140
0.25
170
     5
 62
     0
 63
     7
283
     0
 90
      512
 91
        0
  1

274
    -2
284
     1
 64
     0
275
    -2
285
     1
 65
     0
276
    -2
286
     1
 66
     0
277
    -2
287
     1
 67
     0
278
    -2
288
     1
 68
     0
279
    -2
289
     1
 69
     0
  7
Standard
140
0.18
170
     5
 62
     0
 63
     7
283
     0
 90
      512
 91
        0
  1

274
    -2
284
     1
 64
     0
275
    -2
285
     1
 65
     0
276
    -2
286
     1
 66
     0
277
    -2
287
     1
 67
     0
278
    -2
288
     1
 68
     0
279
    -2
289
     1
 69
     0
  0
VISUALSTYLE
  5
2F
102
{ACAD_REACTORS
330
29
102
}
330
29
100
AcDbVisualStyle
  2
2dWireframe
 70
     4
177
     3
291
     0
 70
    58
 90
        0
176
     1
 90
        2
176
     1
 90
        0
176
     1
 90
        0
176
     1
 40
0.6
176
     1
 40
30.0
176
     1
 62
     7
420
 16777215
176
     1
 90
        1
176
     1
 90
        4
176
     1
 62
     7
176
     1
 62
   257
176
     1
 90
        1
176
     1
 90
        1
176
     1
 40
1.0
176
     1
 90
        0
176
     1
 62
   257
176
     1
 40
1.0
176
     1
 90
        1
176
     1
 90
        6
176
     1
 90
        2
176
     1
 62
     7
176
     1
 90
        5
176
     1
 90
        0
176
     1
 90
        0
176
     1
290
     0
176
     1
 90
        1
176
     1
 40
0.0
176
     1
 90
        0
176
     1
290
     1
176
     1
290
     1
176
     1
290
     0
176
     1
290
     0
176
     1
290
     0
176
     1
290
     0
176
     1
290
     0
176
     1
290
     0
176
     1
290
     0
176
     1
 90
       50
176
     1
 40
0.0
176
     1
 40
1.0
176
     1
 90
        0
176
     1
 62
    18
420
        0
176
     1
 90
       50
176
     1
 90
        3
176
     1
 62
     5
420
      255
176
     1
290
     0
176
     1
 90
       50
176
     1
 90
       50
176
     1
 90
       50
176
     1
290
     0
176
     1
 90
       50
176
     1
 62
   256
176
     0
 40
1.0
176
     0
 90
        2
176
     1
  1
strokes_ogs.tif
176
     1
290
     0
176
     1
 40
1.0
176
     1
 40
1.0
176
     1
1001
ACAD
1000
AcDbSavedByObjectVersion
1070
     0
  0
VISUALSTYLE
  5
2E
102
{ACAD_REACTORS
330
29
102
}
330
29
100
AcDbVisualStyle
  2
Basic
 70
     7
177
     3
291
     1
 70
    58
 90
        1
176
     1
 90
        0
176
     1
 90
        1
176
     1
 90
        0
176
     1
 40
0.6
176
     1
 40
30.0
176
     1
 62
     7
420
 16777215
176
     1
 90
        0
176
     1
 90
        4
176
     1
 62
     7
176
     1
 62
   257
176
     1
 90
        1
176
     1
 90
        1
176
     1
 40
1.0
176
     1
 90
        8
176
     1
 62
     7
176
     1
 40
1.0
176
     1
 90
        1
176
     1
 90
        6
176
     1
 90
        2
176
     1
 62
     7
176
     1
 90
        5
176
     1
 90
        0
176
     1
 90
        0
176
     1
290
     0
176
     1
 90
        1
176
     1
 40
0.0
176
     1
 90
        0
176
     1
290
     0
176
     1
290
     1
176
     1
290
     1
176
     1
290
     0
176
     1
290
     0
176
     1
290
     0
176
     1
290
     0
176
     1
290
     0
176
     1
290
     0
176
     1
 90
       50
176
     1
 40
0.0
176
     1
 40
1.0
176
     1
 90
        0
176
     1
 62
    18
420
        0
176
     1
 90
       50
176
     1
 90
        3
176
     1
 62
     5
420
      255
176
     1
290
     0
176
     1
 90
       50
176
     1
 90
       50
176
     1
 90
       50
176
     1
290
     0
176
     1
 90
       50
176
     1
 62
   256
176
     0
 40
1.0
176
     0
 90
        2
176
     1
  1
strokes_ogs.tif
176
     1
290
     0
176
     1
 40
1.0
176
     1
 40
1.0
176
     1
1001
ACAD
1000
AcDbSavedByObjectVersion
1070
     0
  0
VISUALSTYLE
  5
35
102
{ACAD_REACTORS
330
29
102
}
330
29
100
AcDbVisualStyle
  2
Brighten
 70
    12
177
     3
291
     1
 70
    58
 90
        2
176
     1
 90
        2
176
     1
 90
        0
176
     1
 90
        0
176
     1
 40
0.6
176
     1
 40
30.0
176
     1
 62
     7
420
 16777215
176
     1
 90
        1
176
     1
 90
        4
176
     1
 62
     7
176
     1
 62
   257
176
     1
 90
        1
176
     1
 90
        1
176
     1
 40
1.0
176
     1
 90
        8
176
     1
 62
     7
176
     1
 40
1.0
176
     1
 90
        1
176
     1
 90
        6
176
     1
 90
        2
176
     1
 62
     7
176
     1
 90
        5
176
     1
 90
        0
176
     1
 90
        0
176
     1
290
     0
176
     1
 90
        1
176
     1
 40
50.0
176
     1
 90
        0
176
     1
290
     0
176
     1
290
     1
176
     1
290
     1
176
     1
290
     0
176
     1
290
     0
176
     1
290
     0
176
     1
290
     0
176
     1
290
     0
176
     1
290
     0
176
     1
 90
       50
176
     1
 40
0.0
176
     1
 40
1.0
176
     1
 90
        0
176
     1
 62
    18
420
        0
176
     1
 90
       50
176
     1
 90
        3
176
     1
 62
     5
420
      255
176
     1
290
     0
176
     1
 90
       50
176
     1
 90
       50
176
     1
 90
       50
176
     1
290
     0
176
     1
 90
       50
176
     1
 62
   256
176
     0
 40
1.0
176
     0
 90
        2
176
     1
  1
strokes_ogs.tif
176
     1
290
     0
176
     1
 40
1.0
176
     1
 40
1.0
176
     1
1001
ACAD
1000
AcDbSavedByObjectVersion
1070
     0
  0
VISUALSTYLE
  5
39
102
{ACAD_REACTORS
330
29
102
}
330
29
100
AcDbVisualStyle
  2
ColorChange
 70
    16
177
     3
291
     1
 70
    58
 90
        2
176
     1
 90
        2
176
     1
 90
        3
176
     1
 90
        0
176
     1
 40
0.6
176
     1
 40
30.0
176
     1
 62
     8
420
  8421504
176
     1
 90
        1
176
     1
 90
        4
176
     1
 62
     7
176
     1
 62
   257
176
     1
 90
        1
176
     1
 90
        1
176
     1
 40
1.0
176
     1
 90
        8
176
     1
 62
     8
420
  8421504
176
     1
 40
1.0
176
     1
 90
        1
176
     1
 90
        6
176
     1
 90
        2
176
     1
 62
     7
176
     1
 90
        5
176
     1
 90
        0
176
     1
 90
        0
176
     1
290
     0
176
     1
 90
        1
176
     1
 40
0.0
176
     1
 90
        0
176
     1
290
     0
176
     1
290
     1
176
     1
290
     1
176
     1
290
     0
176
     1
290
     0
176
     1
290
     0
176
     1
290
     0
176
     1
290
     0
176
     1
290
     0
176
     1
 90
       50
176
     1
 40
0.0
176
     1
 40
1.0
176
     1
 90
        0
176
     1
 62
    18
420
        0
176
     1
 90
       50
176
     1
 90
        3
176
     1
 62
     5
420
      255
176
     1
290
     0
176
     1
 90
       50
176
     1
 90
       50
176
     1
 90
       50
176
     1
290
     0
176
     1
 90
       50
176
     1
 62
   256
176
     0
 40
1.0
176
     0
 90
        2
176
     1
  1
strokes_ogs.tif
176
     1
290
     0
176
     1
 40
1.0
176
     1
 40
1.0
176
     1
1001
ACAD
1000
AcDbSavedByObjectVersion
1070
     0
  0
VISUALSTYLE
  5
32
102
{ACAD_REACTORS
330
29
102
}
330
29
100
AcDbVisualStyle
  2
Conceptual
 70
     9
177
     3
291
     0
 70
    58
 90
        3
176
     1
 90
        2
176
     1
 90
        0
176
     1
 90
        0
176
     1
 40
0.6
176
     1
 40
30.0
176
     1
 62
     7
420
 16777215
176
     1
 90
        2
176
     1
 90
        2
176
     1
 62
     7
176
     1
 62
   257
176
     1
 90
        1
176
     1
 90
        1
176
     1
 40
179.0
176
     1
 90
        8
176
     1
 62
     7
176
     1
 40
1.0
176
     1
 90
        1
176
     1
 90
        6
176
     1
 90
        2
176
     1
 62
     7
176
     1
 90
        3
176
     1
 90
        0
176
     1
 90
        0
176
     1
290
     0
176
     1
 90
        1
176
     1
 40
0.0
176
     1
 90
        0
176
     1
290
     0
176
     1
290
     1
176
     1
290
     1
176
     1
290
     0
176
     1
290
     0
176
     1
290
     0
176
     1
290
     0
176
     1
290
     0
176
     1
290
     0
176
     1
 90
       50
176
     1
 40
0.0
176
     1
 40
1.0
176
     1
 90
        0
176
     1
 62
    18
420
        0
176
     1
 90
       50
176
     1
 90
        3
176
     1
 62
     5
420
      255
176
     1
290
     0
176
     1
 90
       50
176
     1
 90
       50
176
     1
 90
       50
176
     1
290
     0
176
     1
 90
       50
176
     1
 62
   256
176
     0
 40
1.0
176
     0
 90
        2
176
     1
  1
strokes_ogs.tif
176
     1
290
     0
176
     1
 40
1.0
176
     1
 40
1.0
176
     1
1001
ACAD
1000
AcDbSavedByObjectVersion
1070
     0
  0
VISUALSTYLE
  5
34
102
{ACAD_REACTORS
330
29
102
}
330
29
100
AcDbVisualStyle
  2
Dim
 70
    11
177
     3
291
     1
 70
    58
 90
        2
176
     1
 90
        2
176
     1
 90
        0
176
     1
 90
        0
176
     1
 40
0.6
176
     1
 40
30.0
176
     1
 62
     7
420
 16777215
176
     1
 90
        1
176
     1
 90
        4
176
     1
 62
     7
176
     1
 62
   257
176
     1
 90
        1
176
     1
 90
        1
176
     1
 40
1.0
176
     1
 90
        8
176
     1
 62
     7
176
     1
 40
1.0
176
     1
 90
        1
176
     1
 90
        6
176
     1
 90
        2
176
     1
 62
     7
176
     1
 90
        5
176
     1
 90
        0
176
     1
 90
        0
176
     1
290
     0
176
     1
 90
        1
176
     1
 40
-50.0
176
     1
 90
        0
176
     1
290
     0
176
     1
290
     1
176
     1
290
     1
176
     1
290
     0
176
     1
290
     0
176
     1
290
     0
176
     1
290
     0
176
     1
290
     0
176
     1
290
     0
176
     1
 90
       50
176
     1
 40
0.0
176
     1
 40
1.0
176
     1
 90
        0
176
     1
 62
    18
420
        0
176
     1
 90
       50
176
     1
 90
        3
176
     1
 62
     5
420
      255
176
     1
290
     0
176
     1
 90
       50
176
     1
 90
       50
176
     1
 90
       50
176
     1
290
     0
176
     1
 90
       50
176
     1
 62
   256
176
     0
 40
1.0
176
     0
 90
        2
176
     1
  1
strokes_ogs.tif
176
     1
290
     0
176
     1
 40
1.0
176
     1
 40
1.0
176
     1
1001
ACAD
1000
AcDbSavedByObjectVersion
1070
     0
  0
VISUALSTYLE
  5
41
102
{ACAD_REACTORS
330
29
102
}
330
29
100
AcDbVisualStyle
  2
EdgeColorOff
 70
    22
177
     3
291
     1
 70
    58
 90
        2
176
     0
 90
        2
176
     0
 90
        0
176
     0
 90
        0
176
     0
 40
0.6
176
     0
 40
30.0
176
     0
 62
     7
420
 16777215
176
     0
 90
        1
176
     0
 90
        4
176
     0
 62
     7
176
     0
 62
   257
176
     0
 90
        1
176
     0
 90
        1
176
     0
 40
1.0
176
     0
 90
        8
176
     2
 62
     7
176
     0
 40
1.0
176
     0
 90
        1
176
     0
 90
        6
176
     0
 90
        2
176
     0
 62
     7
176
     0
 90
        5
176
     0
 90
        0
176
     0
 90
        0
176
     0
290
     0
176
     0
 90
        1
176
     0
 40
0.0
176
     0
 90
        0
176
     0
290
     0
176
     0
290
     1
176
     0
290
     1
176
     0
290
     0
176
     0
290
     0
176
     0
290
     0
176
     0
290
     0
176
     0
290
     0
176
     0
290
     0
176
     0
 90
       50
176
     0
 40
0.0
176
     0
 40
1.0
176
     0
 90
        0
176
     0
 62
    18
420
        0
176
     0
 90
       50
176
     0
 90
        3
176
     0
 62
     5
420
      255
176
     0
290
     0
176
     0
 90
       50
176
     0
 90
       50
176
     0
 90
       50
176
     0
290
     0
176
     0
 90
       50
176
     0
 62
   256
176
     0
 40
1.0
176
     0
 90
        2
176
     0
  1
strokes_ogs.tif
176
     0
290
     0
176
     0
 40
1.0
176
     0
 40
1.0
176
     0
1001
ACAD
1000
AcDbSavedByObjectVersion
1070
     0
  0
VISUALSTYLE
  5
38
102
{ACAD_REACTORS
330
29
102
}
330
29
100
AcDbVisualStyle
  2
Facepattern
 70
    15
177
     3
291
     1
 70
    58
 90
        2
176
     1
 90
        2
176
     1
 90
        0
176
     1
 90
        0
176
     1
 40
0.6
176
     1
 40
30.0
176
     1
 62
     7
420
 16777215
176
     1
 90
        1
176
     1
 90
        4
176
     1
 62
     7
176
     1
 62
   257
176
     1
 90
        1
176
     1
 90
        1
176
     1
 40
1.0
176
     1
 90
        8
176
     1
 62
     7
176
     1
 40
1.0
176
     1
 90
        1
176
     1
 90
        6
176
     1
 90
        2
176
     1
 62
     7
176
     1
 90
        5
176
     1
 90
        0
176
     1
 90
        0
176
     1
290
     0
176
     1
 90
        1
176
     1
 40
0.0
176
     1
 90
        0
176
     1
290
     0
176
     1
290
     1
176
     1
290
     1
176
     1
290
     0
176
     1
290
     0
176
     1
290
     0
176
     1
290
     0
176
     1
290
     0
176
     1
290
     0
176
     1
 90
       50
176
     1
 40
0.0
176
     1
 40
1.0
176
     1
 90
        0
176
     1
 62
    18
420
        0
176
     1
 90
       50
176
     1
 90
        3
176
     1
 62
     5
420
      255
176
     1
290
     0
176
     1
 90
       50
176
     1
 90
       50
176
     1
 90
       50
176
     1
290
     0
176
     1
 90
       50
176
     1
 62
   256
176
     0
 40
1.0
176
     0
 90
        2
176
     1
  1
strokes_ogs.tif
176
     1
290
     0
176
     1
 40
1.0
176
     1
 40
1.0
176
     1
1001
ACAD
1000
AcDbSavedByObjectVersion
1070
     0
  0
VISUALSTYLE
  5
2A
102
{ACAD_REACTORS
330
29
102
}
330
29
100
AcDbVisualStyle
  2
Flat
 70
     0
177
     3
291
     1
 70
    58
 90
        2
176
     1
 90
        1
176
     1
 90
        1
176
     1
 90
        2
176
     1
 40
0.6
176
     1
 40
30.0
176
     1
 62
     7
420
 16777215
176
     1
 90
        0
176
     1
 90
        0
176
     1
 62
     7
176
     1
 62
   257
176
     1
 90
        1
176
     1
 90
        1
176
     1
 40
1.0
176
     1
 90
        8
176
     1
 62
     7
176
     1
 40
1.0
176
     1
 90
        1
176
     1
 90
        6
176
     1
 90
        2
176
     1
 62
     7
176
     1
 90
        5
176
     1
 90
        0
176
     1
 90
        0
176
     1
290
     0
176
     1
 90
       13
176
     1
 40
0.0
176
     1
 90
        0
176
     1
290
     0
176
     1
290
     1
176
     1
290
     1
176
     1
290
     0
176
     1
290
     0
176
     1
290
     0
176
     1
290
     0
176
     1
290
     0
176
     1
290
     0
176
     1
 90
       50
176
     1
 40
0.0
176
     1
 40
1.0
176
     1
 90
        0
176
     1
 62
    18
420
        0
176
     1
 90
       50
176
     1
 90
        3
176
     1
 62
     5
420
      255
176
     1
290
     0
176
     1
 90
       50
176
     1
 90
       50
176
     1
 90
       50
176
     1
290
     0
176
     1
 90
       50
176
     1
 62
   256
176
     0
 40
1.0
176
     0
 90
        2
176
     1
  1
strokes_ogs.tif
176
     1
290
     0
176
     1
 40
1.0
176
     1
 40
1.0
176
     1
1001
ACAD
1000
AcDbSavedByObjectVersion
1070
     0
  0
VISUALSTYLE
  5
2B
102
{ACAD_REACTORS
330
29
102
}
330
29
100
AcDbVisualStyle
  2
FlatWithEdges
 70
     1
177
     3
291
     1
 70
    58
 90
        2
176
     1
 90
        1
176
     1
 90
        1
176
     1
 90
        2
176
     1
 40
0.6
176
     1
 40
30.0
176
     1
 62
     7
420
 16777215
176
     1
 90
        1
176
     1
 90
        0
176
     1
 62
     7
176
     1
 62
   257
176
     1
 90
        1
176
     1
 90
        1
176
     1
 40
1.0
176
     1
 90
        0
176
     1
 62
   257
176
     1
 40
1.0
176
     1
 90
        1
176
     1
 90
        6
176
     1
 90
        2
176
     1
 62
     7
176
     1
 90
        5
176
     1
 90
        0
176
     1
 90
        0
176
     1
290
     0
176
     1
 90
       13
176
     1
 40
0.0
176
     1
 90
        0
176
     1
290
     0
176
     1
290
     1
176
     1
290
     1
176
     1
290
     0
176
     1
290
     0
176
     1
290
     0
176
     1
290
     0
176
     1
290
     0
176
     1
290
     0
176
     1
 90
       50
176
     1
 40
0.0
176
     1
 40
1.0
176
     1
 90
        0
176
     1
 62
    18
420
        0
176
     1
 90
       50
176
     1
 90
        3
176
     1
 62
     5
420
      255
176
     1
290
     0
176
     1
 90
       50
176
     1
 90
       50
176
     1
 90
       50
176
     1
290
     0
176
     1
 90
       50
176
     1
 62
   256
176
     0
 40
1.0
176
     0
 90
        2
176
     1
  1
strokes_ogs.tif
176
     1
290
     0
176
     1
 40
1.0
176
     1
 40
1.0
176
     1
1001
ACAD
1000
AcDbSavedByObjectVersion
1070
     0
  0
VISUALSTYLE
  5
2C
102
{ACAD_REACTORS
330
29
102
}
330
29
100
AcDbVisualStyle
  2
Gouraud
 70
     2
177
     3
291
     1
 70
    58
 90
        2
176
     1
 90
        2
176
     1
 90
        1
176
     1
 90
        2
176
     1
 40
0.6
176
     1
 40
30.0
176
     1
 62
     7
420
 16777215
176
     1
 90
        0
176
     1
 90
        0
176
     1
 62
     7
176
     1
 62
   257
176
     1
 90
        1
176
     1
 90
        1
176
     1
 40
1.0
176
     1
 90
        0
176
     1
 62
     7
176
     1
 40
1.0
176
     1
 90
        1
176
     1
 90
        6
176
     1
 90
        2
176
     1
 62
     7
176
     1
 90
        5
176
     1
 90
        0
176
     1
 90
        0
176
     1
290
     0
176
     1
 90
       13
176
     1
 40
0.0
176
     1
 90
        0
176
     1
290
     0
176
     1
290
     1
176
     1
290
     1
176
     1
290
     0
176
     1
290
     0
176
     1
290
     0
176
     1
290
     0
176
     1
290
     0
176
     1
290
     0
176
     1
 90
       50
176
     1
 40
0.0
176
     1
 40
1.0
176
     1
 90
        0
176
     1
 62
    18
420
        0
176
     1
 90
       50
176
     1
 90
        3
176
     1
 62
     5
420
      255
176
     1
290
     0
176
     1
 90
       50
176
     1
 90
       50
176
     1
 90
       50
176
     1
290
     0
176
     1
 90
       50
176
     1
 62
   256
176
     0
 40
1.0
176
     0
 90
        2
176
     1
  1
strokes_ogs.tif
176
     1
290
     0
176
     1
 40
1.0
176
     1
 40
1.0
176
     1
1001
ACAD
1000
AcDbSavedByObjectVersion
1070
     0
  0
VISUALSTYLE
  5
2D
102
{ACAD_REACTORS
330
29
102
}
330
29
100
AcDbVisualStyle
  2
GouraudWithEdges
 70
     3
177
     3
291
     1
 70
    58
 90
        2
176
     1
 90
        2
176
     1
 90
        1
176
     1
 90
        2
176
     1
 40
0.6
176
     1
 40
30.0
176
     1
 62
     7
420
 16777215
176
     1
 90
        1
176
     1
 90
        0
176
     1
 62
     7
176
     1
 62
   257
176
     1
 90
        1
176
     1
 90
        1
176
     1
 40
1.0
176
     1
 90
        0
176
     1
 62
   257
176
     1
 40
1.0
176
     1
 90
        1
176
     1
 90
        6
176
     1
 90
        2
176
     1
 62
     7
176
     1
 90
        5
176
     1
 90
        0
176
     1
 90
        0
176
     1
290
     0
176
     1
 90
       13
176
     1
 40
0.0
176
     1
 90
        0
176
     1
290
     0
176
     1
290
     1
176
     1
290
     1
176
     1
290
     0
176
     1
290
     0
176
     1
290
     0
176
     1
290
     0
176
     1
290
     0
176
     1
290
     0
176
     1
 90
       50
176
     1
 40
0.0
176
     1
 40
1.0
176
     1
 90
        0
176
     1
 62
    18
420
        0
176
     1
 90
       50
176
     1
 90
        3
176
     1
 62
     5
420
      255
176
     1
290
     0
176
     1
 90
       50
176
     1
 90
       50
176
     1
 90
       50
176
     1
290
     0
176
     1
 90
       50
176
     1
 62
   256
176
     0
 40
1.0
176
     0
 90
        2
176
     1
  1
strokes_ogs.tif
176
     1
290
     0
176
     1
 40
1.0
176
     1
 40
1.0
176
     1
1001
ACAD
1000
AcDbSavedByObjectVersion
1070
     0
  0
VISUALSTYLE
  5
31
102
{ACAD_REACTORS
330
29
102
}
330
29
100
AcDbVisualStyle
  2
Hidden
 70
     6
177
     3
291
     0
 70
    58
 90
        1
176
     1
 90
        2
176
     1
 90
        2
176
     1
 90
        0
176
     1
 40
0.6
176
     1
 40
30.0
176
     1
 62
     7
420
 16777215
176
     1
 90
        2
176
     1
 90
        2
176
     1
 62
     7
176
     1
 62
   257
176
     1
 90
        2
176
     1
 90
        1
176
     1
 40
40.0
176
     1
 90
        0
176
     1
 62
   257
176
     1
 40
1.0
176
     1
 90
        1
176
     1
 90
        6
176
     1
 90
        2
176
     1
 62
     7
176
     1
 90
        3
176
     1
 90
        0
176
     1
 90
        0
176
     1
290
     0
176
     1
 90
        1
176
     1
 40
0.0
176
     1
 90
        0
176
     1
290
     0
176
     1
290
     1
176
     1
290
     1
176
     1
290
     0
176
     1
290
     0
176
     1
290
     0
176
     1
290
     0
176
     1
290
     0
176
     1
290
     0
176
     1
 90
       50
176
     1
 40
0.0
176
     1
 40
1.0
176
     1
 90
        0
176
     1
 62
    18
420
        0
176
     1
 90
       50
176
     1
 90
        3
176
     1
 62
     5
420
      255
176
     1
290
     0
176
     1
 90
       50
176
     1
 90
       50
176
     1
 90
       50
176
     1
290
     0
176
     1
 90
       50
176
     1
 62
   256
176
     0
 40
1.0
176
     0
 90
        2
176
     1
  1
strokes_ogs.tif
176
     1
290
     0
176
     1
 40
1.0
176
     1
 40
1.0
176
     1
1001
ACAD
1000
AcDbSavedByObjectVersion
1070
     0
  0
VISUALSTYLE
  5
3F
102
{ACAD_REACTORS
330
29
102
}
330
29
100
AcDbVisualStyle
  2
JitterOff
 70
    20
177
     3
291
     1
 70
    58
 90
        2
176
     0
 90
        2
176
     0
 90
        0
176
     0
 90
        0
176
     0
 40
0.6
176
     0
 40
30.0
176
     0
 62
     7
420
 16777215
176
     0
 90
        1
176
     0
 90
        4
176
     0
 62
     7
176
     0
 62
   257
176
     0
 90
        1
176
     0
 90
        1
176
     0
 40
1.0
176
     0
 90
       10
176
     2
 62
     7
176
     0
 40
1.0
176
     0
 90
        1
176
     0
 90
        6
176
     0
 90
        2
176
     0
 62
     7
176
     0
 90
        5
176
     0
 90
        0
176
     0
 90
        0
176
     0
290
     0
176
     0
 90
        1
176
     0
 40
0.0
176
     0
 90
        0
176
     0
290
     0
176
     0
290
     1
176
     0
290
     1
176
     0
290
     0
176
     0
290
     0
176
     0
290
     0
176
     0
290
     0
176
     0
290
     0
176
     0
290
     0
176
     0
 90
       50
176
     0
 40
0.0
176
     0
 40
1.0
176
     0
 90
        0
176
     0
 62
    18
420
        0
176
     0
 90
       50
176
     0
 90
        3
176
     0
 62
     5
420
      255
176
     0
290
     0
176
     0
 90
       50
176
     0
 90
       50
176
     0
 90
       50
176
     0
290
     0
176
     0
 90
       50
176
     0
 62
   256
176
     0
 40
1.0
176
     0
 90
        2
176
     0
  1
strokes_ogs.tif
176
     0
290
     0
176
     0
 40
1.0
176
     0
 40
1.0
176
     0
1001
ACAD
1000
AcDbSavedByObjectVersion
1070
     0
  0
VISUALSTYLE
  5
37
102
{ACAD_REACTORS
330
29
102
}
330
29
100
AcDbVisualStyle
  2
Linepattern
 70
    14
177
     3
291
     1
 70
    58
 90
        2
176
     1
 90
        2
176
     1
 90
        0
176
     1
 90
        0
176
     1
 40
0.6
176
     1
 40
30.0
176
     1
 62
     7
420
 16777215
176
     1
 90
        1
176
     1
 90
        4
176
     1
 62
     7
176
     1
 62
   257
176
     1
 90
        7
176
     1
 90
        7
176
     1
 40
1.0
176
     1
 90
        8
176
     1
 62
     7
176
     1
 40
1.0
176
     1
 90
        1
176
     1
 90
        6
176
     1
 90
        2
176
     1
 62
     7
176
     1
 90
        5
176
     1
 90
        0
176
     1
 90
        0
176
     1
290
     0
176
     1
 90
        1
176
     1
 40
0.0
176
     1
 90
        0
176
     1
290
     0
176
     1
290
     1
176
     1
290
     1
176
     1
290
     0
176
     1
290
     0
176
     1
290
     0
176
     1
290
     0
176
     1
290
     0
176
     1
290
     0
176
     1
 90
       50
176
     1
 40
0.0
176
     1
 40
1.0
176
     1
 90
        0
176
     1
 62
    18
420
        0
176
     1
 90
       50
176
     1
 90
        3
176
     1
 62
     5
420
      255
176
     1
290
     0
176
     1
 90
       50
176
     1
 90
       50
176
     1
 90
       50
176
     1
290
     0
176
     1
 90
       50
176
     1
 62
   256
176
     0
 40
1.0
176
     0
 90
        2
176
     1
  1
strokes_ogs.tif
176
     1
290
     0
176
     1
 40
1.0
176
     1
 40
1.0
176
     1
1001
ACAD
1000
AcDbSavedByObjectVersion
1070
     0
  0
VISUALSTYLE
  5
40
102
{ACAD_REACTORS
330
29
102
}
330
29
100
AcDbVisualStyle
  2
OverhangOff
 70
    21
177
     3
291
     1
 70
    58
 90
        2
176
     0
 90
        2
176
     0
 90
        0
176
     0
 90
        0
176
     0
 40
0.6
176
     0
 40
30.0
176
     0
 62
     7
420
 16777215
176
     0
 90
        1
176
     0
 90
        4
176
     0
 62
     7
176
     0
 62
   257
176
     0
 90
        1
176
     0
 90
        1
176
     0
 40
1.0
176
     0
 90
        9
176
     2
 62
     7
176
     0
 40
1.0
176
     0
 90
        1
176
     0
 90
        6
176
     0
 90
        2
176
     0
 62
     7
176
     0
 90
        5
176
     0
 90
        0
176
     0
 90
        0
176
     0
290
     0
176
     0
 90
        1
176
     0
 40
0.0
176
     0
 90
        0
176
     0
290
     0
176
     0
290
     1
176
     0
290
     1
176
     0
290
     0
176
     0
290
     0
176
     0
290
     0
176
     0
290
     0
176
     0
290
     0
176
     0
290
     0
176
     0
 90
       50
176
     0
 40
0.0
176
     0
 40
1.0
176
     0
 90
        0
176
     0
 62
    18
420
        0
176
     0
 90
       50
176
     0
 90
        3
176
     0
 62
     5
420
      255
176
     0
290
     0
176
     0
 90
       50
176
     0
 90
       50
176
     0
 90
       50
176
     0
290
     0
176
     0
 90
       50
176
     0
 62
   256
176
     0
 40
1.0
176
     0
 90
        2
176
     0
  1
strokes_ogs.tif
176
     0
290
     0
176
     0
 40
1.0
176
     0
 40
1.0
176
     0
1001
ACAD
1000
AcDbSavedByObjectVersion
1070
     0
  0
VISUALSTYLE
  5
33
102
{ACAD_REACTORS
330
29
102
}
330
29
100
AcDbVisualStyle
  2
Realistic
 70
     8
177
     3
291
     0
 70
    58
 90
        2
176
     1
 90
        3
176
     1
 90
        0
176
     1
 90
        2
176
     1
 40
0.6
176
     1
 40
30.0
176
     1
 62
     7
420
 16777215
176
     1
 90
        0
176
     1
 90
        0
176
     1
 62
     7
176
     1
 62
   257
176
     1
 90
        1
176
     1
 90
        1
176
     1
 40
1.0
176
     1
 90
        8
176
     1
 62
   257
176
     1
 40
1.0
176
     1
 90
        1
176
     1
 90
        6
176
     1
 90
        2
176
     1
 62
     7
176
     1
 90
        3
176
     1
 90
        0
176
     1
 90
        0
176
     1
290
     0
176
     1
 90
       13
176
     1
 40
0.0
176
     1
 90
        0
176
     1
290
     0
176
     1
290
     1
176
     1
290
     1
176
     1
290
     0
176
     1
290
     0
176
     1
290
     0
176
     1
290
     0
176
     1
290
     0
176
     1
290
     0
176
     1
 90
       50
176
     1
 40
0.0
176
     1
 40
1.0
176
     1
 90
        0
176
     1
 62
    18
420
        0
176
     1
 90
       50
176
     1
 90
        3
176
     1
 62
     5
420
      255
176
     1
290
     0
176
     1
 90
       50
176
     1
 90
       50
176
     1
 90
       50
176
     1
290
     0
176
     1
 90
       50
176
     1
 62
   256
176
     0
 40
1.0
176
     0
 90
        2
176
     1
  1
strokes_ogs.tif
176
     1
290
     0
176
     1
 40
1.0
176
     1
 40
1.0
176
     1
1001
ACAD
1000
AcDbSavedByObjectVersion
1070
     0
  0
VISUALSTYLE
  5
3E
102
{ACAD_REACTORS
330
29
102
}
330
29
100
AcDbVisualStyle
  2
Shaded
 70
    27
177
     3
291
     0
 70
    58
 90
        2
176
     1
 90
        2
176
     1
 90
        1
176
     1
 90
        2
176
     1
 40
0.6
176
     1
 40
30.0
176
     1
 62
     7
420
 16777215
176
     1
 90
        0
176
     1
 90
        4
176
     1
 62
     7
176
     1
 62
   257
176
     1
 90
        1
176
     1
 90
        1
176
     1
 40
1.0
176
     1
 90
        8
176
     1
 62
   257
176
     1
 40
1.0
176
     1
 90
        1
176
     1
 90
        6
176
     1
 90
        2
176
     1
 62
     8
420
  7895160
176
     1
 90
        3
176
     1
 90
        0
176
     1
 90
        0
176
     1
290
     0
176
     1
 90
        5
176
     1
 40
0.0
176
     1
 90
        0
176
     1
290
     0
176
     1
290
     1
176
     1
290
     1
176
     1
290
     0
176
     1
290
     0
176
     1
290
     0
176
     1
290
     0
176
     1
290
     0
176
     1
290
     0
176
     1
 90
       50
176
     1
 40
0.0
176
     1
 40
1.0
176
     1
 90
        0
176
     1
 62
    18
420
        0
176
     1
 90
       50
176
     1
 90
        3
176
     1
 62
     5
420
      255
176
     1
290
     0
176
     1
 90
       50
176
     1
 90
       50
176
     1
 90
       50
176
     1
290
     0
176
     1
 90
       50
176
     1
 62
   256
176
     0
 40
1.0
176
     0
 90
        2
176
     1
  1
strokes_ogs.tif
176
     1
290
     0
176
     1
 40
1.0
176
     1
 40
1.0
176
     1
1001
ACAD
1000
AcDbSavedByObjectVersion
1070
     0
  0
VISUALSTYLE
  5
3D
102
{ACAD_REACTORS
330
29
102
}
330
29
100
AcDbVisualStyle
  2
Shaded with edges
 70
    26
177
     3
291
     0
 70
    58
 90
        2
176
     1
 90
        2
176
     1
 90
        1
176
     1
 90
        2
176
     1
 40
0.6
176
     1
 40
30.0
176
     1
 62
     7
420
 16777215
176
     1
 90
        1
176
     1
 90
        2
176
     1
 62
     7
176
     1
 62
   257
176
     1
 90
        2
176
     1
 90
        1
176
     1
 40
1.0
176
     1
 90
        8
176
     1
 62
   257
176
     1
 40
1.0
176
     1
 90
        1
176
     1
 90
        6
176
     1
 90
        2
176
     1
 62
     7
176
     1
 90
        3
176
     1
 90
        0
176
     1
 90
        0
176
     1
290
     0
176
     1
 90
        5
176
     1
 40
0.0
176
     1
 90
        0
176
     1
290
     0
176
     1
290
     1
176
     1
290
     1
176
     1
290
     0
176
     1
290
     0
176
     1
290
     0
176
     1
290
     0
176
     1
290
     0
176
     1
290
     0
176
     1
 90
       50
176
     1
 40
0.0
176
     1
 40
1.0
176
     1
 90
        0
176
     1
 62
    18
420
        0
176
     1
 90
       50
176
     1
 90
        3
176
     1
 62
     5
420
      255
176
     1
290
     0
176
     1
 90
       50
176
     1
 90
       50
176
     1
 90
       50
176
     1
290
     0
176
     1
 90
       50
176
     1
 62
   256
176
     0
 40
1.0
176
     0
 90
        2
176
     1
  1
strokes_ogs.tif
176
     1
290
     0
176
     1
 40
1.0
176
     1
 40
1.0
176
     1
1001
ACAD
1000
AcDbSavedByObjectVersion
1070
     0
  0
VISUALSTYLE
  5
3A
102
{ACAD_REACTORS
330
29
102
}
330
29
100
AcDbVisualStyle
  2
Shades of Gray
 70
    23
177
     3
291
     0
 70
    58
 90
        2
176
     1
 90
        2
176
     1
 90
        3
176
     1
 90
        0
176
     1
 40
0.6
176
     1
 40
30.0
176
     1
 62
     7
420
 16777215
176
     1
 90
        2
176
     1
 90
        2
176
     1
 62
     7
176
     1
 62
     7
176
     1
 90
        1
176
     1
 90
        1
176
     1
 40
40.0
176
     1
 90
        8
176
     1
 62
     7
176
     1
 40
1.0
176
     1
 90
        1
176
     1
 90
        6
176
     1
 90
        2
176
     1
 62
     7
176
     1
 90
        3
176
     1
 90
        0
176
     1
 90
        0
176
     1
290
     0
176
     1
 90
        1
176
     1
 40
0.0
176
     1
 90
        0
176
     1
290
     0
176
     1
290
     1
176
     1
290
     1
176
     1
290
     0
176
     1
290
     0
176
     1
290
     0
176
     1
290
     0
176
     1
290
     0
176
     1
290
     0
176
     1
 90
       50
176
     1
 40
0.0
176
     1
 40
1.0
176
     1
 90
        0
176
     1
 62
    18
420
        0
176
     1
 90
       50
176
     1
 90
        3
176
     1
 62
     5
420
      255
176
     1
290
     0
176
     1
 90
       50
176
     1
 90
       50
176
     1
 90
       50
176
     1
290
     0
176
     1
 90
       50
176
     1
 62
   256
176
     0
 40
1.0
176
     0
 90
        2
176
     1
  1
strokes_ogs.tif
176
     1
290
     0
176
     1
 40
1.0
176
     1
 40
1.0
176
     1
1001
ACAD
1000
AcDbSavedByObjectVersion
1070
     0
  0
VISUALSTYLE
  5
3B
102
{ACAD_REACTORS
330
29
102
}
330
29
100
AcDbVisualStyle
  2
Sketchy
 70
    24
177
     3
291
     0
 70
    58
 90
        1
176
     1
 90
        2
176
     1
 90
        2
176
     1
 90
        0
176
     1
 40
0.6
176
     1
 40
30.0
176
     1
 62
     7
420
 16777215
176
     1
 90
        2
176
     1
 90
        2
176
     1
 62
     7
176
     1
 62
     7
176
     1
 90
        1
176
     1
 90
        1
176
     1
 40
40.0
176
     1
 90
       11
176
     1
 62
     7
176
     1
 40
1.0
176
     1
 90
        1
176
     1
 90
        6
176
     1
 90
        2
176
     1
 62
     7
176
     1
 90
        6
176
     1
 90
        0
176
     1
 90
        0
176
     1
290
     0
176
     1
 90
        1
176
     1
 40
0.0
176
     1
 90
        0
176
     1
290
     0
176
     1
290
     1
176
     1
290
     1
176
     1
290
     0
176
     1
290
     0
176
     1
290
     0
176
     1
290
     0
176
     1
290
     0
176
     1
290
     0
176
     1
 90
       50
176
     1
 40
0.0
176
     1
 40
1.0
176
     1
 90
        0
176
     1
 62
    18
420
        0
176
     1
 90
       50
176
     1
 90
        3
176
     1
 62
     5
420
      255
176
     1
290
     0
176
     1
 90
       50
176
     1
 90
       50
176
     1
 90
       50
176
     1
290
     0
176
     1
 90
       50
176
     1
 62
   256
176
     0
 40
1.0
176
     0
 90
        2
176
     1
  1
strokes_ogs.tif
176
     1
290
     0
176
     1
 40
1.0
176
     1
 40
1.0
176
     1
1001
ACAD
1000
AcDbSavedByObjectVersion
1070
     0
  0
VISUALSTYLE
  5
36
102
{ACAD_REACTORS
330
29
102
}
330
29
100
AcDbVisualStyle
  2
Thicken
 70
    13
177
     3
291
     1
 70
    58
 90
        2
176
     1
 90
        2
176
     1
 90
        0
176
     1
 90
        0
176
     1
 40
0.6
176
     1
 40
30.0
176
     1
 62
     7
420
 16777215
176
     1
 90
        1
176
     1
 90
        4
176
     1
 62
     7
176
     1
 62
   257
176
     1
 90
        1
176
     1
 90
        1
176
     1
 40
1.0
176
     1
 90
       12
176
     1
 62
     7
176
     1
 40
1.0
176
     1
 90
        1
176
     1
 90
        6
176
     1
 90
        2
176
     1
 62
     7
176
     1
 90
        5
176
     1
 90
        0
176
     1
 90
        0
176
     1
290
     0
176
     1
 90
        1
176
     1
 40
0.0
176
     1
 90
        0
176
     1
290
     0
176
     1
290
     1
176
     1
290
     1
176
     1
290
     0
176
     1
290
     0
176
     1
290
     0
176
     1
290
     0
176
     1
290
     0
176
     1
290
     0
176
     1
 90
       50
176
     1
 40
0.0
176
     1
 40
1.0
176
     1
 90
        0
176
     1
 62
    18
420
        0
176
     1
 90
       50
176
     1
 90
        3
176
     1
 62
     5
420
      255
176
     1
290
     0
176
     1
 90
       50
176
     1
 90
       50
176
     1
 90
       50
176
     1
290
     0
176
     1
 90
       50
176
     1
 62
   256
176
     0
 40
1.0
176
     0
 90
        2
176
     1
  1
strokes_ogs.tif
176
     1
290
     0
176
     1
 40
1.0
176
     1
 40
1.0
176
     1
1001
ACAD
1000
AcDbSavedByObjectVersion
1070
     0
  0
VISUALSTYLE
  5
30
102
{ACAD_REACTORS
330
29
102
}
330
29
100
AcDbVisualStyle
  2
Wireframe
 70
     5
177
     3
291
     0
 70
    58
 90
        0
176
     1
 90
        2
176
     1
 90
        0
176
     1
 90
        0
176
     1
 40
0.6
176
     1
 40
30.0
176
     1
 62
     7
420
 16777215
176
     1
 90
        1
176
     1
 90
        4
176
     1
 62
     7
176
     1
 62
   257
176
     1
 90
        1
176
     1
 90
        1
176
     1
 40
1.0
176
     1
 90
        0
176
     1
 62
   257
176
     1
 40
1.0
176
     1
 90
        1
176
     1
 90
        6
176
     1
 90
        2
176
     1
 62
     7
176
     1
 90
        3
176
     1
 90
        0
176
     1
 90
        0
176
     1
290
     0
176
     1
 90
        1
176
     1
 40
0.0
176
     1
 90
        0
176
     1
290
     0
176
     1
290
     1
176
     1
290
     1
176
     1
290
     0
176
     1
290
     0
176
     1
290
     0
176
     1
290
     0
176
     1
290
     0
176
     1
290
     0
176
     1
 90
       50
176
     1
 40
0.0
176
     1
 40
1.0
176
     1
 90
        0
176
     1
 62
    18
420
        0
176
     1
 90
       50
176
     1
 90
        3
176
     1
 62
     5
420
      255
176
     1
290
     0
176
     1
 90
       50
176
     1
 90
       50
176
     1
 90
       50
176
     1
290
     0
176
     1
 90
       50
176
     1
 62
   256
176
     0
 40
1.0
176
     0
 90
        2
176
     1
  1
strokes_ogs.tif
176
     1
290
     0
176
     1
 40
1.0
176
     1
 40
1.0
176
     1
1001
ACAD
1000
AcDbSavedByObjectVersion
1070
     0
  0
VISUALSTYLE
  5
3C
102
{ACAD_REACTORS
330
29
102
}
330
29
100
AcDbVisualStyle
  2
X-Ray
 70
    25
177
     3
291
     0
 70
    58
 90
        2
176
     1
 90
        2
176
     1
 90
        1
176
     1
 90
        1
176
     1
 40
0.5
176
     1
 40
30.0
176
     1
 62
     7
420
 16777215
176
     1
 90
        1
176
     1
 90
        0
176
     1
 62
     7
176
     1
 62
   257
176
     1
 90
        1
176
     1
 90
        1
176
     1
 40
1.0
176
     1
 90
        8
176
     1
 62
     7
176
     1
 40
1.0
176
     1
 90
        1
176
     1
 90
        6
176
     1
 90
        2
176
     1
 62
     7
176
     1
 90
        3
176
     1
 90
        0
176
     1
 90
        0
176
     1
290
     0
176
     1
 90
       13
176
     1
 40
0.0
176
     1
 90
        0
176
     1
290
     0
176
     1
290
     1
176
     1
290
     1
176
     1
290
     0
176
     1
290
     0
176
     1
290
     0
176
     1
290
     0
176
     1
290
     0
176
     1
290
     0
176
     1
 90
       50
176
     1
 40
0.0
176
     1
 40
1.0
176
     1
 90
        0
176
     1
 62
    18
420
        0
176
     1
 90
       50
176
     1
 90
        3
176
     1
 62
     5
420
      255
176
     1
290
     0
176
     1
 90
       50
176
     1
 90
       50
176
     1
 90
       50
176
     1
290
     0
176
     1
 90
       50
176
     1
 62
   256
176
     0
 40
1.0
176
     0
 90
        2
176
     1
  1
strokes_ogs.tif
176
     1
290
     0
176
     1
 40
1.0
176
     1
 40
1.0
176
     1
1001
ACAD
1000
AcDbSavedByObjectVersion
1070
     0
  0
DICTIONARYVAR
  5
C4
102
{ACAD_REACTORS
330
BF
102
}
330
BF
100
DictionaryVariables
280
     0
  1
1:1
  0
DICTIONARYVAR
  5
C1
102
{ACAD_REACTORS
330
BF
102
}
330
BF
100
DictionaryVariables
280
     0
  1
STANDARD
  0
DICTIONARYVAR
  5
C0
102
{ACAD_REACTORS
330
BF
102
}
330
BF
100
DictionaryVariables
280
     0
  1
STANDARD
  0
DICTIONARYVAR
  5
C2
102
{ACAD_REACTORS
330
BF
102
}
330
BF
100
DictionaryVariables
280
     0
  1
Imperial24
  0
DICTIONARYVAR
  5
C3
102
{ACAD_REACTORS
330
BF
102
}
330
BF
100
DictionaryVariables
280
     0
  1
Imperial24
  0
DICTIONARY
  5
CA
330
6B
100
AcDbDictionary
280
     1
281
     1
  3
ACAD_XREC_ROUNDTRIP
360
CB
  0
DICTIONARY
  5
1A
330
19
100
AcDbDictionary
280
     1
281
     1
  3
BUMPTILE
360
1C
  3
DIFFUSETILE
360
1B
  3
OPACITYTILE
360
1F
  3
REFLECTIONTILE
360
1E
  3
REFRACTIONTILE
360
20
  3
SPECULARTILE
360
1D
  0
DICTIONARY
  5
12
330
11
100
AcDbDictionary
280
     1
281
     1
  3
BUMPTILE
360
14
  3
DIFFUSETILE
360
13
  3
OPACITYTILE
360
17
  3
REFLECTIONTILE
360
16
  3
REFRACTIONTILE
360
18
  3
SPECULARTILE
360
15
  0
DICTIONARY
  5
22
330
21
100
AcDbDictionary
280
     1
281
     1
  3
BUMPTILE
360
24
  3
DIFFUSETILE
360
23
  3
OPACITYTILE
360
27
  3
REFLECTIONTILE
360
26
  3
REFRACTIONTILE
360
28
  3
SPECULARTILE
360
25
  0
DICTIONARY
  5
7B
330
7A
100
AcDbDictionary
280
     1
281
     1
  3
ADVMATERIAL
360
83
  3
BUMPTILE
360
7E
  3
DIFFUSETILE
360
7D
  3
FBXASSET
360
7C
  3
OPACITYTILE
360
7F
  3
REFLECTIONTILE
360
81
  3
REFRACTIONTILE
360
82
  3
SPECULARTILE
360
80
  0
DICTIONARY
  5
C8
330
69
100
AcDbDictionary
280
     1
281
     1
  3
ACAD_XREC_ROUNDTRIP
360
C9
  0
DICTIONARY
  5
C5
330
65
100
AcDbDictionary
280
     1
281
     1
  3
ACAD_ROUNDTRIP_2008_TABLESTYLE_CELLSTYLEMAP
360
C6
  0
XRECORD
  5
CB
102
{ACAD_REACTORS
330
CA
102
}
330
CA
100
AcDbXrecord
280
     1
102
DISPLAYNAME
  1
Imperial24
102
FLAGS
 90
        0
  0
XRECORD
  5
1C
102
{ACAD_REACTORS
330
1A
102
}
330
1A
100
AcDbXrecord
280
     1
270
     1
271
     1
  0
XRECORD
  5
1B
102
{ACAD_REACTORS
330
1A
102
}
330
1A
100
AcDbXrecord
280
     1
270
     1
271
     1
  0
XRECORD
  5
1F
102
{ACAD_REACTORS
330
1A
102
}
330
1A
100
AcDbXrecord
280
     1
270
     1
271
     1
  0
XRECORD
  5
1E
102
{ACAD_REACTORS
330
1A
102
}
330
1A
100
AcDbXrecord
280
     1
270
     1
271
     1
  0
XRECORD
  5
20
102
{ACAD_REACTORS
330
1A
102
}
330
1A
100
AcDbXrecord
280
     1
270
     1
271
     1
  0
XRECORD
  5
1D
102
{ACAD_REACTORS
330
1A
102
}
330
1A
100
AcDbXrecord
280
     1
270
     1
271
     1
  0
XRECORD
  5
14
102
{ACAD_REACTORS
330
12
102
}
330
12
100
AcDbXrecord
280
     1
270
     1
271
     1
  0
XRECORD
  5
13
102
{ACAD_REACTORS
330
12
102
}
330
12
100
AcDbXrecord
280
     1
270
     1
271
     1
  0
XRECORD
  5
17
102
{ACAD_REACTORS
330
12
102
}
330
12
100
AcDbXrecord
280
     1
270
     1
271
     1
  0
XRECORD
  5
16
102
{ACAD_REACTORS
330
12
102
}
330
12
100
AcDbXrecord
280
     1
270
     1
271
     1
  0
XRECORD
  5
18
102
{ACAD_REACTORS
330
12
102
}
330
12
100
AcDbXrecord
280
     1
270
     1
271
     1
  0
XRECORD
  5
15
102
{ACAD_REACTORS
330
12
102
}
330
12
100
AcDbXrecord
280
     1
270
     1
271
     1
  0
XRECORD
  5
24
102
{ACAD_REACTORS
330
22
102
}
330
22
100
AcDbXrecord
280
     1
270
     1
271
     1
  0
XRECORD
  5
23
102
{ACAD_REACTORS
330
22
102
}
330
22
100
AcDbXrecord
280
     1
270
     1
271
     1
  0
XRECORD
  5
27
102
{ACAD_REACTORS
330
22
102
}
330
22
100
AcDbXrecord
280
     1
270
     1
271
     1
  0
XRECORD
  5
26
102
{ACAD_REACTORS
330
22
102
}
330
22
100
AcDbXrecord
280
     1
270
     1
271
     1
  0
XRECORD
  5
28
102
{ACAD_REACTORS
330
22
102
}
330
22
100
AcDbXrecord
280
     1
270
     1
271
     1
  0
XRECORD
  5
25
102
{ACAD_REACTORS
330
22
102
}
330
22
100
AcDbXrecord
280
     1
270
     1
271
     1
  0
XRECORD
  5
83
102
{ACAD_REACTORS
330
7B
102
}
330
7B
100
AcDbXrecord
280
     1
460
100.0
461
100.0
462
100.0
463
100.0
290
     0
270
     1
464
0.0
293
     0
272
     3
273
     3
  0
XRECORD
  5
7E
102
{ACAD_REACTORS
330
7B
102
}
330
7B
100
AcDbXrecord
280
     1
270
     1
271
     1
  0
XRECORD
  5
7D
102
{ACAD_REACTORS
330
7B
102
}
330
7B
100
AcDbXrecord
280
     1
270
     1
271
     1
  0
XRECORD
  5
7C
102
{ACAD_REACTORS
330
7B
102
}
330
7B
100
AcDbXrecord
280
     1
 70
     0
 90
-737002382
 71
     1
  1
605FCD72-1D2F-4AB2-8681-93EB795A4B0F
311
504B0304140006080800239DE35C30968B7D39010000B80200004F00000041333946384535392D344444442D344238322D424430462D3243354645364246413539422F4173736574446174612F446566696E6974696F6E4974657261746F7250726F706572746965732E62696EB5524D4FC3300C2D5F420821C185F3FE4048
311
97355D8B8450B32C9C264DEC074CA184AD52DA4D4B2A38EEC0817F0D76D7B1C17D965EE238CFB1FD94AF2008BE5B03373802AC61BD82FDC9546655E4937C6E4A1D9CEF227BEE3144F128CD9BAEADC7B451E17263ADAECCA27637BBAC4EA93DBCA7ED1D265D00B601872FCC36D5B081F74D4F1FE006FA7579FFA89D33FE8166
311
BD5425439E92484A492291302264A8081B70358C85CA782AE8B3718B7A951B47E390AB81EC33D2954C9128138C2471D225696F28FA29CF22112AEAE775F952E9C2D290B62D4C97D50C4BA39D00508F6BD8C7ABC29523E3B56D25C1199A20613CFE73C0092F010D9B4EBC31F69F4A4DAC433A4EFBA23A05EAD9968E4E73BB2F
311
1132D60087B725F680427D020E2CD074BC709E855DBE510ABFCA2D546D15F3D3DFF9F75503C281ED07504B0304140006080800239DE35CF6F0B3F093010000C80300004500000041333946384535392D344444442D344238322D424430462D3243354645364246413539422F4173736574446174612F496E7374616E636550
311
726F706572746965732E62696EA5524B4BC340109EFA2A0585FE05C1831E1692CDA30D3DC426693C29857A1424D4D416FA9024C56B6E7AF3EC4FF06F78F620E8492F45443C492F7AD5D9DD8694107CE0C0CEE39B6F66939D390780CF99A00B053C31EA35B43BFED00F7AED56BBEB0FBC0D047449736DA74289EC5097A8758B
311
92AA5E9589A134AC8AA1D5554B728B69212B5164D56950CD209AAA2A44D5A94C2CD772885C51245BB76DA3DE30902664EBE0E2FA7DF3DE44BB80488C2789B915ACA9C992FC4BD194B7A1CC4285CB9DC9FC6F649A10D0712FAF9E5E4BCF66D68A7224E03D8B18C4997EDBC7E18B29EE5F15A9096B93B2D87BB24C87CBC72C33
311
9963A45CEE255F9563F9BF8A19D14C551A2EA1CB26C72E6D9D7A51BB4BF647C13864F81022E8A11EC3084F08356821E22172843A405D833DCC0530C0B88F91033E74E004315617F11A8179B08C1DD97E94D136835E38D8F523AF2F568420F69B15396C8EC2884AB2564A9A10AAE97FD99602AC60698C077E9E227B18268905
311
C87966CE403C2571644EE567D8A8D791557C783CBB79BB1523CE8E21BF74AEF7FFDD2F504B0304140006080800239DE35CB5A795FFE3790000DE7900006B00000041333946384535392D344444442D344238322D424430462D3243354645364246413539422F5265736F75726365732F36303546434437322D314432462D34
311
4142322D383638312D3933454237393541344230462F7468756D626E61696C2F302F67656E657269635F706E6701DE79218689504E470D0A1A0A0000000D49484452000001000000010008030000006BAC58540000000467414D410000B18F0BFC6105000000017352474200AECE1CE900000192504C5445818181B3B3B35A
311
5A5A4848486060605C5C5C6464648383835E5E5E6262624E4E4EAFAFAF4A4A4AB5B5B54C4C4CB1B1B1858585B7B7B7585858ADADAD7C7C7C464646787878ABABAB747474A7A7A7686868707070B9B9B96E6E6E6A6A6A8B8B8B666666545454565656A5A5A5505050A1A1A1BBBBBB8F8F8F9F9F9F4242425252527676764040
311
403E3E3E9B9B9B7A7A7A8989897E7E7E9393939797974444448787873C3C3C727272BDBDBD3A3A3A6C6C6CA9A9A9A3A3A32020209D9D9DBFBFBF8D8D8D9595959191912626269999992222222424241E1E1EC1C1C1282828C3C3C32C2C2C2A2A2A2E2E2E303030C5C5C53232321C1C1C363636383838343434C7C7C71A1A1A
311
0E0E0E121212484A484C4E4C1616160A0A0A4A4C4A787A781414147C7E7C9193915E605E464846838583878987B1B3B18587856668665A5C5A626462818381A7A7A5A3A3A1B1B1AFADAFAD7072705C5E5C9D9D9BABADAB7E817EB7B9B7585A58BBBDBB4C4C4A8D8F8D747674B5B5B3B7B7B59FA19F606260ABABA9A5A5A39B
311
9B99A9A9A78F8F8D6C6C6AC7C7C5451AD12700002000494441547801DCBD89771BD7B5A70B8EE04C702641712605CE034890E220088028C93245451215B713AF388E7DFD9EEDB8DDCE6ABFF4B57D97137BE50FEFEFDBA74049B6AEED74869B7E87404D2814EBB7F76F0F67A8835CEEBFA0E42B854AA5B2BB5B6BCC951A8D52
311
A93657A914FE0BEEE39FFE2FF395B9B9C6CAD2D4C4606F4B7FFF8D1B37EEDCB97587F7CD9B4343BD134BABE7DB48E3FFA7A228ECD6F6574E4786C0FC8B5FFCE2CD5FFCE297BF7CF3CD5FFC92B52FFE58BFF9E69B776E0EF5F79E55CBBBF9FC3F5D3DFFB07F5898ABAF7CDA3B74E74EC0CE20230561BF096E97E05712BFFCC5
311
9BC80539DCE83DDD6E54FE61B7747DE17FB8980BBBFB2BBD4337DF487881AAE6C5ACC6AF25207877B2B527BFF1CB3B77FA47561ABBD7F7FA7FE146A5B6BD74E3164C7F51449AE95DB412200EC539418717E7F2F11B376FF62E95FEAF1442BED0581DBCA1BD2780D23F506AFA16E1A7AD974EF17876F00DD7BCB187A1A97AE5
311
1FCED5BF2BC1F2BBE5B3C19BE27B43CF26DE00933658FE129B109C2FFF922CC22C4260FA01BEFB462A77DEBC35F42F600C3F5B0795D2E9E02DAD5E650B4438A92801B65C35CBAB7B1EE5041CE69D3B6F1822DFB873EBD6AD3B6FBC71EBC6C86AE967DFC2DFA4CEBFF1BF54F6276EBC114E2F43FEC60B01A0D440A868B2920E
311
5C4BC10D60931ADCB871F3268B21D3851B08E1D6AD9BFD4BF57F7577909FAB86F29B982571136AF01DF5FE32AC3BD9406CAAF2440A54CF176EDD01FBADA1FEFEFE21FE4C9858DFF4183458A9FD2B6708A5A5A137E0EE1D11A9EC0C7C58B2C73C0AD6B479BD76B7790CF899E287FA5B06FB7B07C9195B7851FA8794031EF1FC
311
5F9406BBFB23375420286399B631E93B08022A785C4DBF9996EC3551874094D71B6F487E80F6837E50F483BDBDBD83232323AC420A18C68DA196EDDADF68A77F938F78FD972BABBDB7B87FB164AC6FC2CB760365821ACB74AED44FFAD7E7431ECD7E08AC421F391D199998989A383D9D98E8E56F84A318C58D9BFD2DAB73FF
311
5222C8EFAEF4DE7AF30D756E5108683DA471E70D0502099A7240F19E4089D3FD203E620F1B47BF43501E85031AE44B4B9F2E4D2D9D4D51D8970983FA861B3706FF950CA170DE82F6B312CC4F42C8966295F7D725ED29882415DC055F36DEA1FE96FEC141493F05FAA9A9A5A595B333DED5B3D5A533F62183323032F46EFF13
311
EA0AAFA5FBF7C8976F8C10F7280A014832593B90004D52341980D907EAEB73411EB2F1EBC9F507F92746C40E7AE0AFAE54292BAB2BAB67CAE0746264A277B06508168C94BF772BE9765F7BF0B548FE1E07F3B5A521340A5CB5297C4B12811B89E82191ECF3E41B3259C529F135E23CF4C7F961FB13537F5A02ECCAEA76B5BA
311
5D3D3FDF3F2FEFEFB3AA22053E5008833428DC6C59FA2F770595F311F235D427F379BB8A121BD901B96076A388DC4C3C61C7933CCCD770FF375A6E0CE9F535FE2534BF5ADD3E3FAFD71BF57AA951B6D4CFEBFB8864758A26154430080B06ABFF557610ECC93726224F155D1471041E0D42F82F4891C926C1355B0831649FF3
311
65F46FF05300A7A790BD8ADEEB0D4AA9569A9BDBADCCD56AA55AE377F5F3F3EA2A34983A1DE91D810543138D7F28E57FF4E2B5335A3928B76EA1CB9B00BF158C8F63A2E788826896D0B5E7C461949ECE089144F8EBEFC7FB4D8C9C4E9DAD60F7FBE572B416C2F2423ECF8B86C439E450DA970634ACFDA977629098D0B2FAF3
311
13A36B3869E37AF7853378CDA1171FBEBA95DF1E44FD5144A420588641B0055A79ED91CC0DC41E27064512FB33F1F04D09D0D2DF0203A646A6CECE80DF28356A348CED8C4F1EF137B9319E1BCD29867CA556AA97F7B757567006A447FD375A26CAAFDED9CFDCFB2BB0BEEE8AA5911BC2C7F85DF88A3775389990AA72219D58
311
2409210F85A4E66F2987D875C30848023088FDF77E87F96FD7CBA5B9DCCEF4F4C9FC7C676777577B7B7B67E7ECCCE4E8DEE85E81A6D55AA3BC7FBEB242589CE8ED4770E785D7DDE23FF2587EBF57F50B9E820527316488E5C32D50F979BCA58207297E2B6D658702FFCD211840FE43FC9F3A5BAD9E97E6F21B9FCF16BBBB3A
311
3A5A175B5B1787875B5B3B86DFEFFC687A72674F19D46A8DFDF3EACA59E405375ACE76FFA922C817CE86A89BDD92F400F2C55B7462F610459837D3A61ACF50C7471C8F2F2A9D38C3DA2F068007F80EFCDBFBE5DCC674B1D83EBCBEB8BCBCBC3ED0D3D333D0B3DE33BCBEB0D8DA35FBF9F8CECE68AE020BCE61C112A4C1138C
311
D47F9AD13F7DC6AB9CF9CFCFAF9D0E01FFE6CD503F5B91C5218E2899CA15098714848B04FCE5654884ABF0E554F11F6C21D73D5D5AADD64B7B9327DDAD8B0B7D7D6D6D07070763BC0F3E38E8EB4310EBEB8BC3DDB347E3E37B5842B97C4E44A0C630427E5CFDFB71E03F471E12CA9FF70E055AE141042DD81234B879EB4606
311
361D9328149037D7D76A571A7E974FA20AD0323832713AB5BA7ABE3B3E3D3FBC30307070B0B9B645D93C3CDC3CDCA41CFC6AAC2D64D0D579B4B1B397A7C1BDBEBD7D36657A3CD4B2F44F4909F2B9CA597F4245C59DEC354316F0587020D0C661742BC02869435FD12CF195C422DB3C5A3E2305C000CE6B7B27ED8B7D63079B
311
5B5B878787C787C7C7C757C76C51B60ED60EDAFA06D67B965B3B672677080BB5329E60E9B477847AE2E9EB53E35779FD37EFCD2D0DDD68AA355B6B0D81860502B8B68C801F5C697E9AD62F4B406244CB975560BAC756AAA577675B07C6D03778C17E7C95CAF1B3ABABE3E3ADADE3CDB1B1B6B681014470343EBA979F8B9038
311
3545727C63E43549D14FD0F927E5F1FDEFD7263058FE02EBCD1BDCBCA053496BD58E69BC44F9F854D4D979AE9ADB908824382AC1D4014E9756EAF9CE85B6B54DB01F02F8EA5908E0D9D5F1B3E72188C3C3AB67879B07C8A0A767B8B831FE5E7EB754DEAE5261460243FFF07858D8EF0D658BDC563A2C5EF5833C13C90B6924
311
8C4DD97842B61DFA7F210A2F6108A0F96B62E2D3B3F3DD939EA47E30ABF5AB2B903F4BE5F9B36757CF65021E616DAC6F60A1FB647274B4B05B2E5341B082D43278F67D8DFDA48AFF9A13F22B34C7586C9992BA6E66CABC190E313E7C811AA57304B421A75B289B9D174CC868C24548823E230B9A5A2DCD2CAFE1F98E61C015
311
CA7E96B083FC59F3ED06EE60F360B3AD6F79787ED278D0A86FAFE00BA9220EAEFE1D5DE1F7855939C3FCC1332426B377F692406E022C010DB437EF009803F0DCFD3B7C94440571D8F2C328F115F47FD324802070BAB43FBA80EFDB92FCA1F7E7CF9FA875CBB327CF9EB08C4DE4815BC4210E2CB7CF1CEDECEDCED5B7574909
311
68286899FAF95583BF46F9393CEE6A86D6F618CAAD9BFF0BE22B042412C5CFB50556815CC5BBE33E9F61ECEC26A9BCB8145FD10590078F9C9E953B513FAE1FE387FAC246E14F9E3CE7F5F8194BD6594140876B6B84C5D6799C61A16434201E5237582AFD75C07EEED9863F463284E2E13425A036BD41061259289B6BDC1ED6
311
56FC8B8592C9D00701E27CEA749F0D8EF44EAD8C1F80FFF8F8F9D513191F6803384C800097F24069C407CFAE88136B7DCB3D5D4A60B711F19070D83235F77331FD35E715966889038E2E0B346EAB7936C4162043E1A1F144093695443A570144898BC4079CEF1912809A3035A1D3F361235F90FFF1E3E0FB93C7E2750719F8
311
8E7D8E68123883ADB5B18185AE99F1D11C1238A792DC4BEDE8EC6FF503DF377E0445F68FAF4E08D43082D02170F30131A154206CC559A8D9CFDD762B31273E4947A581E0D9BB71E33FFA07CD02CE2A6BE1EC80167497F2A81CFA3F7EFE58D0CF5D5D170DE4F89070B0BC4040CC17BEAC6B0586C3D3FF0309BC06F44B04A1E1
311
3729929B4DF73C44070692C810B08AC3012E8EE9EAE22067796288C193B2139B970B86F47FAD0F98382B1E035D9C32FD318A4FAFCB274F2E1FA772F94411B0CD42493C23393A685B5FEF3E1ACF554AF5F3552A478383374E6B2FDDFC4F6DFE38F4F4ED7A7FE838F488EA852482F412D3CB07E293D02C9F074F12E84C5AAC42
311
3271450572A385449844706475FD38DC3C22486A0639E5F1E38B0CFE93CB4B25910EF309A2224BD8DAD40C682C28341AD69047E8539A6AFC14EC573F7FAD10AE0FE6EB13E87B28E093B513B5803514DE408809BC12A14876DE0A25F643009E9176D9F0C330164285A7444DC8CAF0E9FE41429EE0A2F6A6DE91C0856C501272
311
404A8468822E24C807030B1D33D40D4AFBDBABB411D093D88C86D7205E05FC57EDD1F805FA4CED5920F0CED39157E007CE21757C5DE440ECBCB46CD283E378029B43FB077B4F47E60E9F61E8D01BE017D7E843EB49F50A2028F1E442FCC90C9EE308E4C0C2C94EAE30B75FAD3A0EAFA57FE9EF960F14BE15638840EAF3BA49
311
0BB6850EDB38EECAFD21A0C746D0C4234DBD035EFC7EDD121FA585FAB73DB89FE6A03CF833AB0730E5E2F1A36CE3F202A128934B44E396961121E1F2C9F32BFCC0C140CFE22C1CA8E109B182919696BFB98120234F61B59F7BF46EC30CF067B21A33B0FB3E402448EE266CCD93135A8E823DB31F85E677434E608F53F8100B
311
C0098EA2FD6BC01770E0F2F2D1E5452A711C4BB8486248FAD756D852026B6DC90A2AA5C6B69E9068B8F27AFABFFEE8AB36F1D23985D5960014FD711940800B560250D2272CC54FF1D3A660B275AC3881E349689C1616E1E9044129D032313509DE4700BC867C71F128C400159407C761022BA8A040F40A244788808C60B3AD
311
67A17576279F6F946923191921B0545FC2F12AC0EFEFBD7262B6935679FC7F80629160ABFAEC88E8430E76D82A8DE62ACE50BD4A42FBF03B387B37FD321B37E31C3F063D99703F5160E6C9E5A300CF32A91E0A085A29C0FC507F6C21012303C6104B82C1F1E156DB3229D1A855A32A8352C9077AF733A0AFE0FB3EF81FDF2F
311
0F82C21B0EB06998866878B103305E31EC17F4FD43831E570A2118D1667632D4FFFFB125782F96168A833DBE78C3F11F8383A79D49F58F1E3DBC780417AE6581381E8610604888E2913E12492881274822C221AD04CB0B1D273B8542837460898C686864FF6F801E8269F40AD0481DFAF5E6E9C1F3BE391C325004DF0746A4
311
E4448F7B52C0D5EAD39EC46896B888C4210D68E99DFA2820DF7FF850EC407EB55C3EBC5028611409BFCB8889C90F1C52355AEF98B18100094C9D0EF6F64FD47E5CBF3FF5293DDFB4B50DDD54F351446FA1F14580DC3902C085F593CB24ACC917B213BBC11B3F0A61042FD8B24F4FB9C4556D0CB9E1A880DE89934CE9607F18
311
F81FDD950DD0E1D143F41D56110E227C250621FF098838042BC85B5B6BCBCBC31DD37B34966E9FFD9936A2FEFEA9EBA4182E5CD3E17AE35501FCE0707E5525A7DBC64DFD077825BE37CE0BBE1BBEC061410C660B6E49912665E2B3749C7C9F93834022F74CDE6CA5EB501D9CBC04B768292C5CCB84478F3CA83074092C6082
311
169015E5800D5839DC6C1B58EFE83ECA513BDE3EFB8EF1242D2D4B3FD55AFE03D42F8492AF8A3F21444FA2FA9ABBF525EAF84C09F0168527B0138A85D1EC0443C467B28BF844EAF76323BE13D7C11F72FED783837B970FEFDE7D7817E077C17EF7E2A1C2C0FE851FE4C008388C15E818958746129E1009D054B67530D6B3D8
311
DA3D59D82D9D57CF70039FF50FFE0DE94089DB269C3655A4F25B38C49D0BD48E59F1526887C18FC5272197F85CA72862A593A4843CD25F920487DDF7AA0441A2C0600D062001F103FCEEA3D8560CEC3EBACB01CAE5A51E420349F602191E5F901893142381351CE17047E764BE50DEAF9E4D8C38B6ECFFACEB141E54A6865A
311
88A60133EE9CBB4C256930B0B168C1C3AB59FE1743FB422C7166082E934AFA5EFA3E4BCE0B69362FA7041818B7FDECE1DDFB4D022007CA23E521F0700AAEB5888BBBF08023E128B4045381542FA256B0D04E28A0C3804E233A1BFB476A2F48FD135BAF9843BEDA3264EB42BA499601F16B566E72C7EA35908ABCB9176BBED4
311
3204C696AFD3D7B24B08D3AFA44BE243D88A6D9D0B6562B52F741E1610C0EFBBAF2B0829289A640EC4C8A4FF66A24430786CEBE1E1E61AF9507BFB496EAEB64F8F49B4129EBDEC065EC1F8A3F228A3CD0950883B41BEC6D1944AE06147289600A7726313AC69A3F91197F1438BCB743E76F01F6EF1D1C854071670FFFE43FF
311
1EDED702EE5A14C85D0C42DF90B86068800659AC88981855E3E774A71C0CAC2F76754EE7CC87C808D1E1E0F6CF47FD4224731337BE1E39C5010823EE997B1491BBD99FC8D8EF77482BEB5EB2CF66499A8E0F7511B19B3EFBDACB6507BC78731B1B383D02FFDD7BE8DD9256F7D0BA7B46015941097B80018F700FFA024CC080
311
78F51806100ADBFA163ABA8A3B95B9D2F92AC30BC908ED31FABE0CBEBFFF0279B675868F9AA24E9530B08C174055B7F48E4F58002F3E82F0BDFA003E8B431EB6C4A91E4D9B5FFB791265BA8827BBE5F1BCFA7F789F72F75EC800F8AE43FFAEC42F13009FB905A9A0132015D0068ED7682AC608BA6771038DEDB3B33082891F
311
AB1ABF5614F93238079726B833958796B845B731FCB86316713C1DC581B1E19B424EE32674093F80776F7E27C6FBFAC85C536CD955B96EDA2A3FBF770FF4BE11845470EB3E42D022000E0FE07D161811020742162444668308801E133A4C163BE68F6826A5523071CA78B2FED51F28F8C70FE4190073A3E5D3259D7A288CD1
311
9BDE623F10021BAB0C6E327FD507B2741627727EA00D31856492F9F009D7F152D930704E642795C1C1B336E0DEBB7F0FDCB79318543B25341F36802D64A981A690B94259607DE0B19D466BF8C1C5E1CEF9A3FC5C639FD6117B4BAEAB453F8EFBDA500A67E8BAF76C8A06566E36EE1184E8329419161F83D843D5DE7D822116
311
3E145F56921C3EE383978072129E290A9B7166E63D26BAB1FCDBF710009E4051842390031845F20077CD079407C575F20364C4910ED2A574BC357630B0BCD8DE39335EB175646A698458F6A346F003A93002E846FFE0C459B8006E506D79BF902908A0AA05CB5E73530E33BA1D3C2EF99C712B7C8B41DF4D2A7830BE870748
311
5FCFAEEB85A09AB6D39BBF7B4F23E00509C20DB04E240822A4B810E04D8D53D10D504C059ED86BB8697F514777717A8F8144D48A4C89077F7EDB00E2D89DC02A7B975640A282C49A4AA84B70B12BFED8EA6584860DFB7EE23FCB00C6BAF7332FF259FA3C9346508813E372F1DDE425065BB61FDF8300F7EEDDBE8D0C6EDF46
311
F7D8823478590AE23759D60DA6B7A9F125EDE8F4A5D2B37470D0B63C30DCDE3D3D59A8D1501EB1B0A5377517BDD6E301F995E3F955F0F58FAC2E81CE172A8344AC03DC6781939D2484B8FFC15E8F3ACCD3954CE19576B942D0A029188EC7013FE59AE90B71292DE774F1F63D60230180B30A2EDC65291B6211B40811288560
311
01A680015CE000708254891851D4B3BED0FA4D7166B466BFF1D2A924885AD12B387FC0FCE6819AC3AE06A7AA4B715F0927B74D119D4A668FB54B8A8C268D8B038A207D10A7B1E95E42195B695BE0240F7408B311257C23F581E987C180140C584A02B1670CB817CEC0A080F259F1360E58452013200E3EC107AC1DF4FD7B0F
311
6D23F33347F9527D9F51E6138E31AF35F1BDAAEEEBA3D71BB402E2FB47CECEE96B4DB85536772B07C82A34F3E66D0BCEC207FEB9E70643761276F7B50D5EE963CFF80C7AF4A2130F5BF8C4EBFB5F07B709840480DBD8007FB7EF3F90104908BA457D43AA2A6A02C91422285E5AAC143F3313A0CB74D9D164933B86C2558713
311
4E8D342B453FC982860D09FD13ABE72055ED020E85D3E312F74C25CB0293D978A1C4001927C80B86FD06349126EC219F0C735C8053D8F5F310817EA01F1B7851F406144C211C6362C27DD51F1E310C0102280ADB891E9B085CC528A2B1369A46BA195B9A2B351862CE43174BA73FB7CBB430A5798F4C54B7333B96C3224A98
311
63AD02B9FBD8E63092191924E77C199D92887DA594B6DCF0112857162FD0949FE6A441F5E62E42FB2105BC405A2301A3424601DC807912CB2C39C604A27908021CDA30C4C8C2019A883B3A8BD393BB3546136EAF561980FB63E9E035FF73B96D09A905ACB2C11D79571C5159026227DDBDB81396EB03F14100BEB66DE1FA9E
311
F82C3ECCBE318119C4269FD014E66361FC8BB0B4EA9A98EF3D8848A01360430284335004C183CC25BCA82D2302EB03B8419241C64DF4F5ADAF77B533BE786334BFCBB8DA72BDBEFFC36103AFB30608A0B39B58D93F0BF42180841DD26BDC22CF0A770E90240006BAC65197D90920131C7B2EB3CFD3C71C6378A305EE8488FC
311
1FF8D391E2BDDB0F6E3F45E7C8207C419800DB410073A3173942CA8D5242642A74496FF115832A6314D9FA4257577BF7FCF8F8E8CEE8DEDE5EBE76DD3CF892BA7FB8B90F629431B5525E92A15A3A4A6FEA3FDD73136172060959206591F4C927196CF645AA285CF3014630121754261C0D31E1A7E3DA2DBDB54B04703BDE3A
311
4209F02045C4BB0F529A14BED07098A2A1CD47513DA64B512F409BC01663090796D787173B5AA141B1B39BB470EEBCF1E30F9D263ACC4D05110797CEF7B923B027F089F74D1D06F0A4D8C0CDA6604023FCA45B76C5CDE0BF3845ECBE13E0C0ED73700A8A753C1AC8AEFFF1B407FC8A20F42F0D94019121DE304077A027D411
311
2283BB8FF0072444D68AAD111D6F591BC0061854BBC048EBBE9E81F6A33A95C21BFD13AF3C7E7DCDFFEB0DE8903F77B41DF178E99C289895B0EA8CD640549D68935BA7C5294E0A1D66DA0CC419BD398E6265789CA1241441AC94532A3C19C95340BEFC68703077EFC1D307B71F3C500859C11494838E902203A2BE90EACC51
311
35B80B078804340C920C2300BCC06F7A1C71B875DC572C9BD1D84BD5FB9363CA6BA7D03E5C40FDFC54FC23C9B4B9DDD028787D89219038523BF64E638BB37CC25335937A00DFD32869C5B390C8C32FF25C8C47A7181B4A599A224A9DADB0E0406FEFF9F183B7448F081E3C55024FB33828784AB61704482CD0160C04174F9E
311
33BA9291D58C2F1F1B1B3B5863B0D9F3E51C35C253D54A23E560E2C0CB3A6F7A81382601C2079CAE96B7B1560D20A341E85A928A4E01083256420576C2ED477E2E565FD9223BCC691CF394D3D8E281501E0EE5C1C8159E92585D255CF30CC854C75318006EA4A01028EC853F9407C6053910BE105348324002260254886C15
311
6260F9189EE0F8C9A3CBAE9D5A992184568A69D5183A7DB97DB089FDC57AEE54F858FE54F577DBA85309640290F2D220952620750C5811FB772A7876D1E4040FBFC6474D51246D8B3FB378283FB514F8AB3C20B8BF7DBE5DE541C9A5D3D38DDB30E00151E02523081BC89C2214103E0BC1B3D0199A08E002681A2613A2616C
311
EDF0F0F9C5DDC75DA395C25C0309C03DEC8091A4AFD3FEB504AAC6633930556DAC86EE3561941E862C4A75DD6B6BB3A0C59BE153DFA73EDFCBC3CE2188D3D378FC976D0EF9A95B7C8532F527CE3CF539581E0FE501291E9139FFB65EFF5DBD8E0C18DE3077170A64E033FD278F18068028802F156C3809FDEB11B1019C208D
311
020C9BA2870457F0F8E1FDC7EDD393E3B9FC9C4308E9315704233F960E554802C14716B0B45DAB5EAB5E25AB7830EBB8D25E6CA94E4AA01794FB1EE164FE9F040FE82C940A4BCEF913075D087E85A7237D3CF29C47E4E676777779528C4781761F0BFBC1D3A77880E40C9A2E5109180D5255317890394229F0F08201035408
311
2D574F1E3FBAB7D6553C2113DACB97BEB5526C7C6F69F9310A94C46CD89FF8F379AD1AA035FD00FF3F320180F01417A6F255A3A8D86319FE0C0B0E06A0DCD33F79841339C01E5BBE1911AFCFF7C1E0A540BFBDBFCF2372352686D863F83F59CB6865F43104007EE06F52406F680341102048A01BB048823082CBCB0B6AC48C
311
313F3E7CFEF8F2D1FDC3D6F6F9F9D9E98D9D7CAE5EADE2A6512FAD7AB526E17F600C85550DDE9ACFE9D97E694513103BC69F8A2813176032C890C1E9C49FC09C61670FF8705B1D7386260E7C8E7122C7F8208A55139E8C8D4763F7EBF5728DF9C34677364E3A3F9AEFDEC9CD95470788834F9FBEC512379890B38C94205B25
311
57987C4186DF5C0837608DF0F9F3CB87B7EF6E920475752A01460E556919B2B64296FB9FB70DD5F47232A0F77465BF140CD001F00ADCA175090E2665A14E6329B62660E02A1CB50C6025E3DA252A670B3F0FFAA5EAD94A509FE7036B159E0D1D9F2E76B7AE1FD5A606198D3A747AF450023CBDFD162278B9446688111009B4
311
029B0F2180AE20A542D40610C073B47FEFE1416B2B12200F3C991C2F54EC2491027A816B0A34A9D05C6F437AC23462385DADD75642EDDA738AF1600DBE07EE8437804D2D011A94DF71C2085EDD40266A407FFA1D1C00B0C03927E60338E3B9D8C47D1F8CAED578E06F7CFAA4BB63B175FA7C301B747CB377F45192003CB8FD
311
34B12009224543D8604494011A80C1903CE0518C986208E1C5FDDB8FDA161686873BBABABAE74FA637BEA894A44078C19696F326E057D7F95D061A6B0394A9D5F2DCAAFE4C2388D8A6E9AB7695CB0BDD0A332430F1A9333DA41D1FFB97FA09AE84E738C75C407C260408F8DBD5EDED7DE1570A7BE333C54F16963B46AB0C2B
311
71208EA3D16EF4EEDCD7005241166C005A73C03164792151205C007288AE337B4D7103741BDE7B7AC913350B348B2D767515674EC6F72A0402BBCB41C81305AFCF05F2758D3ECAC8D26AB97606DB9581A4B7A8FFB068CD5C0604E6849046B70C2B60FF0CDDF93C13822B4E82FA0479A68220E66D9FD775FB3C1A9CDBDB9829
311
B6AF2F77EC9E0678FB20ED8D1B1A1A39D10F9812E20D6281F5673121AACAA9C53424000DAC173F7E18C3052EEE3E78E7F1160F5AAEAFB70E0F7775CFCE4EF384DDEEBEB9C0889D5243BDF557559FEDE5F17AB21E118C4C31A3DF6A96B56AC62180293910ECD6B721047664BCFCC6B2DD3C65CA0F0C823DFEF84083C7ECCDF0
311
5898EEF158F4FEF97EB9C123F1B9D1D1A3D9F9AEC5F5CEDA84A3C96C14A55584D62893D6A54D8D2028D05C8B1F124884543F3223B29D208B04910D3FC43F5C52196AEB5B5F5E58E8E82610F08C21BD443801233C0CE8BD1E40F84A1CA86001990048031ABBAB11EF83F9283EA89F181F2A0D9A9F62D94B7F625FD727E6A93F
311
63F200F614F7CF100D4511C07DB45FC5F0CB4CA359ABE4774631FDAE85E599EA0878A3C33D5AD6430CF4C055EE5FDB80629000D7855DED3F436F3B61B3DC7FFACEFD2B1BC6FB0696312CFA477CE87A87070C7998E04FBA78AE3F915A065E819FCF35B410321D9ABB308146A11AD5196CDDD7C477A171C8AFC74B45CBC6F641
311
AB53C8D4ADA5870C02379BC0470CF83DB55F073E29CF5CE5F7A3F8FD62EB7AEB1774C2C6780B9523F9287193FD23DDB79FBEA513B45200E2E0C1B51350163AC19043C600F2C1DBF7DEBA7BB9B5457BC0D840CF325EB0BBABBB786D301437000020004944415472B491ABCCEDAFC0591201CAC8EBFACBF367FE7B6E40E69F55
311
1BBBE7123E3C00AC560CE20C62436E8C3C54CC225EE08C0D74CE26148877689EDD004FB2BFBFFFBB984035373A7954EC5EE8591FE531348654514DB1D1C56411DFA2A7C212BE5ED91278F2851A432244C6822C29C85A8B320ADCBDFDD63BF71FD32648E7D098CD018BC35D7FE89E250EF2AC75F96C15271602687965C844B8
311
807C6E7729D93F22E81D39ABD62A0820C1FE9F11CFA7208125D33E96FD69E83AF6052DD32D49FF0802CD9F9DFD39260389A950887A647CCC99BAB17132DFB5DED35138FB3A060F6295AA5E195BF0BB56495A5A4A8FA440026E46A047D40ED2520A441C302D240F201FB8F7E0EDDB0E12A04D8816215A0579E8FE1B1281E9F1
311
9C9900DE79842E2A7CCD48E9876EB01C75DBA0E0C8D44AB5512947A00BE7CF5DE9E1A6A6BE43CF1A78783DFD5A404E4477336C1ED8B18908B2A847B2AFE9839E891137A6673BBB96FBBA2A4B8E9373B001F08369BA11BE8ABC4302FD2345FD6014A127068427D007BE28B41D9B0D40FFB7EE531FA673C8870A69135B1CEEE8
311
D009C08042A5B4EDA314920B635BF941E7487E45256439DFE9D276295F87E698389CD49FB394FE19720412DEDDC40E9CE9C6DD605E0B719FADC416CB15AB3A61F9B5B9B9426E54F81D8B03DD950946D432B40CEDAB7BB5AF11213CBA73C9BCCCDAFBCF06127C7980FE6D1DC9B4DF14832D6568FEAEEBA76FBF438300B54106
311
4ED33F3AC0B0D10505306FD370AED02859234402F6C3FED006766DDED2034D90D119057225EEE3DAF787EBF30EC51ACB4F551678BD6728E1944730C095F13E4D81A4DFFBF67C5BEE37E62A85FCCEC6CC6C7BC77A5B477E22223ECA4FCC0F87E2A5E3EB782BDB25B8CFC6736A044DE5A7CDA604526361D650484FE283B77EFB
311
D65D52C1C73C4F48E7D0D81ACF572F2E2280F98FB230508FA906B42DE240ED651B301CEC83DE1790C9FD96B6CBF986BECF3BD332C18EF627A0B6EECD5B152E02088D03D828AFFAD26B05BF671B4F9A09A8CE0CD2707F67F2A4B3BB75B9ADA331C1305BBAC182FB4A79820B7EEAF73199B8404C0B81231CDCBB871B80FC41FF
311
5860E8E108222A1A076C29E6E03B6F3FBD4F1F295DC457573C7ADED636D6B7B8C88413DDF3B327E1046AA51040B40CB50C7E3F1D2E44DAD34CFA604029BFFBE714DF0C069908027EB275F1F366C132E1A7450B04011CF82B2B647CE754F650FF6E25BF37AAF65B7BDA16CAA791F1D09F6CAB989EC5AB7809BE145FA459E8D3
311
E4B0FB47DAEF093B946FED585B80FE1A0305FD5330FEDB4FDF79FBF6BDE81D8300CF6815E5F9896552412A03F31FCDCC7CB5E32365550CD9365FDCCEC8752E943161D78047336F8AF6539840A1F2E764FDA2970999F205CD2BD1F5CF496571F76EAEFA0E1CF8FD2A55FD06391F9EEF8B9DC9994E72BEBEE1FC928E2F223EBA
311
0FBFBFB4F2DF137BC894B8087643D64ADE6EDED67F7680FAC9060239E845FC94AE93D880F994FBF71FBCF5F66F9F32C292EA900F9C1E6F1105E81C5B5F58A067A448143842008D7275EA3BBA3D2516FDF02FF79260020D6B3C714711F3CFB61BFF56A826E627E82256F7400FB387FEF23C1C1E77FD6A21EBB1B2B35F2F95E7
311
760BE1FA3ABB3A981423477517EEE36FF96F122B942F6FB64D9502BD1B9089162532A2FEFED255028FE653C9F46FA321E0B588B7DE79FBED07C44106CC85133CA65190543004D01D02D8181DDDA5A9C91A7110805B7875B689FC3902200FB192E7DFD936B37B57D9C338BD49E99E181F4E5FCAB2ABC1CA7AAB382CBC7D5154
311
57CFABE6FBC63D525E5CDF74B16378B9AD6774A58531912D232DF01BAA913DFB7D3AAFF912984302B84D0500077800D26C60A4742101DE420C610C2E92FA93056022EFBCFD5BB6B38651470CD33BD87630C05831BA864C85997B8754B05167F0706499DC442FCD22592AEC2ABF3FF13F950039BF159FA9B36ABDB2778EFF83
311
F70972B83BFD3F4899E64DD8346AA495CB155A7499F2CE39B0AAE755125EB84FD8CF8D8E4F4E9FB4B72E8F1DBCCB98B31BC4607C2CFF21C8145FB48EA0F2159F86A3098415609554DEFA7B27EF1301033DD06D274BAF6821D220DEF96FA4CBB60B3CA241C021D38E1AA76B4406B4767576166766A6C7F77273F5F395291BBA
311
19F64F2E3095C14F3E60371827741CB27E89543857D6D96BF9A47C6A9A26057840332EB843717AAD171880217B71FCCC0355AED3D4819911F79D0EA8AD6DA31A83E36C5DC2D470295C011302387069158F6C9966022367ECF1D00BA9BB95C389AE7B6105A1FB640689033A7FCCFFEDB762189103A61C3A4FEFE0D6A6B5A19E
311
C5755A443AE78BC5E9235B047890A65919A0D2F96AA3C01CEE913BB3ED239C3E0CD8DDAB99E4348BF3F8B977B6C43DEBEFBD7721A839A63B94C06A10DB87FCBFA3C2932F8C26F88B6D6BB30C3C4E09AFE40FAB52EFAA1EC0316920E031A46D65A0FFE45A673432E907FBCF86717AC04F2CD0EF512D665FF53F05BFCDC43489
311
F150890C60A8E0314E70A06F619D30D841189CA15D3417F3CD50191AE4396543F0C42BCFD696C58DF163F5B46D708BD5FDDA5E5E5FDF9401BC4F7E00E8A17520833D1CBFF495B5D1CE037C664123EEE74737268B5D1D3DBFDA6AAD8C08DF2C0BC7A737E10AAB2A7B958990CEBF556CDBEE823CB09FB344143463C630CFFF58
311
5D330CF0320E921744A7918280FEEF981161008E9FBC78C830217A07B7D6985E83F9A79884ABB5AB383B4D7D788F9FB3D867A2112A43F19042B33A108690CF6F472F8661CFAC971478757F6E6F2F7AEB82FEA85E5715941778B278281F28C268AB24BDB470EF3303E09C359E9DF1CF990D8A096106E6A66C8620DDE7D281DF
311
0B2831F20439A30D68386CE13E002F7EDA8D7806162B205D6A19AA1FABFD6B1B400EC2BFFDD66FDF7E8755B4883C043F43046C1326136680404F1F934EBDDFDD39CB58A98DF1BD7880E0532E671FA1435E9D6EA5E9071000BE8F262E7C4044FD95D5FD526EB40A05A634775F32205C3D779FDC168CD5E56BF982508BF572BD
311
A4F6F57D3304BE9EB18149461B12F760D7485891CA47CFC44909136FBF4931716A2E100123FC6CCAA6A644F25EDF4AC980B14039009BECE8B798BF69A05DC5B6885CD23F8E13A46FF0C0A986D617F001C52241801E87C2974C31411DA3A5D7B6175472763D637D3E57C33B908F867F4A59CFCA7923375E5F027A983E18BD7B
311
D4E6FDDBB2250C1529F4202EFAAF979DFFB1F2612E87EBEFEC58581EDB9AA95AD1D7C1905F7305BF8182D5BBB524D47C4E3B81CD843220DE1E6536497C0962C225F75A2D6A998303B23FC501F0B3F736EE1FF01200FC8C99F5515207C9C40081DF304C0A17D06E26CCBC5B3C47459308178301FA8057C2C0AE9D99B05F0388
311
28B08400F2E3251254DD7EB8BC4853B101F99AB48E387457C96951E5DB670648BAB70A7B04FE93EEC5F5B183F9739C98952C6845C380D401B8FC86E70A20744EC720E09D35955D96A9041720196D183AC2CFE6AEA816652D0234883D788BEC8F5DF2615261DB031C2381092401B48D8D2D870FECEA9C3D99DDB036C8A05105
311
8030E32190976718C89F031DFBFF2EEA3D88606A8A19BD0AE305BDFD12BA4FF46F1A0002B07137989C748936E9DB2C91F43B07E4E4D16C3779CF5A4FFE8CC981F07C29E34B7C012AF0054FAEA4A6A3D49D3A16D2B3CF220A029003366663053C89B3FB1827080DEC2780076FBFFD8E39810CB0593CC68B5D9009F2D4004180
311
28B0BC6CC74067E7C9CC0C2690FBB084AA5254A12AF63543B35EB40D17B693F7E3464D5094C00AA9E04E0E0524F5C35C5EC6BA94B21AAF2440725E2A9FF94FE7A8F0E769EB83FDEB039B631B18BF396F5C13CF89ACC02C387DA56DC3B1CD84B96CFAAA37B55FE723B611062258257D331F186AC93D8AD600B4FEF4AD777E4B
311
F68F2168FF08C081A37AC13446C859964803961928476D78F68419390D830C1935B5C2A0A22A3AB17D3D6428BF12DC373B8D464E04C0A496BB3B3B75639DCC2500E0F0B15FB6F47B5A7ED0183A87CAE8D535F2EDBD4B3B7FC762DFE65A07C30B2851DB890082ADC07131EEEFA3DB7DD5CD32C0860CA83CD4B7993A175F422A
311
8149B1C1D94C1145059D9C78A8A572A90B7C8B1E3392FF77A80C50220880FF3669004E90F101740D2B808181455A044904674E7482CC3EC85C4BCE339404C0B0BF6A5611E4F9B8157BAB6DE327EC9BFBA1B4557ECB609C1F45326499EFB90EE78F18227F09E563C9E63D847EDB3B68EB9C39E95AC4F7ADCF7D87F6752BB691
311
2040281E4A0D8A8314E80D60470999B8A51FB1488A66A9F3F81FFA61C83F4FA6969E472288FADFD61B005E0EA4284822E018911828E868614DA0C36E11F3A051070BF2F0840E35F200E2C0C80A776CC9E7E6841C0503D0EDF15ED9AFE527E798D23BEE5F0604E58DFB7099D739BF0BA5D332EF29F1535995BDBD0DE681C4F7
311
1DFE6A7AC5A13554AE6910963E9ABC9A0DB5B202225545F5CFACC942B5B93C207352B6E5310BF349AF200175D7DFDF78F6D683B7C87E087FA9B35812C4F8F13452CED610A2207541E6D659A739441F3833CD0C9C3C3DC2B0712F62333C4FA9327C9CA1124904B4FDE0FE21C119776CB0C212AAFBA5CAF80EB43772ADFE77CD
311
9FA8A4144C54C2FB2304C65F62FC3678E4F6C68F30FEE1BE8383CE7DB86F58B1AE0C51F0F055E188D02F00911DDB0991832228B3172B3E623E513FF1734FF414A611A603163F401BEA790FC9FF7FC3FD3DB02DC00184145B850D01D120424DC03C00FCEB7880EEEE939399F1F18DBD4AA54C939899304D913CC2D5CFBC55E5
311
0C7FBE4C0E14AEEF53D6843DFF56BE2D554637EA047D3C210E2C61077875FB5B40E19F43AB7470CAFE1C0D3ED3B3B4778D1DF6D4F837C08747180FE8394F2CA1E0A46B6DA62CE2B2DABEDE0B1924098580FC16B369730E9E90541D3730D47FDE16EE1FFAD3419CDA05ED1F2715C607F2E81893AFC5936303F40EB776F1D808
311
BDE393A3FA401E1C706E154C892860AD74A2949C409E28A8FB3349C764D13E4D1D3468952B7B1B35001BF41142CAD58D6011C8B78961EACAB66E9AFBC627673B61FFDA4167950A274145BF11EA17BA9AA60815C2C43AE1F648E3772E53C94E6364AF826019E723069A8AA353A3BF7FB5359281700061FF64C28C10B9AF0B70
311
B0B0D30A31CD1CFD22F68C76DA1E44558869257892363C091D313EFA46B57C3BEB252E9C6BF5B4799EC58F1910F469E25AA17B343799DB3E33CF410061F96C6D63FA91B1000CEBB7D2971BDD39A2A76361E000F5DBC1688D47CB812DD60F8001AF25B328D173A9E4BAC18CE9F1F628704330741B2649B92E9714447C68559C
311
6CD2F681919367E4811100750058809D0230C087A89FF3C80C23C4C60882E481F48D531764BABD5CCECA308DE2F63D3BB50373D630796126803C2D1FBAC148F7592881B395ED7D26B7DD38D7096AF98841CB37592561D9C6565317AFBE9FC4AF7371E060736C7635E0CBA1809FC80F544DBAA1F2F9393D970D44C0615A0C69
311
30E758B9E63AE690F73045F0C8C0731DE9CD80F718E94652383458799E02C06D328010011C7090D8C5E5336A83D4059953877EA1E1D66FBE994F04608C4C991917230FB61F9AEE183A40AB9108D032449FD1A7283DD25ED15360EF7EA9303EDDC0043403531EDEAB10DFF87F5E2FD56DF0F1B701A9F614DB17FA0E0EDF6FD0
311
B1622A81FA3D1DE5A33F551930335C353A87F9AB05C60455193448246944A232C5D07636D864CDD7A50D0B4440CDCC465D1C418321F50E1648D500294065D869559EF3C40C8FCC6C323E989AD0F0C73142480B200842802C061008B480A9954AF282052B3AF67350FD0DD30D1F4075AC303A5D490250F5400ACF479656861E
311
4C77AFF327F3EBECA4B57B6B6C8FF62602BF150744656A87DABD7BC6BED50527B2120C001A0B3718C74F0C65CD34F275164D7968148DDF259AB8AD6CA81CDA4E8819509B996A7F642D987A401A2B04018C01E6C169A8700F9DE3B489DB2BC49C9B7B858A4F50D22AE15428FCA4A1EDB20C83492690CFE361CC7F8C8066FFD0
311
D77AEE797977F468A36E0B0DFC87F90EE6348BC748F7CB73B5B9DD5C6EE7AB19ADBF6DF359F1DC2A0F9E44F213F8041F64274C0859A2AB7C37440FEDDD2F95BE44065F22067E3EA0CC3BD8C0D8194EAB291CCEE20B9CD8E02950AD806080047A279F19024C837C848816719AC4A34DF8F0706CED904E8185753A458A27E4C1
311
E37B5F30A104932BE140E0BF4E400160F320B054A8705042FFC47B4940810173F9C9E97240C7FCC3F3813EA239B745DE9F1B1F3FC2F9330374DBD1A7B475923F9A2ED81716D18D1B577DAAB9D1A0458655AD3CA7E211867AE7C702DCACCD291E0F798013DC01BC326087775C0833E04EA3778FBCB8DA4687A0255CA0AD210C
311
15661E4E92001A4449031D1DD27D327334BE830B64DAD90CBF537A45FBD4E94A7A88888E715B7E74FCD040E818BDC1BF5AC609CCCC015DED23877080FCDC47BD8EF3A7B783A17D33F3ADEB6D6BC7AD75EA7C7852C5B6FDADA6AFEFC2D181C03F8C40DD8A4AB5024F0B72E34B57BC1182472DC80946789AFB711DB7F1193C03
311
C893B0345F420246114D3EA71D04FBA731C0DAB0D3CD311B218F0D5A15ECC105D02F3AC32F13600084731A83220040019B03180634B5923D438300B05BAC80881F061095FED5D572A3323ABD83F1D37A2301A8C930AB3F66ADF7CBEFED30BAAD7D78A06DEB6A87F15491F5AB7E25842B6B34BEFC12C8A159F187C64B3CBD23
311
56DE5FBAB98BBE9583F0E3280C0076DA15BF34C15238145742B07080B1EFB83382F9FEF2239D003541041083C5AF9EF3C8944DC2030BC3ADEDDD9D27475800693049E05413BFB3FEB4308731512F13400D06F813368A0101D8D863EB3E75FCCADED124F532AD3F123F131AB46A93DF1ECE7F96CE9EB6C365C6D6A07EEC461F
311
C919FE288AF7AE1A7D012D291EB073735FF26BBB1C99FB706E972192819B7A34BF22424BEA1CC7958AC2E04BFC8E02DB90A4A1DD04811ACDBC181037864672C78F6C0EC3073A40CC49D5E813593B7002763BC6A909D31AC86F3F6E335C9E1C309BC58F16418642E2AF6B290A34FEDC0CFEE08FCA0F56700699CB73B9C99302
311
AA17BD516D7F1FD755A2B32B3FBE7134D3BEC813195BD355020A7DBB541539CD2C06E45F46FC0EE08293E6C0E1972176D9B678340AA1A4823404EF79B1E2347E47C35D0A2260730E0B513025DC0BD1C07E3366E9B9D17F767405FB531070700035618606F0B40C73C974CFD321B0C174A80C0F3AA54945FFEF348F54888957
311
13E89B5C98DA501E06D8D24FF04FF0CD7ECD7BAA755A854EC6A180AD13BE094E8D5D63BFD6DFA5F5D3E4DB1BA18FD8473DC6E17FFC9832B71A2A94D96E808BB53F9192955D62C82E282B05168AA0927D54AB20A20A74800B7CC9655C8B15F62377CA4C91641F9F4D0478F4FEFDCE273A002CC0A725EC165CE3A149F0333E8E
311
9600B2C05A7D15FD831F0938DBE5D0FF13E3C0F0765965A0961C3FA86DEEB0E28304747BFBA5FCDEE44C23544F7BB7BF7A132DDE34F99E44EC3FEEAE92F667A10F7E90B0E8C6442DF5A5318B0F816311DB2E6DC6F172C363FC800EE09186BB9EC82A24C0117700CD884AA42023B81EA6E0CF8B3056411110D78606EBC5AD54
311
17B45BCC8E61EA01C4006AC233933E35D860BC1B6CB9C9CCCE7840D2E0C1C1FFC11CCE54D59300F2B47D66A10F09D8E24B71B9BDDF98FB62A3B897C53EC88D16D1FFE8C649B17BB8E760EB20B784F52F992544753F2CBF642CD3C9C70D8722C197142C567E74FB431EE248A8F3FC00377F5142144A82FFC28AC2970A780C85
311
A7EE9146FA4B2981F3C93BCB0F3FBCB6DD3DE69C72B6073B99140DE28B8E919D9D9E7C2F5FA99FC1FFD07E9AC0965CDAEA0A945FADE52C791EA989E8E7A21A355FB37E44405D171B98A6E946DB26AE71DBD01FEF07FD378F5B4B518724481820890E7486E3FCE61A60E096D577701890EE07CA5D7F2B086040749FCEF3F819
311
72E510A86359C9BB579883035887542090614E5C4461705D7CA1CF84DB564838606CF1597E8119790D021080C935A908324EDE9F60A04B7830A33F0670CB08605B8D01BF9A3D435693FAB4FD84EF6754930640C1F9D74B052A7ABBA9F502B39DA3BF6BC7514EA4BEC71D752BFDC198EDA8DFE8F32B3EF811E4576B0A2074B9
311
9B070A069F60173E7427BDF285024E35A4418B7A412914F2800F1965C4F1120A2D5D2C64400563D5942044807BE7C738EBF3034C4A6F4D70C04ED1F97673C039FABC4CFF18866E08200BB66BDC9CCDCC3FFD1E43BEFC52C317F0F5E64900FBFCDA4DEE68768FFF46350E0EDADB7B34DBBEDE3776BC55599AF84E312229F931
311
E700D04478D66A0D88D09B2276141AF0F8811C5F8067DC04C0F90929F7F1AC9CCD368488AFB965C97B855A3E2E93AE5B4866502E55991B82D4388614F2C36B8484A5FA06E3EFFA984A6AF17D5C2073299D9F12FD63826F67FC460E54030981684E9FBFC22009A3006962285FDF4FC84B699FB5BEF3736C6072F6844C15EDF2
311
5883037DE6BB7AFAD6AE164B367812FA8CFCA6FA25725D99AEC5C6EDEEC64ADDA2BE0056002032E1D7A20A54CF444E360D520A5B69816C0A953CE0434A8A898BF18E2B704588C01BDB2133342F5404FEE698957C200EF54E31BE6DF4E888C9C67F5F3F1B41F922777E7FA6332677C20098C59F762F5DFE4A23F9801A3BB6F8
311
A4F66E0D40EC867E92DEFCE84C714FC7CE8DD3DD3BDBF9C781B1C3B549FAD2C89D711808CAB100E09700BB85240374A7209212F320CA577222A7020E7824500179FC7096C714884BDFD9499E027ABEB3CB0226CD293CAE6E0C41A6788F396606A073E28CBE5CC67D584D36CA39D37974FE1023253E3FFB007A26F657FFC901
311
D851130DDC2BF54884F20D5D40A0B7E5C7BCC7CC87B84F2ED820192CCE1AABA1FF24ADBE1D03635B5B3B53D4A5F84120125FADC36A0E792D3AD7E255792CD5241A4C84171F1104090017DA493D0A7790A7BDE6DF326180398E4B0DEADA5C2763825E43E05C388E184678C88CE6422606C017F030366981353DF03A753DBF63
311
70879F79889DD0BF75408724DB53C5B0063AB6568D02DC47AE4627B58D7E367A6000267E7840C23A0940B992DB98ED1C4731B4FB4DCFB6D3EAFB6CAC7646F0335C5031888CD74E2103380260AD47176D703960230370FBBF28813524C17FFFBD6288BB28E4F905ADB4A788B40B4A6201C1878BED224DE9906C4C79EF32EE67
311
9B9F5D3B5DFA137327320643909A823F62106CB8F9BFE4BFEAFF0FC7A6393EC7F64A698EFF8ACE31BA05ECE6DAB6DF124118D1D13F892F3D3530602E3F3ED3D59DFB821ECFA3D9AE85B1ADAB9E328DE738BF55D5DFD039445AE76D0194180F57B15BEE5F09C07F952F9A10372BC894CF7DA12CF6507E2A8916E0DF430C5194
311
85C55D61EFE209912D8C32866214E121611E22A0B1238DB18E86636A3BFAFD5B4EE02FF1E505F902BDF424D0516907BFC95EF3A76B6B3872769D67E25B548F0DA46E2B93DFDFD5F2B9E9EEE1EE1DCC7FBE6380DFBF38A165CAC73DF912AD76A4690D2B766A3EB4AFA2D05BE543EA20B095FB17AE3F1928D84482049B659E67
311
1A4763CFA567C08824913D37F2F92F841FC244085C1681225C04AD6DE1684831682CE0D6096B56101C0D4FB3A1BD3F11FC1105AECF5660BD3FEEDF162B0D9DEC6DB55AF27FC98050BDDEDFF63ED14B01336053A19DE9AEF5F5D9E9D9F9E19ECDADCD497BCC57681922F327EB41FF681E17C1921B04FBAE371AC69E53F98183
311
E91B84897A5DB164158BD1D12FF6F6BEF0E02847727BF2628F9FD48B6FB11DF6928C868B29590A0606F92140D0C08850DAA7DD8A5FE8A50389F61288AEB743E9C801BB67DBE0A7F64F63BC87770FDF57AA73FE1F5A84F8DD3AADDFC32087FBC0A7D645C327B97D65E7A8BBA76DFD9BCEE1B1CDE3F5F7CE4E6DF4013ECD7CB6
311
0BD1239E8A4E9A5722AD9C4FAC8F7FF17B214AF8801950430639A08E3ABD05A0D94E253BD5951C885B0CE750309070555FF21F2EF83FF53F4E15038B8D8A244740A5C9CBC120043DA0B323FB1DA0A4EDA268C05A304619505000BE10415DE898809DB6B66896E60AE347ED3D6DC707CB7D5B5BC374A158EDC343D0EA61C217
311
D4878CBBDC1D85686782C3CF4272E7DCFB5E9EF628F5A95AC1AC0C6848F5771329EF8DF2BB79EFEDEC8DBEC72EB7F245287FD4B31008AB38EA4D52F2BF57167159E3004CD8950E217DDD6F699FC763E9D1A0AECC701F7BD4430A3E030374066938F883C01DE40E7DAFD609345E33570F4CE6BE467FBD7F793B5AF2A9D331D8
311
6DBA7BF98067918F9FCDD609A0384B523F4413B574B818C6889FAEFC5E7B8F90CEFD62BC2C85B2478D54DD076635BE434FCADE68B3ECF1C8708E27863DBEC352D87BCC7A92A8E135700CDE65BC114026DE5DB68275E656D2C0D4087293D43BB4C9C14EA83C0D806783B40DD7CD4F19EE9F33801F55A3F1FD600017A6CD5DE6
311
07783D5F74E34680E7DAB98D99F6E5B5ABC7F7DF19D8278322F6A97FDB2FADE1539BD945DDF868EE2B8B70D9EDAA45D1BB0A5801198CF1DA891540474745BF0317F8A3703E02510AE94B084221F887FE950272D62D4232781054A87C58D015CD45EBF9B70E60820A2056E9D4D619E8494BBFA68B61EBDD8CF52CCBA124BACD
311
4A4077E8420A7F36FCDAF661E577B792A7E1B7E337C7CF1FDEBB3B49F501F3C7366C1730E793F51FA20A9C3D2E9F18E63DC277449054CEADA36DA0807467D45F8A744E1BDED725A033868703F1392BBE221158220588F30574A0B0893D0515B0B7C404AD0E7F40C11D504C49BD7DA39A85A19CD7357DFC966E5D92272FF06D
311
59CA5A6A1C8AE30E52F1247C1F1D78F81887F9F3E387075B170F9F5EEE4A7F5BFC69DF02FD8795FCFFAB472E7C88D563DA514861B85BD41594A75F5E866BE69471110A9F75C8609C7E6BF6C7C727431EE3E9E3773D2378C25226E82C08104A57ED273FE0921D6990E02B006BD038263BA360355E8DC446A380F0BA35FA9945
311
A80CF60DFD54054202F91897C241C147D59F8E0FC67CD0F2BF377A3463F8BBBABCFBD6833C57E214AC3F5AE9C2FDE88852968F20337972C7E04EE5658223008AE82D93BC37D8DDD900BD6B16EF221F0D4149045D740A8A215D4FC186C658E01994B8CCD317465828704BB630DA2243B3B4ADD3EA554A97408454148C04A1A0
311
CAAC2E04033C04073851F54380E0BF2DFFA43FAD3D6B574F2E1E5EF6E5F4FEFBD1CA87C161FCBCF5C7AAE2F726F814027BAE10F79BC3D765D61D1803952210A9AA07F8C6BB2105B61145B324F96014EF223D4A9261080239F03FF6F4DD4975C183B887E081F7A467A25EAA0C94028FEB808637768B07400A8235D4EF331432
311
53198900E079E3FACB0C59B00F827A5785A6FFE2FCF0C0E6F1714F11CDE5140D931D707950631F3DE877F300002000494441540ADFB08704E252AADE1BD4E8DF55796A32B9B6F17737C67702E5C638682737286CB0E0A89B624D5BF28222432848C9AB8C07170C97B814FF492A61072407D638006F7C8400860444C01B1930
311
A522788045633DFA9507267A3A42BA05925BAD705CDD3792FA23C1075C6EE768A673919EB6C3FCFE7629B7310AA794CC9C0D14A1FB88F95C845BF22543F57996E0B26C9E4C2ADF187F979F8A55F11B47BC26594C52588518D25E6C2B1CCED231EA1B748F093E5726A21A54C91EF95789041030C20FD5AD68613432E19A4D0D
311
A2505B6BD843516E10BB00AF9AC315EE9FDB39CC1F9EA59CD88F9CD071D470C86C4647FDEDDBB1CDAB81DA94034747A779F4CED497CFF817348F69F52E55490840E48840BA72DB71F3E84F6DA2F4717AA928F153DA6E4C7E8E00363CEC9A2E1C8E65F298FC4A52F087FCDEE5CBA38A80CBE11FF7BC2AFF249203FFAB77A128
311
A001B1987BD334AD9B901890A8C2005B6B248196AD09C0025ED841325B31845032E327C531C839E66DBAB39566B631C2FF0A1DA5A3CC47E665AD8751B47CFE33899DF047C9F3C365E3B11278D49DF939298E09002F6430F9958803309827A7C791048CA070061B7E9A64C557D235F83EE24822E5EAB805F9862F20FC58F483
311
DC0EF02181F572930205107E00E523861895A2811309808F2B6C14B2AA579E893753C155D2F54302007E9FF36AC5FEDBCAD47E182D91A73920CFA5C18E01F8FFF4C3F1FF553BCAD0E58DEF85DD63B91BE38ECE1A9FFC4AD4A1FBA30D462C328C5A0340DFD393D3D3D3C0659195C96990F391EFF4175213BC74C020922D4830
311
FE215E76940962BC0713A3B82784C0CB6623DC40D6E1485BAD454F6892200B225096127FBD82D2B12006BAE2E329C771E25FEBC0DAB3B5395289D56D7A8A89081B34EE06F80F819EFE75C67DEEE95D227E283FE98A7B9F1C97D2D05B4D07A469153C3DA3048EA68FA667A6D90E291C7D7E2D063E4D044964D055F2DBF3E31B
311
B851AE9F78A0A7314F0AD24901F581D74A6929142039C65AF5830D1C809536CDC05E4BA51038F79D713DA930CF18BA3010E385351CF47F74D439BCBC793556A1F99814926AF12835E251C59BEA3C083EC2B2760FEBDF4304C9EB87B35769E1EB24B648542CFA4EBA9EF93CD42F03C08F249A2C98897D8E2225E90077823F4A
311
52171A61219998CED6FA050992B6B0A74A2220ED12123004FB977084208F8E2AFC80F456CB110BCA647A3A0F854085D84FE0052BE31FFE7F925610BAFEC06FC33F9931BF063F39DB3D1BB20EE357F594045F4226131578582CB055A59A073AE0413989D215019B6EB8A21CF154D71164E0D8F4E730C2CD382D098DA5261456
311
A425643686BC8301710F2C50665881399156AA2B4C3191BC555728384800CE10040F746A3D8A80A5F0E500A93456FEC52833BBB45203DACCA37FE1D3EE4B9BF0EC27ED47D89B8266F11EA2DB8B5A8BB93EAEDF0C06B7AD0402B9EAC6E787365535AF19F15158308A9D9785C1BC1C01377F8C6B4D07B50DAD25649764A91DC9
311
812C7B34CA98184084F7C01055466B48058CD44085AF26648520C85C41C67805462D8425680425559F4440F3ABBE1F3F81B1EC72708767DDC8FFB6465796C8FE310FEABE0C9B242A74137EC3E0427091967023299BE5D6D4D0C6D15747DC2AEA4ECC57C72856E827D33CBD319D70FF854369EB841282F84B7CA4881447ACFC
311
B257E252E00FBB3272120A75B99119840858486615636E0E0334031AAA8C08A62E080053A0AAA4158431EC727A084021D41CF5D630C94184F6FE7432E8F5F9A4FCDF3EA7CF136FC2988093F98ED622E38E4976E1BF0CF49D2889E6DF3566719FE1F9B47A2D3BF89C69155DCF24F88C609EE551160F0415900B4C48FB013D89
311
00A9192A700748002924771A3686A0A580FE4009E00ACC090253E280B90AC15048E047020483A038A60ED232831F2CC90498648690D960C48E439F18F4DDBEB0B6F5AC7B7B89F6230243B4FA160A7B9327F3AD5D937C8BFFE5FF8B3A5E64283BEF8EAB9F71159514CFED62DBC880614AA1F7994CCFAE7D8C87057F45173369
311
9B8DF87056E1F0654B5021E38097E4E23221B810DE20559AD183A61C2C88A648DB096081E9801CA00BC1DA0124E08DAAC15FD2936905CA8DA1C40E42B13F1764E0C4015EAD7F8BFEC99A310B1B7C0BCC7746D3C0702759C89EAD57122092122D1F857067684A578F1DAB7EAC400841F493A468113282FFE42316CC74C756B1
311
C880FE78795C692813CF4644480EE9B02991BCA257A71861F00666D9410288487618D120D0E80D7773E2B7DD180E100EC98B221C94BFC4FF531A09B986230F1CD08378A8E4D0FDD7D9B1BC75F5C12EAD7FF83F3ED19EB018620303C217A6A35D826E72ABF2D8E2BB1B783F6E48D2E3F360806E1D192085D022103473A10375
311
B63853EC54F500B5B064DBC20945B88160DCF7E4F83A0200BF6FAEAC88E9F54D22D898E43F378D20B51B5D6B1457000922202800DD401A9266483029C0D6D57ED80D42A0E6E08835F0F3AC73D7FAE6D56185F04FC44472B854EB7D9CBF7134DF3DDC35A9F6B38417DD6F508B37C1A718B0D054124176F7222F62DFB327F34D
311
451799D56216880193254FF782D7DDE26C271BF38C6E422E271CE4AB8823C9510F021126A7A944E00DB4031D013C88EA0746C96D4574069BD5439C4110403B40020C30B07A604F1E41D19C21A93FD9002DFC35F23B1E7B98E95E38387E3603FE7393680410D702FF9ED5A3C5E5CE68B5827D721FA78F3A9A0C08A79722D9C9
311
B418F46C0057BB1640C70AA4A03D29CECF33987596D53CFB27B32C3BE304C540E14BF8464E080918268D254838C91A01F0FFB99154FD8A9C0495EAA6534A6C464440B4A71E16100E7405088122A35F7A511DC003D002E6C8E7E15F6D1D2FD09014139EC11FDC89394621F77B9F88EB5A583C41E2FEDBC8F82334494C0BFA97
311
FF3C3A34ADE60385B60E5A30CF036E5E75370BE3B83AE73B3B7DC0BB337DA0045299ED0C66681E4AE223D01B1BC3BD4C921E2005FEB5114739040758189BA8A320067B62A3995E4720055065AC2B4A8006BF8CFCC907C0063EACE41813C5F017065AD46CFDC6FF1BFEE052932CA3478C8E5A6F25DC8503D40F61FC1B047E4D
311
FFE8E84407C81F1AC7B5C79DA358551CD0D13785A9AEB38D6EB68A0A8087FC6543E7471082873CDCE5CBEA1EFC5CC0579469E225428E9A43D6A6000B4219DE52E8DF00A55F4BF5035960661C2DB88AC1F67C2890A93FC420193C8326409E7B595FBBBA9AE1D1511B3F6D65B09AC10A71C2317201A603E88C56CC68C91279E8
311
3F5C147787EFE6C675F00941D23EF092920330982DF38C65EDFCA89DA98E8ADDECCD77CB86D85118F3DD9884820B1128010D02F1060F582871CC8FF42024C02239273A1CC3BF71E770DFB7E96081682803188118B50310BD620234F230B12711B063E0F0490FCDA9248B580D3D3DE944A30CFCF2A1E0F6E59E8FBEA289CCCC
311
943785BB8880ADA9C2FD70F6A13F5418444E3A669273C006C4B4EEEC067827539FFBEA9CFF04D84E7F170480037005AAC8829084329899F90B5E013927F8E646514B4824B01D11F72C012CEACD163B6358A4454A4221D06E68A71062520649BF9E9127D0772D6E5EADED52FF216BC2FC513C7D3C5CC4C8AF009811826AE202
311
03B076A2AA66D8D32E317DEE0EFC000FCE16D9E0BEB17C74AB009256C5D8AD1CBABBDA61402612C675FBD72D07E633B1A42F2421208CE01397560811204306617A5141706105C9F4984C459F2D0F6C392FA05BED808512B0B9A8A9FC6CED89640EA347D31F0DF76D3D9E61E800FE9F7601BE4C9614A1C58E6C839F13A12D0E
311
B426DE6386B82369A9E6A7F1F9146EB578A2EF4289AA109B4F6CEFEC0463E0072A05CC9DEDEDFE08407B173B8AA65399C80B2911252E6290C82CC1B8909140C11B7AE161B42B93905045D017E00CED6D27AAA15F2C2179F1E83D411A7020B9408D202381E7E5DEE5A9E7E5CDE3B186433F488AC81554BEC09BC579018ADD1D
311
CB3D9D70F02B14BF9159A4DA376225FE43DA224FED327941705DA582B2FD1BB5DC0540667B650BECDD1D5DDFB0C7F36DEE2B94F6EE2EE4E426F20A1174C31DF153321A24114C4FFF25E505475F6906D4149B21F1BD9D9DF7B059F8E0FD83323CB97991FE80EE131A9003B81C491B218B1D42C0C0D593D9D548003839DC29A7
311
40298B0C23F0CE14BB167BD61989AEF0B985C8FAC8F923A73F31953989F0F6C96CA6C4D0A9A88184BEDBBBDA3BBADE77CD8E2FFEDEEF46184A86671D7DDC51417477BE9F04804F305AC82C2D018A21EA903866A0F959FBD4139916D036635EE03DDB7408BCF0627A03027AD314C09B0A27F0A79490D53839D0DAF1416995CA
311
B24101FA63F75029D57A4CBBA9FB4D120ADB17FB5A999FC9420DFE04FA670430B90FE7F589F7FE8D50A4B5F004CE5F07EB4EA007F8AEAE8E8EF7DB3BE2F81F42166C7246FA9E62D02C8209BA1024414C483498B50229FD923F2414040B2081390AAC353B5283EADA12A30B1080866D746B9ABF5BC107F33C2A015B27548075
311
9334B83AB02175EFD0DEC785DFC505E0064F4EBA5A97073A74C5C9FEC97BD25D819E28AEE661FD2732B8BBFB1BF13441B3C1F45E8AC1752BBF80C113DE960E0AC7D9D02C58C80505A19BA0E84B14402601A590A4AE00A825E98C3212342302EE10FC5100681F86834A2804BC409D70270A2091DCE874B16BE0706C974EB3D2
311
6EFEDFFCA6C4579AA4DB781708469F055532A7046C6BEB0CF39F3ED2EC4FBCA3D00EA91CA68FD2B87B5C191E0EB2C300F00A1C9881F263571C6CFD83D079D09F176FAD839340CF030F70458F81F09AEE1329505150CA0A00576B56C06D58070B23086F685E44232D9D53DE3FC3731044F286D19F459351863F749F1104198D
311
6E14BBC68E17CAE70D7AFD958E350BEBBC70C9C4DFBA075240DA27D40AD7DB063A097DD3F041EDB3E4B682A7A12A548F3393DB01945547175879989302521EEB1431B08759B632B174E0F700E774FCA1BB83F95029ED1A084288C8893520E49415E00DA080AE8027C34206D35491D050A4C6B080F6A20889A2FF82379AB623
311
4F6710C05F9080ADF002B9C9F9C583AB220F45D618D7E7F7547FB27CED8A8B7A7D24EDA4988B0C1C2A1AFB53FDC61BF3DE50D63C560F0120B0372F0839DDDAF13E583B868717C1CB8CC71D1D7F440CC82184803144196EFD58BBE00B7EE77DE8C015942357FB06FC906A5E2B8882CCF9FFE184B0035A5CF186A962A63F84B3
311
AAEE3D5A2C830008807568B6A9F424086D2095A3E262DBF124350082C4B5DF4704A9D2C93553DE47BD6766B69349610716999FA25854F759CA9792599D3837ACF6247CE8597B0F960FA3EC45B61715050260C5844FCCFEC9666BC71F875B17E3BCB4CB151405D7D08F846B4CB952248B4603CC402B609E90F0044A007FA800
311
EC46D07A51232B00E5683C55D5096E1374DA4FCBBDE2C25A5B8D26008227CA7758033D7D70DF12CAF7F247939F93F1CC63047D63ADA0B7CC8771B234D8095FCDB577B586D1834062035670E204B245EC093FCBE15626C10D210CB38A13F50E10A0D5C0814B0C4B30AA9858516001669002229618F100767AA3D6D2528595FE
311
7A398C2D2300ED0013A0AE60B91644A057327BD3C36BEBF48C91279B45F8BD145494674AFB211A91977CB838DF35DCB3D6D6AA2FB2784B591ED785DFD7DB77747DAC9D2F7674810EFC2895F9ED8007EC7885101679C06F21E4B1C8A6120956F80518D1DAF1717BEBFB5803E20C6F2A11B2E48AFF4AD2810A70054623E341B3
311
D1ACD92DA91150DE631EEB2C28882D092049C0DD38E262A7BD6F98549930C9D44B7C37028AEA9F8C5628A2BEF5704C0DCB2B428181B1BE766F43014498D2E57791E4C8DA6BD2ABF5003F0C40202E2E32EDFB02852D16C30B7F646B98FDF86C7891690043128B0A0DE6B4EA27F08C30CA34C9D0AA0852A5997F8D11A6EE84E0
311
40B20472020256F4AFEBBB74E6705A12083B249089218E6452C8E5A69717E904A3F5EF3D5D08EC1F4D4E85086B238CFFC11AB9AE972CB775616C6D1DE04DDF073B4DE3747C41FBAE6072901CAD0237100670C5A00C2C3CE063610ED824826C1F6650700E88C00B62468903A0D71D3A390255AD7040048348C56C4647413C2C
311
2561216E0C469203EF06A5B101AD40D0E207F78B124747DB5B4BBB4E88B1C373C114E0470B345156EDDBCE1B4DBDF81DBC400746B0B54E05F693707B89A5E430982C2AC7D10DFF11D5B102B9505034B35D07E8E5F585757F088B390F2D4C85CF7218E8418BB4F25B885053D07D5A908326809F31D6CC6B77CC948413B28664
311
484439D118DBAC27DB5AC40C1AD166F25E6A2F0AE82100C0BF220405323E1FF80DFC518CACA8DE1003F3C9FAE9C7B2D60703A0004F8EAEAD2DE0F5485452D15B77B4B67F4C2403B8D8F9C533558ADE058A9E177A1698F75DC0EB4C800F74C0270178C8579C1FACD025F0560844502D2BBC01E620030CB93636C1041636A693
311
949CD80139FD15BE107F905590A292840F8860706D07E2970A2F15E5B13B87C3143CB2930374CC46A6F9B9D7A5CCCC14E11B9E879A49FBE27ADBD6DA82410FBB94FAA8487D61B51F4BE0A03FD08743C31020D6628ED20305A22C2C2FAFA7ED1E7881C438AA5B9035F20759E243C51F34D0D5F02F11403B9E204CC1686C0B6C
311
9000470561519CBE1B0E4FBEAB37A39EE4B84C05F023858779341991F36D9D9F351E7BB3B5ADF00148D9D05784F9AD8B037D48C01BFA83D4247F03BB768BEEF973A14E610090D4B96B1EEC5C5E66928F28EBEB6CF578B067DD83086081579848E60DFC7684044D8174993C39F886043481F6A2B743B18749E52447CD4D2305
311
13032D20D20206E536E15BCF7B7D211634F98FF9986287F33F9A94615A5A0A7CACF8DF5DCC1AC6EF9AF1945EB78E0A2FED1DA2ACC00EF983F9A012260BD722EF61C9DBCDD8719703ECF839029010CA0B9F100B1D2842153E01A1A3837AB579516A31982FD2908A09100DAE591016CBCD4B011A2F4DE299E1338CE065DC4841
311
BF9895D8C81714800CD08F5AD39601BC929B55D291F6CDCEF2AB40DD5D98F4E6F107C47AEE4A09A079C05316F479DAF4C2BAB83221BCC0CE23FE3D3D4C7BC9AB673D89A3677D6020F6E182332028012FA0FBE0B2668FB85485902A8E7FA0BA2105C213E20BC2169211A4BABA7D693C3F1DA961F203694853137073AD5CD25F
311
1C017DE0477626D7BA55B88F83B5EE513C41D814639FD1BF759171F4577D3CAB0C3DFF68B2D3B1F8478C18F67BEBB2598FA76A4545E9E961BACF657E0791D2373030E0EC9FAEDD17BEA7703A738185D08236C407448A4CB504CBF01FF43859D3115488EA01B55078000DF085911805790DE1B41B6F8CB2889C3834FE02AFE0
311
7D85143C6C008438A944EA63E047023A7EF37E13B0903AFEA7BBAB9579330FAFDAACD540022980B65A75FBA17D388F1E6576405CCE7032D95BDA420E7DC0EFA320879E5F8B3B04C1D2D9C1114210C19FCC49DC6A855E12010184DB8968109ED016E4683CD552A36B3AFA13BFC2114068935A7E774CD2C7225642B733259380
311
52D8634ABC18DC9442BF9E0402E85B42F9F3273672DA8E8F1070405D1DC3248487574CD98092B8B956E6AFE1566530B78FAE05B4A0DE51FBAF85DD075C7E11939F80E015A58D1F87E400CFFD2306C4D1D3C634380A201545A92BE01F445800BE12302AB477BD6F62600D211232EB061448A0D2B877BB940D63D059C37E0569
311
A83DE93E214F4BD86209FF6F479C640AFF8AF6D1BFD987D029A94DB7C329B4184D4BB013BF912FB88FEEF913071A8D82B651BC10DB067A7EC52FE1B421883144C00F64FA23A11CF708BF16CA59F18D4C04B8085964B2D8DA4A855187000BE440BC816FFB13374640B0EB1D0998AF38A1AEF503F14302E2811081FC12EA6CD3
311
8A63B33035125F40F170C0B0AA45E9FCA38FC6D688D48563B5C4B4B7C359D3C7AE0EFB16ACD5E2FAA47EF8307044B4EBE1C71E84E742D81431FB06B90B600B9C239E277A57C94C427EE10E7826980C0136600D916A06058CBE8604DB4D314FBC014EDAACD0820F14BF75449B70339490FE5A0491221BF95F949DF1235380E9
311
69AABDBE2D32EB4403D3FDF17F42F9A0A7C28ED75BE86BDB7C7EC80C76F86B8800F77B305EB88F00A4352E0F8089EF811EA02A3DF08F7DA008F803BE4B4EF5F41E56087099E920708C3D720916444440FDFA013D4E1201414123A09290F5BD7AB729298209C4306D007BB0829FD4EC3A6D7E4F00B67DF38CA0764F832F0448
311
E58439B952CB4F70DF964AFA74CCFDBABBDF273E2FF4F56D3DBFF2A78D42FFF2755DF307066497F44062AADFC0CC546F6DCCFECECFA232E14F408F05477D311B683A35BC245FCF8A5CD2AF20022C21022266905A5BCC8B20235D6FF04019CC04058AC80023662E25F342063165956320BE50370F2A657BACC817DDA3DDD3EF
311
E04028645780A768FE38DBA88BF2EF3ADADFC7FEACA952E5A77568ECF0C971DF32BF1D24F8486B22A649EC81B1B60315CBEFC026091CA45F858D7D04C1B437079431E63E38F880758842E780A9E03791C0FAAFE10012588C3C592FE35461A6047802BA18686887023A422A49599399893103942CF6DA53A8E387825FA0678B
311
261F139F801E2B17C901D0F5217E07AC2401A87D0480F753FBED44FE949C93A1D042B879FCE499B3D861AEB23F9C1F372F0C24D0B7D6E70FE1AAF60F84BAE642D82F0A9F53E22783915518494FDBC0AFAE7DA282E5050B703570E06319A015E00D693A6BEFFAE493941C3B08C13B96BD20D0115A9565701DC58568A3009DA1
311
3E965765C03091F0FF339F7309D44F6E61F837F1B1FF920450EB8FC48F9B40158BE89C81A597CFB0DAF5F5755D3886DC13D4479599B583758CBF35663AA234F133F91D3BCCFCE0A794367F385C59B19431780F1C099131384056616E15A1563B50021D369C593FB292685A68A8B2A50A0A2085CF05434617E05FC24A6B077B
311
990014421A68401AC4D65788EE25F737EB780D08A6E38F060F2ABD889E1B889C44852C2FF368C1E3E710D73B6589EA83F7417B341ADA1F639A23D15298F087AD0326410E116C3A1B325218433C71AE62C07C1480F1C045629724A076A4BB8D622D24690486727F56108D07046DAB065000678E04C4F8C342DE27F4AC102D85
311
4F2D08D59B4ED0E4F697B0FF62F113646BC5B7F3131D4EA8BF8B265EA3F2026E7061B96F6DF3D993276B2180B8E57067587428579460551049049B074CF8B1066C7E14C705F0B39298C0997C17F701097023BAC31081390196801FB0C2A12380042927503D5A01CA127F9841B460310639C674BC8CDF1A320501448E006890
311
5B07F6E5602F8C1F07786253438CEC51AE61FDB25FF71B09893AC026A9EAE3F30F369F5D5EAEA5801FBAD3C98B38C13EE017B054F81A56F05259DBDA64FE270B1FC4C77200FE276FE814B916E222575ED717A62A92956504605268408CFE13FD61F84252228376060206802B9550F00B9D47E6AF1022538A752CF4FFF1F593
311
1384A9FF8700EDD4FFA2B93FCBFABB3EA6C607FF714B0B8B04EBBE83B52B246092AB018C0D0002FC490849F1E214AE6FC42009D6D86616C835B65DB9862EFC4480C14137603C3089D0A5588FA27E693DD184131BA4E88C35045ACEF1CDE1A82323C20B842F2419604821196EE8185BC834AD44F8E9B7549A32900196E9ECBB
311
E20FFB4706861AACADBBFD9B56A23FFD3AB8BFACC18B1B5AC0ECD7B6AE2E2E9CCD2BE8AF1B1BC3A813B94107E82DE67A42E7CC7D4A6116700B5B2EE3C338A09B840F07C40A64800D7C605AC42B72227C4C7020AB1F20056E26F542717F56534261DE3766AC10A6ED2D006DD03BA9DBA507AE0510A8B385C92363B9154167F1
311
230C40D76AF6F3BE0CA08F8BA2FFBBCEFB09D0986550E0F0EAE2F2780CDF850CB0F88CFC2815FE87BD83909F474F45DD47F1C821DB2107A8817FD45384F57891B65F2543D0C1E20A89B4A8DF806862AC27C60F6A054627FD344250718AC0FA21CDC4E28DBF2650D1B39D8B8A420C348A4F846E2BE824BF8C45E1DB8EEB52F5
311
76F47A75FF95F90FCE0FD3A7A08D48D5B9AFBE3EA658E1676FE3372FB57F0AD8D70ED4AEBA3D4C2BE0AAF1C3AD63A6004D12900CFC481A47430C9EACB390038642C8C41B13303166614210592736B8603AD4FAB17189DBB32F3915F0C380795A089A15228460BDE8E52203527D41B5470901B088D84FF8B3FE2BA7F4FD30AC
311
AB3DE0B7E2FF95807AB0010FFDE3A048F7360F9F3FB9380EE537F16F8673131325D3351A3F664022020811A0FE8C019CA17370725CBFF64132025DA1BE2555102212E80A907FB43ED80A991A8AAC183932C19AE17524B06590B6AD286EB99BAD18FF4BD64BAB519202F992A963648ED30E7521F909F090C0213E367A77D883
311
6BEB6F34D92EDA624183070248351F1A079E5D3E7A9EE81F2CE6678F92E299EE312B6C0572C0A7B5EEE07853612403813152C7125E2022A20C18F855DBAFA399817FC97FB6E1CDCA31D348434ACD0012F0D32A5456B4007E6E92D72B1A4E9971223A42C1042819E4049C0C5801300C0013FA48F8944FBAE71DAFC27F1826FA
311
2304ECDF3F6C10FF47D5C7E49748DDD687DE8E91C09394EE0682A4F84CFD6067EEDF43E67EA46CB2F4070160439245F00343D03BF25D7E2F26FC400A896DBF19FB8D4D0A66DA669C3D608F9CD048A0533621B25690EE19D5D15248E390F042B12C682511B02BFE3E5700E4C9A9B2107A8F45248FA48234FD23005ED1F4EFE8
311
0D1320836F04003BF42856D478D1DCA3ABEEE3C68F9F30C3A16E5C238EA5DE3FF37DACC2F8B7980033F47FAC34421EF0418A045394802CE032D61C70023D788136788613887C0011A4EA316E005718AE191F8D0D841B9C679CD2FC478442D005429166F5A24403B1E6ACF3298F388B6D0BA933D92339D48969A5C11F09B4FF
311
017A9900A4F887010C474717E10F36468032FF33F4AD610517777104CD920C3CD15FC5F3B3A0C75BBCA3B00F2724863C10BCD4A0E00736C7981F2F72E4B001438B99714FCFAF713A2603BC710376A1715FC602022202E06FDEBBC680A3DF1C4C095A12C50B554FE7623B50374FB2129DDEA4C392C9188077658C87F55FF92F
311
FA507FF03FC8DFD3F31BDAB46DD51AEB03F7E1B38B8B87CFF47EA1479C3EBAD5C6B382C221C0F1B358B39D76D9D3142C4A20935F541E492E0EF081BA41B3620A8E172B584EA1485632E22A8221CEDAC6110AFA4B6D43E2B76A18AB240BB24337721C9321D2C033B2D3E2641A55A400A28403C12D1DADE39AD23FC5FC08C47A
311
64DC3FF6DFF76B5235124022D7E6D6D5F3CB870F9F31C96FE477FAFE54100068A3A87FA5908A2C08011CF31309C10025B089FEF9C510522B8DC07C30AA469841723A10C08E27F00F7FBC181C083F2809EC3B2B328E294AEAD5A071B3A95C81D2DE3F930372D022C9C793535B92FDAD5426E90490C3C81D000017C649444154
311
4698C416520C1C40C71FC204B22448FD9303782FBA67089A1A7D4CE38E89050FEF5F1E078A4DCCFADA058032C34C1CBC2E1202B1F8962B1A8024F0EB7A11F209E96FB369D4B64202FE7BA230AD24C46413536EAE955B341B726C593B5D4630C0BE822480908522B0D85430230352618DCD4F7BA6D568BF4343801480006658
311
EA3EDCBFFA9702B4FDE9022163C43F9B72B58001A23FCE6F0B3FF0E4E1DDFB9801A6FC42FD0132CC1F2224F89933107AD30B6C9131A53818AE944BE25A70810821C38F098411980E46D108F483DC63F49B91B852351604091D60546702F58A3872A1716411B642C7629C267E64E77719F46B0548FD6BFFFC86A38DBFADFCDF
311
700228C124C8664FAA02BFB1F92B09800876FCE4F2D1C3FB4FD0A44E0106A8DB8079751CBF0BD9340066C3D52BC64706467C05B5A54401BE4A1B0132A55EAC1CCCB10D378A3DFEB9812022327745EF2102886A9142C812A1A2C9708027BB55B7006357459F9C2080E0BC34489FC629510F3017B62D5073E2A2C64048A0A425
311
80E413BA9E08274091A398EA80B5BF31C87BF5ECF8F1C5DDFB4F22AAC181F070AAFDDAE5650C4000516440D8806786D874215149E69ABEC43FF0EFC820FEA112B0522003C84BE03FB76623513B6D840820358B084119B0CEC8C00AE888826339A54091F5FCA513AFE147975BB1A86FC50618D9D74502F0C7C8815AA306602F
311
EE3A5E79E0D7DED1B221001118B73182CD439A092FF801105D1AA14E1918EC282F6260869D55108065988BD67F68E5581720A708051F7C8070F582389C682BE53F2AFD85853F2A013D21564028E06E79B7A71E43212180A81541EBC88F451E02385100491AB0C4A3BC5309A95911E66D04C0B448366988ECD204C2FC930F8C
311
EE8FA410EE4C25B58DD1B6EBAD83F6196670F7DE635282C0A56A851AB035831725F0471A10FE52097089C80495804100318405F0DFC2136004B4C40705EC9154315129205EC357930035688F61AC02188250CFA9A980233925F16A117A48CA54DAB6400221976B75D863330942E20EE3B00B08FBB71AA813B0E502FD2B023D
311
F70114E0D7DF2E2EEEDE7B789504200112075478F2FBD6897835C91F0C20782401E801A2F9142700B74805703426023A81CC0BE88B537D0003E0C5181D29EB8D83050964DD2580910A1E7A8138F76253DC01DC2F3824391AD748276C0B0CDF12366625D038603D0003E0266CB42704C8CE7FA7F11B4D59C0BF454A78F8FCF1
311
E50513715D469607031272358F04E0003C90107223A581218F10008B10247CD20D860FF0BF48801040B361808148714764028EAC137E871501EFDD97C89B52107FF1235B0928C562530082573CE137840EFEF82A0BDC602736C595912FBEC69E6A3A26903B3A300C5A098A9E3F1810CDFFBA019D97B4E7A7A075850F2E9256
311
9BD960CA7B8304995FD006FC4213BB1448A6F4BFBB3A9F9FC4962D0A1369129B10073771FEDA38B1737B663A71C088D8848027FC3008DAC4E4397A6F76271DFFFCF77D6BD7F1F67DA51E0E08875A6BAFBD6BD7AE52CC04A0B4A2206F650EC412841A48258258E8662C3838FBE21E25172C2A15A4F78D82DCF68A005DCF0704
311
7C183E1CE47731BBCCB5469D9169E0D588945BEB637E87802A03D88FB82486210D28FB3B858D13DC7CE75F5E6F3B03C1744D30CC58C7C7A256146853A05243060B850072A7010CA47CFBF9A1E24F414037B8781E8E9F219A774B36481CB43E48A79819D638C8760D672FAC19FB9D3FC5EA9158DBD0159C27860409682E8FF2
311
595652FE189D2CC2D7C023E944158355806FC320087CC74116030CC376C559C098B93A041C5DDA48AF33827D2327DC761D19C17CC62780D82A170E6CE7415A5E7FE825E053048F88D2AC2A561CA4D4C60098DA28EF1A01382772484698F60C8DD24BF396EA76260542810A625978C03580A9CAB91D10249BE579B0377A3DD1
311
5749A45F24C4D81FF3D7D7996F6A1690288008C0FF6CC186DA9D5FC95BB09B1301004B016E707FDFED306A1BE8FA208828F00BF342186839839F1F6FA338DC5A0200FF383DE92614C03A4508DA18F4D85F9354F7E867AA77A42FF49BBE6757A1A7454448D0BFC3C220714FE43A3D8F1547BE10F0BC5A05985AC3C28829A06F
311
E24CD062700601F4AF12AF99099B08E7071DC4626A97C920C3FF96E190C9D1FD7CB6163E800D79E5F3F10A9306C02B799E80F1AB380E0571A584C0370A220C3125000B500900D96FEA40409F980E2083E4EDF4D8D2480AE5667222E020BCDAD4EF19682120818FE18EC7FD6AAD67C03F7DF1955E697456F517AC4F24700C30
311
171C67E9168B109A4F60AFA60F98BE30941BF776DBC7C70792A2FBE98AAA97224F8BEA39B47BFD14A8CD03320DA2B676E3AA397E652E30A42CE2987B7DA1EF7F75242413800A04C0270C62A13372400B435ACD84B8B5009208F5AC73EB149FFF3508E21C2201E0338BE07E50EB47E7FF6D97724A601028C5519073E7978EC8
311
8834410450E074DD58AD13A4900103A6444A9CB99103229F0EF8C0C78161EBC68137240734CDCFC349807851E0EB46CE864D2E405ED341B71A390CF2DE20CF5193189E1901E866D0230409684B193D17E2928534D04240937D3C84477494FC5E0FE0B448E35AFC19007926C1C6A6E622FDB8A12E30993C6710E070397C4B26
311
304C0AE38218D19F01FFB15BAE1C0E7E74DF75F2406E373C414E848FF8E500EFAF3C1029C9C0ADAB2313A7426CA9B2C1B9E30032C84EF31A09A88A386F136E8C2F1D582EA0459207015F10F1F001F0B1B7DF7222011EA2001F00BFD36BAEE0850928B08C077030FE3806C880EAA74BCE0863A952812E6008B3A89199C1EE91
311
8AF96AF583F1A073B0A355B9D861AF1460DCFB3BFC6B7EFDC834B09700CBED3510E48DC7129041C991F06BA5006CA6B5B34EE21501374E8DFC910042036111EC9C7CFA1C05D48A7270F7F835BF04A4194DA4CF76CEC66718C84CD020D04C412AC848F03E3C61A1C8D50D0EA6838A00376054D3DF61A0E393E1F8B058A6C994
311
093476D601A4A06F0CFD3C0A6BFA910E75CC10400A80FDA93AC9B5EA4303F6C0D188B559086091CC5910137772E14F2376D03181B5CFE74C0EA38440D0AC256D6C4D104CE05302FCC00B60B9CD4D71E08BD40C144A025E60D4C1F45FE846A2105D717EEA84808A5DD90A168E133640311CF05DD870768683F5D2F1800F485A
311
EBE5CABD8FFA3C0BEB33702493AEB551B1EB035EF5C8E5757FA7832141F88E8578A363802B560007AF93D7D470B478C4D00B412D634C9140C4F9275C00DCE8DFE3C7F8C0AFBC5B2CE82E3C3BDF393D4375D50C43CD1C17E3777CD2C170725B7B42B41DF15BFC344DAD089C1E9118522B4A2C60B794E4E8F33081BB7C8CFCEE
311
A0B2015E49D586429C6C78646180B7710E06018A3082243C275F077FBE412C17DE80D3E6B9462C5204C5D980D1DF84A864401C483CD01B143F4A4868087A0F780F37230200A4FBF6AED325114C367C22512750A5C7C3E32D545CE20A0904183BA10015DCAD89864B3E1EE97EBAE8B204266A48E010511838E2FE413FB116E6
311
0880C2D8440AC3880DDA6DF6618C138CF1CB2A09637E18D00F80CB0DC05322E31EADB8081C29410903F06BFCDF5AB46024E4A75828056440503C707856EF0C037623DD4922A400E8A6BD75E4D2800905F18450A00CEE88860C8964C7B3F90F56528BA18F71CFBBBCD2D05797E168FC37DB26DBE0DD2EAEF39686C184408200
311
13C1444055402A541400DD362A0A402F1FE51246404E098249FEE30708C10CA0B54601053159480C00BAA9B1223A773234FE72FD5C3BD81804D8D196FE3D5315A0C981D88D04FA01DFC185CA93F9120E1F480B08063364A0A318F08DF95056E4C91F1150D31B011200383502E079EE43CC18603AE2F88FD139C802A739F208
311
E88D06DC78267C448C27C4113C19B0F51B0E9C1C021CF8F9167C6B1F2E10E461002910105D1042792D1CA303F469714C018C23D72179E165049C40E801CB96CF334562E5807291D1E0C70FE6CAD91656715F0E5C5E70F8D7F83290549B1BAA6F781D25180EBCA93EC84E72A74081CE3020789B3790E1A9E478E658C099BECF
311
F01E530E80EC5FE31204ACFF70AF8177A03059240CD074978A002A878BF883FEEC81DD684E406CA630ACFDE87292822A11953710F000885D6F68A67ED40CD772B0828359B753F7CE23D9479AB9845771B389D6A77130F8C134EFC83947392029B10E4425440A84AF0E54825228FC1634D369874739C837A9DDC83C20D320C3
311
6042610ECDFA750303710224D01202488012CA847424F8D53F78AB6BECE9B3B35A7F32396AC6B7444566327DBB4DF06FD9616744F4D3A397EB3B0A3FBA8D763702883ED742FE5CD24146D8E353ACCF811C806AE09914D8446E93840FF4D6C963FF32BFB6AB015D1D3B0C9A0968776F021F21404B6260CF84A14F35180CE20B
311
5E85BDA2EC91FD5A7DBA7E5705F4F0F97AF26CE18E3BA078138202400A62930FA6CC7882F911A92F33E547E64990B0F27323D73B6222863F86425153FA8009361C675554C25382CE148420C8DCC47A20122806CA178A0918C14CBD33440289078A00EC6070184CA9907FD0A1270478E0B325B67C2193694EDB7DD0F3C23844
311
7C8A11485562FB4902134E6AC952FD5320A4F7C780882DA9684285CD81D278C0E8FF8DEC9F45D22DC3C2CA99C2728110888799575B6834BF22B0F01EDE72D7F21B672C40F0A972999E2200B7C91403F9BB3D09C01990819238CBAE5E7510D7D57450507E3DB04AAA0A3C280064E0775380C8C16EEA4834346A04BF0CE847B4
311
B3AF760D06D24BBB267C32E2C9257DE5EB748AD101AF1FD33265E2B674EED8C01A0AC901392211011AC810560F77778E85B13BAFE3E25C95B70919A4862C15928BD8989664AD8638101D009A80F00BDC41AF27602A4BDA0C077E550048E7F1011410F01405045E1C140B4D0E70E0F6E034171C3D6FD12004FCC1FA30431251
311
8910356628A4A326EC9ADF5DFFD1B2C0399503F14B4F8E3E0E4E39A06ABCB56A8014687E86E462BDDE5124615ECDB412B7314F62E6E0C76ADEC0F717B360E741960104CF1706CFA18E0605004B01AE007869B095ED92144A807841EFF2811C047889A04901C809062057192688C92346F97F279449F89B113500BAD282D1DA
311
80A55C27EFFE02C8D4F395003F285B617BBF0831F49B055342DDDD414378E8888E92C16789F269A27C9A221FAA4A0DFDDB9F935B2ECC04DC51481558A69301E0460B02665AC4DD30C03D480866C3409400051811876014C0F294C542821AB045011A3E3F09001FF304E3A0BED05CC11A811B865001769507FC01ADC611F400
311
CF68C7B093606E30F3C7E0F00C1D10C31951C1E2D7252181DA00345842A19130715C736EC9ECE686A712FDB31E4D3E50AB336E5666D7B212C0113C4A4406029709B43D0228F3FBAF49921B19CA0C82A2D5BC4A2079809240F37D3E10F9637607C3983F0458508A98B8B4EFC92AC13530180CF55359500080061DF59B98BB3F
311
EACEE881DC8127F182A885A86FB12B43C590A4380504E32305E3148BBEEB2D2782029765428092545BA5C2C681FC5F8E869C0EE1034A822FF09A12C94084505AA868080303473F8161F7AA0A6610745E280BE4427FB770106F8800EADABA19F453210435BDB2348471B13B65F2FCB554827632C4C44467333E4127095D2209
311
2ED492009930413251B5408345065065E415266E20279A40B3F520370BE2050C8360E6BB4601C1673B9BFE007EF5200B6483CD195400A783E6DEA0653515B0FCE8E86D1618FC1EFC15C2E727F24F2A2DAB57326D8D0877D4E298894E7A0C3C7D9CE8A0E2D17AA2020FA1097D6372F2A9F955060FDD467AD0426368C24A8340
311
FD0D6687A76316DEF5179ED9042005A2BF02A5DD810A4DEFA4A8F700EFC50FF4FB8C06410F0303C106ADF8852ACC6A2CA9046E9ED070739339857222CC009E206479886EA26227BF7A341A15C351A8404A6C10080A2140FA4B4E8D9B9A11645899332363FD69887F436A660566964250FD752E787B64BCF8E6C8190DF8EA0C
311
854C062D8A5A1346F810414313E606ECA0AC3A01D6928544029D5F42E202C0CB386F880F7842A31287061F32F3CBE09F2950783394F2F2B23D85386C6F51943E99DD10C8A0000BA9569A14805693274BD0E4F4DC3F28E331EEA91C4F33ABE057889BFB92819187840A08E57A276A8BFCB75B0342668C70C565C8059996D209
311
C2800941A21FB82B2F520BC2E6FE6F1A8827043DE17000DACC8193E78BBB8DF1467978C06F6AFE986123E3A95272CAC122046F4C65C4B88FED2F1CD1D918F7CDBF8903BF1A90057D42F4DC133AF804ACBB58446A0DB78806FC053FA1E45D0AF1112613CC0DD976C5E70AD3282F42725C0D02AC8588DE451B1C01ABF063E774
311
8A3882F0DD484BB78D037F9812240EB88B6034C0AD53E5116D4C6D920C6A89F084E6D0598AD7EB6930CC7B293E27A666E5CDFE9A3FA52FEB3C97976FDAAE9A60008FCA6B33099CF9880D35D419FC687D424378E3099441E110C5B3C6DC311E6653514A67A530D863326C4D8430E0C28024803B5B069B0E60C10EDB6DF08703
311
4171DF01F1F3404B27B1056D8C0E56E7CA6056E7798147BE4C2F01CED5987E413AC6A724876DE3F599E0601CE7B9CEF3BEB3671E12DCE8AF9631B8031D3F360B6955DC2342B2A0E4632A00264C0DA002220CFEC3E10D9BADC8904D88DC51928593AA16C91DF6FFF82B3234404C7214D0F8608E0052283EFB2B0563F1D07293
311
6C4017706010BCF1B16CDE0C1FA9C777E44E1F5259B0C9BBC8794A82A6C182A3AF56B16921405351FDDC91B5BAAA617860E8D76C97C377FE701A4EB4378FA97C2C8E3CC8950886C6FD93AF70A1F5F676B7ED16CBC56AF5D09110EEB8607CC08A795882358280DDB98AFFE7087C6EB593D62F041CDB4018935238E73F109810
311
0D0C8769818F777057F64C703C6530E142FDF5C837AE1CF66C94C4887D3A3726AB990DEA248F73B5D32C8E04F6714B1E67C53FC52040252E605B322407CBF8C7F05453462A295ABF4D95592DDD76AC23512E9A2DF964715C80DD752CA8E263AC36F02C3C28A133EB22AC8D099BDEFDE28C3E8FFEE3815D5D00C17C00511058
311
354D62443C1A546280E43572A9C661A34FA5891F8E7570608C8DF21DF51DF9D2A84D4501F41B8CD4F4C9DEB2F901E810C0E4CEB6EC08DFB06341C864CF8D0EEE779A606545E1E64AAF30A4324C20FDD3BD558BD966BA994FA915CD162B1978642AD01694E533EC190368A68234657085B5F88E27A0805E04B8BB6A00A51646
311
EE3C10A50FF007FF410F1963CA69BE2002F0F902E701AEC995FD41F83A3F0C3809A3288A083003A6CC2A20E6D703EE48E3777AC07ADD51EB6101603A9FCF17B3D5928F6D742EE7E4CF38AE2B03C5FB39C81D7B2978FAFE85AF3D2710B0582C970F0FEB0E4D1103B8BE2B4D560CA10002FC8F334C891C07B44FE06B2E3ACE5E
311
1E2D1FC32203110ABF9CA0E8381F68EC3C06701328E5A38278A5FCD944CEA5283DA933DF2A2448BD23F1C5D8BE04CC2DC3B43B3EEC29F8B5FF926D11D3E97EBF7FA1BD1E5E5F5FE6D3D972F548547783146ECD84873F377C5820F7F9FCE5E07378D6CBCB7E036DF7F7104079A05B77C6942D1BA95D47424BFC3DB6411009A4
311
2E207871B7EE9B06614BBD20F22F7523FB985F3F7068E37600273A3ED0C1CCC380F6EC4AF01CC1CF95E4848B7BF950AD14C44F10460221E02D21D01DAE800F323704C00035DFE97CB37F797D3D1C0E4FBF35EE1E5E9E0E879FBF3DF6F474780A01FB3DAF01FE0C0798218007C2090A3008BA7682A338F4A8804A06CBFE6A80
311
CEC766F49853F15B2F45FCEA3F8250012841315016E75E797EFEEC4ACA6C79F515CF1738F7C36E2406071051043817C9E8C5888D49D0332E800062FF54FA562BF7446CC0BFDFBF8603D1FEFCC9F7FFB5A7F000430755C2D3F72F2D02A022820897ABDD44594475BDCCA4A10AF34C06B08B4AB58BBFAE30999DC66C7CE903A8
311
3CF8EB006EEEAA063430F84B05F0ECF644825F5E95073870E72A0771AB89B080022A0C5A9FAF34C89286257FB7BEA000EC65B59750C68E0815B0D9834B15606328F80709DE09018AC2A7817F83F96DB3D562C10A0A31300230CD4200B87F85808BAF64D04600254047F9C14DE93464009E7F5AABB4FDD6D55142A2C0BF1541
311
FCE19C20C899BF4F76AB54B84CB97F88F48ECC029FD253F0C70DF4816B9AC94BCBD653B1A283C4001A0337955E4AFED3FB790B6B1F5EA0B5514074103A38D84280EE0F5F9BE974EAB2D16AB1EA969684B6E4166CA28264B300474C7308D20013B204A65F82970718D05678B3315D442E1C0A327E2F56556040C005D2FAB132
311
6A68A07507C9E46A3648555A7080F5F50219A00E6222E3E0862CE95B5680930530742F1D041805E69B788161F015944D041182B861A2C17F3AF01CF5BFDF6C343F9171F5B004BF59C016719164B888EA206A02AD05E8464D06B48E4381A0E9345FD171625AC22198F57C003BEA5510F81FF78D31C9B033D003000000004945
311
4E44AE426082504B0304140006080800239DE35CF3CB91853C7D0000377D00007800000041333946384535392D344444442D344238322D424430462D3243354645364246413539422F5265736F75726365732F36303546434437322D314432462D344142322D383638312D3933454237393541344230465F506F7374323031
311
352F7468756D626E61696C2F302F745F507269736D2D3235365F706E6701377DC88289504E470D0A1A0A0000000D49484452000001000000010008030000006BAC58540000000467414D410000B18F0BFC6105000000017352474200AECE1CE9000001B0504C54458181815E5E5E6464646868686060607878787474748383
311
838585856262626A6A6A3636367070706E6E6E7676767C7C7C3A3A3A3232327272725C5C5C3434347A7A7A3030306666663838383C3C3C2C2C2C3E3E3E6C6C6CFBFBFB2E2E2E5A5A5A7E7E7E4040408787874242422828282A2A2A4646464E4E4E5858584848488B8B8B8F8F8F545454565656505050444444525252262626
311
8989894C4C4C8D8D8D4A4A4A222222242424F9F9F99393932020201A1A1A1414149191919797971E1E1E1C1C1CFDFDFD181818959595F7F7F79999999B9B9B9F9F9FF5F5F5A1A1A19D9D9D121212EFEFEFF1F1F1A3A3A3ABABABDFDFDF161616A5A5A5E9E9E9EBEBEBB3B3B3EDEDEDE3E3E3E5E5E5A7A7A7101010F3F3F3F3
311
F5F3CBCBCBBDBDBDADADADD9D9D9DDDDDDD7D7D7B9B9B9C9C9C7CDCDCDC5C5C5CFCFCFB7B7B7B1B1B1D1D1D1C1C1C1A9A9A9C3C3C3D3D3D3DBDBDBBBBBBBD5D5D50E0E0E727472767876E7E7E7B5B5B5747674E1E1E1787A78C7C7C77A7C7A7072706E706EBFBFBF686A68666866AFAFAF8587853A3C3A6A6C6A8789875C5E
311
5C8183816264627E817E606260FFFFFF8385837C7C7A898B8950504E1FB2DE6300002000494441547801ECBD895B9BC7B5F8AF7DDF90D08664B48116D086163060961A0B0C310663B3C5C5D8F8DA607CBD25013B24A525E92F4B9FF4F9FECBBFCF995762B149E2DCB6B7ED7D3A80F4EA95D0CC3973F6397346A7FB4FFB0F06
311
FE8381FF60E03F18F80761C0FA0FFADEFF7CED7F30F03FC4C07F48F27F88B8FFFCDB7F30F01F0CFCBD3160B55A6DD6B4CDC633177FEF6FFF17FE3E013BDD181C1D9D91D66AB526791A9D181848838B7FE171FFED43FB5E674DD7062746275B3393ADD9C999C949017D8667796CF13731D8A8A5FF6F22C16AB33506B5F99E9C
311
19A54D4C0CAAD6680C0E361A13720B9AE06F6272B4F17F0D07565B6342D1FA24F009D88D06339DB621004404C82FAF6A030303838313E062667470E0FF8E54B0D61AA3103CB0037CA3019440ADD379BDC1A0D96CB1585C1697CB6C3107CDC1A057A7B3A56B4213131048EDFF020EACE9C624620ED29E60D6076A48B96432E8
311
F1C7DD8EB0DD6E3099F4F944406F3299EC7A83C1688CBBFC962FBDD0434D6861B0960653FFCECD9A9E9844D869338F74B37ABD1E8BDFFD47BBC99E48E48BB45CAE9ACBE5CA651EAAD56A1E6C98C246A3DFE3F1823A7865E2DF180556DBC028925D11BEA8385DD2EB71B91D4683291148E4F3F972B15A067A813DD7A4D573FC
311
0A32AAA57CC260F49B45670C4C346AFF9E5460B54DB4506FB032848F82D725837E77DC68B0EB4DFA80DE1EC807F279F050AE968B32FF65A184B2C246818B6AB5943019E31EAFCE36D010E4FDDBB5DAE0646B1255A7A43D4A2D68B6F85D0E87D1E188FFC1E17259E2EE70D8610807F48952A2542A31E9E56A911F4183D0443D
311
57AE57F3FA303848A6070607FECDF4A26D10E247EC0DD45076569D37E9B198FD664BD0EBB5597F1A1C9D196C8C4EA479CF6A765BDC06C802AA300512C8059AE0031CD49BB97AB55CD21BFCE6A46D60F0DFC93CB24E884D87692BF05B75562F723FA8B36105CDCE6F6E9E1CEE3D78B0F7FAD9E1E1EAD2D25C6BA6A1D3792C88
311
86B0216C32180CA803BD3E8F802C0919D04AA5B0C3924C37067E331FFC93A8C6DA98999C51B68EB274C4CA690C4C4CCE6D6EEFED1DBF38DADA7FF3F2E1C39DFD573B3B2F77B79EBEDE3BD96C8DA6AD492F1681DBE576C51D6E87E0017A28158B504233572E05FEE8F7A61BB57F1244BF45FE58AD696C7A8C3D249748FEB495
311
A799D9F9EDBD075BFB0F1FBE5A5EDF38B8475B5BBB4BDB585F7EF8F2E8786F7B69614693F549AFD78CA2041560C1AECF97441EA0218B7A8325981EF8D7E703F4FEE4A8987B9873B6F4603ADD6A2D2C1D3E78BEF5E6D53B40BF756B71F1A66AF7EFDF5F5CBCB576EF6063F9E13E38589A6F4135D08C55281D2BD1ECF1BB8D06
311
7D005D2972118168F058FFD589C03628062F161F08C0921B1D6CCD6FAE3EDF7AF96A7DE3DEADFB007E8376B5DDB8BC7F1324DC3B58DED9DDDA3BF9EFDB0BA3480E111D69D19B7085D9120F1B028962B12AAAA16477981BFFCA6E927500BD3F3A383820F6FE6063A235BFF4ECF1D1CBE58DBB6B8B376FDCBC7AF5CAB9A661E1
311
C68D9BF76FDD3AD878B7B3FFE2F5E1F6E60266A36637F21DE934DAD3E372840379D4234450D59B5CE9C17F5907C106F58B8B3BD098C08A6FB556965E1F3D79B871F716D003EE39E0CF2EB97F0356585BDB78B4F3E4F9E393A5B9D905CC27B020AE930812EC278B3B6C12B3B95C2E964C0E5DE39F26087E51065BD3687E71F6
311
70ED07274757B6B75F6FEDBF3A60EEAFDED000FEDD95DFC92F8DD7F2274D08E1E6CDFB8B6B07EBAFF6778F0F9F2DAD2C2C8004694A978A210C19184D188E688544516F6EFC2B5A4542FE62F6E1C94E88CA5B3DDE7DB871B0785F585E41AA203F7B104CA8FB0A07379105F70EDEED6C3DDD5BDD5EB93D3737374B5B989D1537
311
729029F742057AF4620903DAEE4E377EB349F05B34D9FFE4B30313B333CADD6D8CCEB416560E5FECBEDA5843EA9D12FE19E8E7AE343A10364014DCBF750F22387A70B8B4B4727B1E1C48831AC4A2449F7A2D71A3DD644AE8030153DC0A6BFC2B356B63B6A5057A26662617FEFBD983AD9D8D3566FF97C13FA3812B576E283E
311
401FBC7CF27CEFD9E6EDDB50C1BC6A828399994181184FD210B61B0C7A531C41F02F8400EB20DC2FF33F3888C9B304F1BFBB8BB6EFC83D181F9EFFB976460510C1BD83F59DDD235107B757E66E2FCCCF8309D0805C44BAA475412CA4380E253FFF580C88B4FB45897701FBD6092C5FC5FE13930BB79F6DBD5C3E80FA4F795F
311
817F1E01E7AE79AF2D09141F2859B8FCF2BF9E1F6EAF6CCECF09F8AA090A44C2220B9266B3D9E172C7DDD64B68E0E3C77C0180BFED85B8FD62FAD1665A2B27C7BBCB503FB32F0D29A74D7F1B4C0156A841BDBCA00C44148A20C02C5A7FB4BFF5E0F06409265800FCF995151EB84616886940AC14138910A26DF05F4312DA46
311
61FF0666DF606B6EFB706B67594CBE9FD5FB6DC1AFF0707AAD5D80304C43310C1FED1E3DD83B595A59410A0A15ACD040818455E9668075858106B1B5F42534F0B74DE665FFFD6B5445D08BF91FAC0DCE2C6C32FD8FD6C5E86BCFFE7B10FEE24BF917A1819B6060E3D1CBDDE72883CD59A840835FF402D27052560F6616900B
311
73A3B81A1F6B12FD1A109701FE91F7D2ACF10C0E60FB8D2E6CEE3DDF5D3E10B34F214041F4F10FCA1C1004DCC42C148BE0F9DE09604AEBD080F0C4ECEC646B617E6975759B488260E023C7F98FFA98583F0D4CFFDAE8ECE6DED6CEFA419BFCB5E9D41EC5FFD11ABE9038829D973CB79DA3CE1D791727716D6DFDDD9BAD177B
311
DB803C37CBDFBCE20231905AA0601E07EBF5F1F1EB931508EF9F2B07D233023F08185DD87EBDBBB3BE76EB227C0A30CCA1DF4B5B5C5CC4EA3F6DF71771886902B46AEA4AFBC4DABD8D573B4F1F3CDB44FC2FB41616840C4410A0186184F9CDA5C3E3AD274F9E1E2FB506FEA936619AB897387EB87D18FE62F7038F36AB4C35
311
BFC02740DF52EDDE9A0442EEDDBBBBD6BEE05A7B478204EDD6FE28418257BB47C7AB2B2B9800B3A0605E1881A66CA3951310B0F3EAE1FED355F8EF9F4703C43E80BFD69858B87DF87A77199F77F1DC7C0211D008C40707071BEBD296B5F6EAD1F2BB77CBEF36D6373636788FC0907C6AADD3E4057EC1A347FB2F1E2FADCCE1
311
198A5B805D280898BB3D37BFB97272F27AEBCDF2BBE59DFDC3D63F6F1DD54AF4A2511B80FC6F1FBE78F388F95FFCBD226A54990AF4BC7AF972FFC993275B5BBBBBBB4FB68EB8D83A3A3AE2716BEBC9D6FEFE9B3784C81E3E0429EF96D7099449538F1B0760E6DDF2AB37FFF56275E9B62CADB0ACBA00EB83032517E7892E1E
311
BF59E673EBAF9ECF7CAC2AF87BCB41EB288BD8B5F4C0E8E4CAEAF37D8C3F10206DED60E3E1D6F367B75B0D8BC568300488FEBB3D56B4D7ECDCE6CAE6D2CAE6E6F6F6C9EAE1A104485F1CBDD87AB2BBBBFF7267E7D5231AB810DA587EC7D5C3576F9E1C3D5E5D9A9F01D1A36414C0078202D10A4BDBF0C02B892D1EBC7A3A33
311
F84F5105D64162FB04AF465B2BCF047E6167D15F2F9F9FB474F662B350C8642A954AB690E531938965327583C193B4A575123399C466C6C403138F1F3F7FFE00343C79296D476BAF765EEEECBED9DD3A3A3ED99C93200BAB082454C008220EE7E757964E90B9EF0EA4CF83E7AD8F8F92FD0F0C829FF9172B310FC027E3E1F6
311
E1D3978F087722B997774F66CD89722693C996AB0193DD6E37C6E37147985560533E574FA552D172DE648A13FBF65B3CD8B2B88E732B4B4BCF2087D7C74F8F5EBC80597677B776C187B4A3A3E3C32502851262C7CD9C9C0405A212D08A9B8F5FEC3EC2E810EFE118BBF0EF4DDFBFFA7D0DECBF1AF26F669EF97FF5EEE060FD
311
E1D6E18CAB9A65A6AB010077592C660F2BFEACF913DFF57888F91BED81623D15CBE48A89BC296030381C661DB90013B3B32BB0C5EADEB3C3D70F1E3C78FEF4E9D1D3A74F5F483B7EFC6C7BA585A6958CA2C1D14945055802B7E79656D103E272DFFCFDE2C6D2C4C0F7BF3AE28FFFC0C760334DE817BF6470667EE939CEEFFA
311
A39DBDDB3A13549F4BD81D7E0B1E1BB90EF2C783A0C0CB0FC9106FFD0E7BA25E4965322C7694F38180C161B10493B6C6E8E802ACBD7972B2BA473B7CFCF801BF7BAF0F57F1081660725B4D87B8257584B525A8001278F6FA6807A71BB57363F1E1D2C4FFB218B001BF30406B76FB0131EF9D27ABA3E652B6504E18E27E8F00
311
0CB45F0465DA2D7E9AC5E2F18013F586D9E2FA5322978AA6B29942BD9E2BB1FC69F407BD58B5032D8209C885A5936D10F1ECE4E4E4D9C9365ED0EC64C346E2885527E933A370C2ECECDCC23C62F0C9F2BD35426E376E2C6EE1187CFC0CFFED9F64ED0BAA1C68E0FF3C38DA7FF95F4B938666B652B4BB616CC0E4CF6371F9DD
311
6EC79FECF600CBBF7A9106C6B8C5CF9BD004383054B3A9480A4AC836CBF544C0EE70F98341E89C6C0ACDF25DDADCC4F25BDABC3DD71A1D1D487B5929D19136220147C9299B9DBB7DF2FABF76D6EF29CFE3C6DAF1C4C0DF0ED6477F83756006FEAF8900DC7B7EF4F464D455CE34AB76B7CCFD9740FFD6E5321AFF12C8D70B95
311
4A2AEA43264652BE4AA1502D050C6E3F82E1AF41B3FF4FC5AC2FEA8B81844AA6582FEAC361B79FF5D31A933C3143381451C74423FAC4DB94A028AC94B47E031588438851B0F4ECC193E5BBB7EE2B87E360E97FD329B04E12A40401A3B7B71F1F9FB43C896C361F067CF397CCBEE5EBB8D1942F6701AD920F90F4E3329B09E0
311
38ECA56A3D1AAB348BFA3FBA3FFF5292A38C898ACFE9F4F97CD14C214B3E8429EC7079CC1EB24230AE713224610E4CA36EADC9BF0A3759A00288401305ADDBDB785FEFB4D0D3D59B0F3F4A177E8C78FB753AB011FE63D17F60746EE9193ADF54CFB6671FA0BE7618EDA56626962A9B1C165D5A568775447074F2ABF3F81D81
311
6AB692C9E98D163342D1E2C857223E670414602B14726402388C2E3F6F911D444A847899B25A08F9B35C1A77BB11AEC207039247373BB774F8FCE5FADDC51BB2EA70F5E6D164EDD786FE5BC097CFFECCE7B10058AB4003CC6E6E6E4E58729966C0C1C844D7F9E3F6402116AB940D9E9FE0910FB25E253FCC62C8A5BEAD140D
311
710F82D2122EC722916E67C4190507D9267A41E8C0EF4926755EABEE1BB208052A726BFC6E924BE2FECF2D220A500883A338857B5B0FF1BFB5E0E3DAF6C4A572F067A0F835649DBD7FEE0BB4CB0161005BAD41F47FE17B53B61920A34B81EF8A1B4A99683467306B71BBB3EFB8789534878BA9682EE0401A98FD8666B4CBD9
311
15E98E4453A96CB68E6EB41BDC6E8FCB92F498C9AB20B302912AA9552450A8243A73322954303AB8C0B2EB1B0940A9E0FBD557F3FF3BEB45E9D119529ED22401CC4E58F295A65E0813C90EF8F94CC457B5584905BC08B1BCBA78CB6B096753F580E30B73D0E3C8A7BABB9DCE4824224AA1D0AC622B223ADCCA5A447DFA5DA4
311
D5614EA249581230BABF0631C809965E450ABC22FEAE91C0FDA3D15326B8D8DB87A3F91BEED80880D66CB6F4C4EC44CD9DCB548D7E8B58387E37B3DF152D7910601F50FEA5DD25FDC566CEEE82E1FDF642C4D9D5E5A4C13E953A4972284E72445C244DBADC9251E970848D6172294D7683D1818D893E600AF0C29E620D620A
311
A868E3DDCDC17F20E01D200626914AB4D1D1B421570820CD44EF7F6D0C149CCE9C65B035FA7163B0D60607BEB7040AA530FADFE3C8C5404137BF91281612C98224D0C10A86B8D1118FFF600C3B54DE909EC541F2EB8C71B7070CD8D233B39BAF9F3CBA770B12100CDCDC99FCC733416D664652176A8D74D2D46C06E216541F
311
C2DD5E8FF5561CE9D9F9858F3349AD0324C15A6D4937B9A10E30E80A54221040B7331489C4A229C9132C2512624141F9E24AA904B2443E51CC274C263119CCDE1F31476E3F7BFA661D312824F0BB2BB79EFDC38D01EBCC0CC1683820ED0D6473069724387BFCC64033E44C784789D67C1411A2E889A39324AEF35A12CDBADE
311
EFFDD262AF6313080974397DB10C5653595090205F8C34E2809ECC4A019F4CC2622981751187F374C9C1C995BD2DD621D422DCEF7E7775A7F51BECC18F23D50EE5B79F6B300069FFB69A39512893BE07F55BFCE152ACABE01E98255CD3BA5413BDF7253A6C1922793FA114CDFEB8A99E29C6F92263392528E8EEEE8A44C478
311
6C921755CC17217A7E491C4C544B65AD714FBC4D17C9C48D859317BBEB1A0FB0F6786BF51FEC17DB589221DF396DF5E70B450386FF97E4F0D8EBDDBD65EF041EDAFCC2C760D53A2039449202E4C51492D049AC60B4783DF162260A1F743BBB23988710411346A8E6CBA4049034588259AAF572B349C21419D57850B85D49DD
311
C4ED55484056E2E0014860F43790C0FBF3F211AFF18148DA4DA7CD8966298CD96AFEC2EFD017424EBD75066F766E6EF223104022C544DB4822E9C194CFC6107C8580FF2BB3BB948DF922DDDDDD21EC22672A93CD1648972535084AC84956390983A44E2220AA456564BB2DDE81C1CD076F36C4211004FCEEE6E147F1E04780
311
7AE9476AA83EDBF7E42DE99B25B17EBEF460CC66FA5371E4B1C4AA664FF5F0A5FFAEDD1C981CAD614849EAF4E76E43318BB7E4C30428B982C178A2908A46C1002DE2139558A0A92C417900FE260EB438D1E40A054C3F602B24D393DB5BAFEEDD57C61024B07E660BBC3F868F989CF7FFE5F4B5F6BF44811B62D707FFD22C0A
311
FC9E2FFCC67CAA3FEBC62894D5DB85990FFBF8E00E49B42A779CCC790B966353C07746BA53CD1C1870E3406678ADAC029F8F101A28A8D7015B72E99B856C335B28549A4D0CC61CFB0AECF8DFC9D1DB2F840494290009BC7E4F117C308053A02EBBF8E54F0FB420009DD763A8970DB8785F9AFD8E52AC2FE36A68F33FF71122
311
18E52D9164D939F0A5C7114E6453103DCDE70CA50AE2369ACA8558D4A72C02142228C8D20A0581B9522F34B3A96C456E64A10B88C06E70986D33272FCEA4C09577AD8F53C49781FF2BF74405A2B882E11C061CD63FF45F8AF665DDAC8A4BA4F2520278EF2B31DFF024C91EFF5EE77D1B47FEC562315F342A28883ABBB36EB3
311
D9AD2FD6B3510481F807E22803315400D008C542364580A18270E055BD2E06A3C11DB4CE1FEEAEAF9D4A81D5F748E0BD21FCE2CBCB09A073572420087054EB81B8047EFCF192AFBFE0694CAA40EDDCECAF3BE4D84F346DEF84C76D4F3433D1181CF0AD3802DD91EE50C5680EBA4CC55C050F91862010C3508BAEA7809C80AB
311
6A59210C9404182002E919FC6F0C62A50A118357F75B7F03067E093DAC83D448D2712572E2FE04BFF4BB03BEE1ECDB4115A956B95CBF6A03C86630E65F76CE981D86443DC3FCD3801503C08901907278C140295788FAC42090BB600049C0CA0218484130990C18A1551005A883843EECD7CDAC1E2DDFD312D23007B727FE31
311
AB85B5591660BC7E5333E140009A3DEE44AA2FF387066B5634C9E723EBFF971BC18DF6FC073DF84E04C863D1A84F222260007801B812F79ADD76E249E806318A0818C108299FA84A899E81019E042760002D89DF640FFBD3737B2FD7D7C42380046E6CB15ED9A1DA5F1ED06F7A170950B326715B3403C0E3B2577ABADD03A3
311
80AEC09F9CF935E163955D706C1894D4D7B82151CE123B50EC0F9CA2F842BDB4AC1BD7C81E28175229A1091C240844E983A8821D09092AD40D118E6229E9DD66DBCAF18E4446C416B8B23CD960A8BF09B88FF9707A61229DF4C64B44BF084F9A5D867A6FAF498202AAB1FBF9572D1042791880D87F508F017D974A7DEB63F6
311
1100CC7E6FA82B14EA09F5440A2ECC4343A0D8CC40025D1A06A2CE682C02BBC4840784268410628A0810040993C33BB1FD0263409CC2DF5D59DC5B820B3E06A6CB3F7339EEAC33B89A220054F8CB627114BBFA033F0AFC92D32BC9CDBFC20156B5794CF8DFEC37EA4B10B9D0BFB07EB7C01E62FE7B8406BAAA16AFC240415C
311
83EE2E610327C6820F0A806084636019A8403080BD8C3280067E5C387C8226504EE1D537CF7656FFEEA9333536B5782D867A5E2C20B3C51188F4D6BDD0FF29FCBF1207B0B2BA89FC478B785C7FD21773CC3FE4CFAFD0BEB49EDEDEFE9EBE91FE5E67C212F44303554503BC8D684050FA2238492A6E04D928C9F0AD928E5804
311
C57CD852FB6F9880D890C405EE6D1F1C2CFD2C062E9BE0CBEE5D240F54C080D50C031808DA8ABD8200C40068CFBE64F85FC60167DFCB52B2EC8295E8A6C38EAA97E5021C5F67A8172AA7F5F5007DCFD0D050FF506FC68E8AC548AA1662E8021529C23B22762CF32F8A41E90DE487A61F709CAB09986069EBD1BDFB5A60E4C5
311
FEFDF5DB1F2C159D8DE6226CBFFE8AFF4CCF8EFEE4C54C0BC4819FD4F57AA8CB4E7E544B950190CCFE5F1181ACE7B0E78BF446C81FC0E06E26BC7F6868786A64ACAFAF6F841FD546FAC6467A2A0842360C25908431251D850B98F65004139108325C2166025C0127C8DA52AEA88FDB661F630EA9D8D0D587DB8B371EB62E8F
311
0E7D141A4E3F747A318892B3184B250981600115BBFAF24805D548DF90BDB1BF600458D32CF6C89EB7AF5C0E532ED605C053C36353E3E363D3E3E3D7AF8FDF191B1F1F9F9A1E1EEB1B1B032543BE9285C53387D2869188462232F39003E6A1884CC50A5082A202092517C396C6DC8397078446E081B5ED57376E6EFD2C137C
311
38E5A7706A6F5D78A9BD6086BDFE44D144080C196EF24D652D9442000502BE6CF399F8F05B4FEF20FF64237CD018C8A5BAFA87FBBABA4251BCBC622115E982F57BA6A740C6F83550313E3C32363DD697D19BD964EB30E5ABF8CA60A03B24AA020C083FA0192103694205621D602457F50EEBE8D2D1A37B8B1221BEFFF4F5FD
311
AB8B7BA762E90240A7C32252FD736FB43F73F6366E90CEF2A7624249406C81A12E3B5B03057AE65EDACF39A1F215B6095289D26653C6D7DBD3D353740FB4C8749A9D48BAEC752C3E5FB407ED373432323C761D14F0333D16CA3ACC5F7CCE0EF33C56B1227905BD528B104148AC2685048D060824D78B26B76DE17077195DC8
311
32D1ABD99D1B57D737953D7406C539D02FBBFC850F5A475B69AF2BC1EAAF38C1F18073A49EA4FCC9284D80170CFCFC7FE3FF4EA4BDA64C6F7F6F4F71746F6BFFC9D3BDFF9EF098CA159F0FAD27C28F3632D4070E86A7C7EF5CBF7E6DDC57F27FE5F93A1EB617F18EC51A9016EA0E299581D650AF05059A7AC433C8250CDEC6
311
FCF3971BB7244B7563E1F0E0EAD5E5D1BF973D6423D86D311603AC5D7ADE5AC29521A7BBA1C05708207F6562F49C19781117C03FA833547A7B53C167FBEF3696B7F66AAE72C1D7DDDBDBD7DFDFDFD7C7AF346880C7A1A191E1A9F13BD7C69B091103D88B2554019A005341E63FE40C75F5082E140E3451281681D04020EE9D
311
5825710A26B8B2B63AF1F4FE959BCF2F15CD17C7F7FE92CD65B4A11B586878DD0191004200D5101210D035E825E38976FAADA717DA37C1FFBA70BDDB177CFDF060EDE0D1D3196336D4D3D3CFBC431080D18B050438DCEBE1565F8F2061787ABAAF6CC4DD76C5118415C2036D5B8199EF8610BA7B2102510F9080D206984459
311
56561DB6993D980063E0FE51637EFDC6955B271DA7E0C2A82EBC3803F8E76F5B27276D1E632960440578FCF6D470CC8359A3285F014F02D399E579F16BD28303EE5C77CCF6F4EEE2DAFAD67F5BEA4E3841ECBDAE6E5FAAA27646E754C4876860971883200725313256095042020C9848A889623128A21744F1CFDAFC87C44A
311
C42ED02CE32C0BAB26FFE0DC839D0DD9A5F672E2A7D55B5788919EA3CC33507FEB557A61D0EBD797340270977AFA4C69F4BA3405BFD43BF9997E6C8D6429164B1FDDBBBFF870F5AF555FA8BFA737D4ED8B656501D01066F94F9A5B1A390545FC633110B010FABACA7F345BDEFA4935D02C427116841314B908C9F42A4FA9AD
311
0B7C7C65A11C307A174E0810FEFEC68D770BD6C64B28E14187047E2BCC173E3F389BF61813893F21013C1E436638EB11F8015EC21BDA3EC1CBAD00AB355C883576D76E2EBE5B3544985EA6DE97ADEA59E1943439CB17E43C90F8E02183E82D976C1B3704881276C110BDCD8074874D6C52BA105F111928902BC7014C4044CA
311
4F109B2812157AAAEADDB6D683FD771803F796ACAE93B52B570E16CE68F3024CBFE505168FCEAF470290FCE57197FAFBF53FC9EE287C5B698284C6452BE0940B5C856C639FFCF18DE7EE18C40DF49972224C3C1F902D1E970B316F3084590535B2E2C992A7E0C21FD7170BD807CEA2C9E387098CE8C2148481F80368E19E5E
311
5805C1A198428C020401DA2006068A0E2FC6C0C3BBB76E2C3EAF193DFB37AFDCD89ABC7C6E7E0501A720C8E7D2AD89AFE2127DF37BBEB0FC0909E01798819C040E69F2F4E1F7E1F6E833A6A7B76EDCB8F7C25F604EBB2299FA7761D2A8A4888CE34FFA523557CAE6545003F22D63CDE98DC6AF050D2E87BE9C71168A6E3E4A
311
72210849B1748AFC176F51A1401E95225034D09684191255FCBA85C72C94DCBFFFA4E1AAB636AE5CB9B5F4B733C140ABF67938AF67551A922CF50E25AC0AE80EF8922D77D97A80A7EE6BBDBB79636D6B30DFCBE4470A7903A91FA4CD19ED65C29B02B32941CD0803CBFE806E372512B92ABE2DA25630142827F42407586002
311
CC21152665FE455BF0A010002F40058A04400134502994ED1EDBD2D1CBF5C59B8F16742513AAF0CAABFF19099C9FD10938C09437B93F6738E1CA70242EA14DC03E6D2C749EFFBC76EDA8E45FAF5DBDB1BC92EBEAEF0D4533E24630B96E53512DFD920DE4274B542A6CC85223FBE5759ECF5D06638205415269E5930EBB2C19
311
C204FA92C4066002091A080E047E4D1A6ABA90C5349A2F952DEBE33A98E0D5BD9BEF566CA69C67FDCA95FB8F3F700B3F1CEC0777CEB3807572D06C4CE88D10AFC515E81D2A92AFF85E3B17866DFF67321C33EEDFBCBA78E48F32D40829536EE6352E09C33953C96ED649692DF2FF541D31927EF849830EF6C77AFCA66A9120
311
0FC4E2B6ABB5E7B82190434BA2FE015A21000CF02B02513511033462E860C03231FF7A77E3FEC152CDD3FCEE3524F070F66754D40750FFCC8DDA42DA629711C101F1DC70C8410E8824C9F12BA5CF688D3333A8FD1DE6406AF6DDD5AB6B2709AC1D672C8706258894278487AEB2E8D85FB8B030F9419D30EAA95140AB66F518
311
60FBBCC11FB4BBA49A067E610963000C84B083C454E8E14114C2A939A41010F15552B984D13CB1F9FCE1AD83BDB4AE9AB3BEBB7265F1F072BFF867C0FDF0F6E064D215D04B0AEC171E6364AC105460B7815748F820081BCC97B7EF5DBDB9BE9983F9A3CD046CED72999AF56CC9E4D791F7D75A986B75CCF436C99CA3399060
311
B584C90D70C4098D2005208162DB22164B083BB25F90D01183C20648027E61825CC06D9D5DDDBFB7F6B8E10D14128F85047EB335746E3058CA33A3664720404E067391EF1FD2931CA16A03090D083190307911C55673A9B47BF3C6FDFD64A6A7D719238D00594E7E72255848000020004944415460336FF74B392088BFF501
311
CD9C473CEB67048FB08CEC76093F111C61A9A0420489A68C45719F440AF05A41AF3D8824240FD3E069AC1C6FDC3DAE59ED95A675F9541168507560EB3C9FEFF7F26B5BABF6D640523772C963CC0E77BB191CECDAFE930B1070E15F83D530CEE8DA0B03438C648B61BFC5652F559A7593DBEC4DA765FE5B172A405C3616ABB5
311
96F61AAA7A968A60022A0714F18B951314C27B840484086001CD1A92F957D15330805B989C5CDDB9B735982CDA3379A4C08D9D7332EAC2487FFE851A93263B6A2DABCBCE0294880053D770998C6681DFA650C0234C3038703E09CE53343CB971E3602947943B92D5633E8573ACEF258C1E3399C008BFF90BCB979781AF0666
311
2584F23640085E4981623D16C5F8151210044003E8164D082000840444234662A41799DCE9B9DD83DD516B96CD0B5EA4C0DA6FB205DE1FD0C44C30AE4704B0FDC15FEAEB3721AD6DFF1F694282079A5080B665A7FD8FDEBC61EBE68D83051CE0EE588E450497BD90CD15F1A4C8686173C4E4DC87D6E9FB7DB667C6D61870FF
311
D14321199102241F8B35441367127741D3841A0F280C4004444E33A46E7826F6D6F75BB65C2E9F0908091CFD52C0EE22197C389409946080AA6EB0403C3BE6B4FCA46A606AD06B8F8280D3FF4BEA735B8B37EE2DD57B91FE124376E7095A92D1E2F204C90D9A6019E9E34D336B3A68200BCF63F903067193CC6A3C0210A022
311
28A20CDA424091805087F8C8D1662EE0B76E3EDC9AB50542FA4A36B9417CE417C5E0E9D82FA2A2FDCA3A93F61B48E777E3ADD843E3393319123F499A14C077A8E0DCA6AD64B8BC75FFC6DA52BD2B14C9140DA4CD1733F542D164777D4D7A271B4C5A0B9798CD177B3E3FA0A49D344229A8646727928A0F32F102BBD203C800
311
40563A50A264284952CC48DC3758669FECCFDADC63F55CCABE75F3CAE2B38F47FAD958B471A41101263D08409107FA87F23F8200F2BB80FD1B8D0F30E3CEEDDB73941F2CDE58DBCBF5877CA92A89DFF666D657A9E6C3C20010C0E82FC27F99DB12376862D06862B7515433062566205200A358893EC18012028A047CD966C2
311
553BDE5F497B8662FF2F969BBB77F5EA9B5FD43A6730ABF0D0F909D0E96AA3C9B83EF08332CCCA63BD0E29012D0460B57DF34D8706CE84ACA5B4BA7673ED4115F11F2B875DEE04191015D49FCAE8B2D5100033E77BBB2C1C7531526B351B10025F1218B0977299A8C445245CA05020B1050D03D8C14A0A8852703AC529322F
311
3D5DB27A7B7B49DC773FBC71F560FE54519D82777AA14624AFD49D8BB775BAC109B351FF5D38FE35965C6A3863D1D908268301C505204278E11401DEC4CABD1BB75EE47B7B23B1DC0F6E378E6C2A5BC8EB71763F170260EFE305B3F4FDCE2E2247BD4AEA5D6C434111600CB1C9064B100EE81F9268A208813304080F28B5E0
311
8C567279E3E683CDB4D5399E29F8CA27F7AFDE7F7DCE21F8D95E2F7D63A2E11119E8C69809F44CE575BAEFBFFF5E012FF6BB34EB37B5D390B0C1FBEEFEADE781DE9EEE14CAC8952FB0F647529F010622B7170DB03078098C97DF6A8FC6EA0ACB062C4C01160B594E24260205482455E80012101920AE904602621938A3CDAA
311
71F2F94ACD9AF9A4379729E8DE1122638DE012F8CEDD92F7CFBDEC0CCA3A5343069AB0033FF717FB464C49F531C507C0AFA1A0D661304BE2F9E2E26E98D86DB41288BB03F58C8FF84F3EE088BBDE06D9EA32337B39039CF5DBB96A3FF3040F482E3ED6A03D91CB2A6B30040D00FF109680AC2C6AF0CBA22132102D41BE75A6
311
9EF8EBE15C5A57F8F43A6BD0A607F7E1815F95BDC202AADFCE20140EAC334A068A16741746BA8CEC5F101660FAE54F5040DE685BC47AF3B3078BCB696257D166DEE166E38C33E6ACE7123F4872B797F4E8D9F7F3082F74A5F5D7C17CE7D91A34918ECF1EAB7898AC09E513125804018A0434292804C0D22134A078A01BEFAB
311
69D96EA5D3856B7762595F76F2E0EAADD573E6FA87604A6F678339BB221A34EA759BF4B080EB6B476C3AE667CB8B204A6BDF48657C9481C602C9B0EBE1E2BDA5688F33CA2E82B83E1323F12B96CB7F07FF7CC126A0C1D159F9E019A99DEFA703EF25CF7637084008A007582581D391020A7C650B290A90F5112DBB503040C2
311
79256758994D5BAB9F5DF39523BE3FEFDCBCBFD5D6D55AA71FD935A3494F041D684110E03285C69AEC56E1661B031A15B08147A3004BF5C1BD5B5B7AFA4FE5EC717D3D9BE9210816C8B3779CDC7608605208E07400E7C7A0AE2F8AFF534C58DD8E2F41802C1797EA24130320A6406FFF904841718864A958E50F20064447D0
311
9CBEACBE01C4894F3EED6329BABA7AEBE6AB4B9288CF0FA1D35FE71ECFEAB2810C3411BD218A9B1F19C97F05020405BAEF59F29338865845696400E9A3F9C6F2AD4769676F249A0DC4EDB94C069D152DEA89A49054AE6C8056E7DB3BBD9D3EFF0CF0F2BED562625389D842612D2ED2250BAA6A3D0904F428212804A0284043
311
0EC1D74AC9C66A7CE0DAB56BE4D4146636EEBF9BBCD416BA38A2F62B9E4EEF37063C463D14F087AFDDF5A95038C82E26ED5D8D0914116832201C3FBEBB719BC42961004795644E6CF35CF92FE13F92009AC40B9859185500C9C36F69C980E52B48E073C284DA4AA1284264A0F208A10771007CBE6F25D94E0901518E9168C1
311
CB080DD73FFDA437E5F4195FFEFE605B6A919D01F6FE084E213E7D43BBD3485BC2820036EE64A77C46AF9792A78A064E0501C250B480A77C7BF9DE8B00C84F35F5E1522523A97E3176491205171D7826023FECEAB4CFF317DAC7E491B8901721408C90CC3ABE1516D0A4A0F080F8C3AC0D916E05069425A054432463648761
311
FCCEA79FF6C79CDD89D7B76E1D0F9CDA42E7BB39BD56FDBD3736703861450BAACDF0C6E8982FCE2E70618264FBDF1419E86C6264982C4F0E7692DDBD2CD154C37A76D01748ECCA16D923FF35FBA2F8CC44EBE336537446743616A3430AACAA8542524B9D84067189650DB10F5B10B5276BC49230232944D842BC2B8A28ECD2
311
E9DCD73EFBF40EB1B44A6D63717FE29C1EA093B3EFEFF478EEF9141BD6419DCB1EF84EB480BD67AA405DE820FBF88404E05A3E258F9C9C60D59973F3AF9657523D2C7B41004556EA3224BE67AB011428FBA55195330B4228A7CC7ED1EE970E55A7671F687F3D4F6EA3ECC46753A62191AB48EA188640BF2C26C3054201923D
311
44535240920DB110D97953329A6DE6A94F3FF9C4190DF9C2BBB75E2D748CC1D33168106BFD76FA57C3E8DC6273DE20690C94BB37BAE3899EE11C1A39A9F6326A1F6F7FEE271060D7BF58DEB21300CC544A6CA128149BACF3A59A0493FD6C96D67D334042D5792B58A1EF1CCA4F2FCFBDD1FE7AABDF640E7E253C6020BD8864
311
FA6E0151D6D6355B1060B5AC39D2AE889A4100A21F2375BD59179CFE5484407724F7F8607D452B5B7C0ADC6997EAE25CBFDA1BDAE758DC74B3FFDD148EC74B7DC3791C332101E1811FE563EDFF6A5883D5DAFE9B5604E1936A9AECA502DB5A30DC7D754AE4B3A28C1B509B989DD330AF7DF1CF0CA3330FEAA3ED6FB75AEC9E
311
AF080DB2A2220860A998908018C3E2108810400D0A052812102B4121A0BB50B4E8BC23D73EFB6C28D2D59D9D59DFD0A4A006DDA58FEF8D091AE5CE8037AECF07F43F381CE5E19E84078DEC451026933F9E7E3AA9FBBE6135EA9FBD3C32767591B253A6E8658E6AD0F801B1B25EDCC0A00E1D303AAB29C10F312DCC2000F3C7
311
8F7CEF39F690FBC1120E21A9597884AC11F97C62EF31FB2203986A0C01EC0085019575281123320EBB6255C78FC9BECF3EFD740CC91031EF6C9C742C56E9EF520CB4EF5F78334D3C8C1D4AAC5E66C77B0CEC59E5D79BFC319954151D1419FCA81B489683CF7757307C62B1EC77A652A91828179B296796D53E165455518099
311
858B0BA86763B8D0DF3919A08D513042D218C9B9B23B310F63495C48C097A442F40042000A90D4594840A4A030083888D55D50C067D73EBDD3DB15F2995EBC7B40A59533F49FF5DAB952B87F0F31565DFAABB89C826032DA33E3BD6136319BBD5F6A72802DDD49FE746C6DAF99730B5B2FC21040CC573791069BC7716992E8
311
CF16718C2074408D4D159A237836BB9D8ECFF529B7CEDD6E5F5AFFE246F8AAC820FE508C743199E5913E6C4158208437C4BAA0C24054D268440AF6F777C58A6E9D79EA93CF3EB9D64F9CA47CF2EA85541D3BF7ED67FD9EBB79EE521B8A2DE8D097D89F143644A6BBEC7E9607D9288D18504DA79142D26AB79C6CCDA77A9CE4
311
B1971379567D29855D60A18AA4224E06609BAFC4024FD70F3B709D8DA073C53B1F8C009A30E010620BB29ACEEA02A24E142129A5F000332DA6600701588398029274DADF13CD39749EE14F3EF9ECD32178A6527BB935CA62C38576495F9DFE3B23495A838EEFA865AC0FEB9DE3CE306B23442760024D0EC0088208AFA56E7B
311
FDC0181202C8B2B649911C7D807D2F993A3514B00293D47F99989550C8698FED8B33AAEBDCB830C0F6E7AD86EF3C8A02FE10D6CB46020C3EB53A04058821207A506D2648A53473983779C3D73482804F69C32CAB463C4F8F666A9A29A4F5753A96769767DCA16EF0B6106BD2CAAA1024AD370542D33ECAE3C003410FE07788
311
4064A2B96458395E28F492D32D2BD485665956BA2BDF56AA94D5E003041029377566069D81AD75753694B3ABF6A8E4C9AA0BCBEA805A1E90548128C9444A0D4001B040AF040424959C26D421E92588C8DEEE4A5C6719430D7E360D5F74DB579FCFD9588EA38B4B7B39D7E185CBB4399EE0908B800104C43087DE7AB005A809
311
D469521DC85F4E3E3B743943B2AD833C8D66339130E5136C072A49F9106FF27B590E996D5DF8DEF32F644C32286D6C4A29745EA88F59E3458C29850013DB088402088DABEC6289892867A08D00769E22044447F6479A0EAB67EC934F3FF9F4BA84899AF3C72BE2B569ADF3AC9041E7A7AFDB43697F4C5E798C790E81C9EBAB
311
3D5319227B7ECB5BF3975214496100471D04188BA38FE7723DDDE479B134E3A3360415B0F15CB37907316D55F1020474F6149EEB8B6EDAAF2EDE3CBDAFDDB6BAD95489EC9174199689D5FA880A8A891014432012F95636D26814802D2CF1A27E67C5A133DE81003EBD3642A4A832F978DEDAB1054FE1938B8B43387BA5AEAC
311
6447E539FE261FA8F68D158C2E17769D940212B8E50F372D68CEDBE74E8211DCE0083A1917B88219C07E984836416631BE935A105B782F1A76DAF1B9C1D0A5D63F8F108276CD24B8EA5A6054E94132053AA9E69A10400DA07E350C2004A0005860A8AF3BE3B6BAAF7DF2E9679F7DD24F14C56739B9AD9C9673FD757A78EFB9
311
4D10F2C40AA5279CA7AC7FB1541F9ACE12155035D0980D00D71A13D3B4CC2D890EF449B8B2B7BF3BCB56E702C534B2F93815A290818A0526DEB36F34E4D387D6DF29F0A78077460A02727FA44BB54458420FB2B756AC3D71873086351650085052106F40520D87BAB271ABE31A14F0C92723A4147699E6160047F5DAC16CA7
311
07F5DCB9D9E1466E72AB91F63838EA85EDCBD9E1F12C951B2001BF59F68C8936104498CDF1A26E6E348BFF159151F5F784624D89DF763B0B01D95EA75100C1000568BB1BAD6BD5577B14E7DF387F2DE370E5C26A8D9474A1045B4DA000E50E89100401620B8B10D478002B092908024259B7D5308E08F8E4FA08FE5357A231
311
CA426EBBB7F39D9EEB4D9B0B05B9DCE56523FD369C67EB6E2E57191E6A86E58824C9EF43179C35BD7E60DEE3C30D70E2A30D0DF7F74572EC7E25340C02888549BD13898668F1C0B30168FD767AEF3CB7A951BDE4417EAD567FD620F5662CEE380B64D914C6B036C90A015A4444368FB0098768813204900EA182DF66F8F453
311
08E0D3915EFC874292A5BC9AFAFED3CE14909D07AD6BBAD3C6A83D356A66F6376741406A64AC40F93B07C99D92CD2738901F8695734FCC84BB43BE68574FDFF0C8C8506FB499652DBFA7BBA0F65779150BB4C34167F0BF77A5BA3BD7B55C76FE74EE8A09752229845040567693296740F480B0C029058001D183C21F4350C0
311
5B9B1E02A05DEF8A74F5A6CCC1B40D43A0DDC97BFD9F7BA97DA0FD3110602CE1DC170ABEB1A9823DCC315992E329F07BCC6FC53236C7ABE6D17435D4050790EA3D3234D6D795C9FA48677466134692AB1509B0BD50538367DFDEE135EE7490AE8D427DA4438C8207AB3B1560573132C02DBB0DC5DC1143A08F908078C41A02
311
1405600888378010ECEB0D55CDB62AE1005030DCD3DDDD1331E9BC82804E6FAA5F6D3867FDCA4DED55FB716000255790CDCBBEB1B12CD9BD88010D03A0E00B4501E15272C21C632DC449C6FBF0F0D4D4B033C3D688A1DE6EC90DF260C389373C3A7B496D85765FA7C09EEFBB730D72ACC6548242652204C389FF271181884C
311
720F1CA0284045444ED58092908887EE84F79B8A8880CFAE8D1320A1C689DB6CD556474EBFFB14D6D391C89DCEDBC27DB5341450CF162A19E7D058C5CE39580E85012A042A59000BE8F5B65ABC1B25D8D53F32323236353DD4E58C8947D2954D846587911CB1559B991D957956DFDD06B8D369FB9ED6B5BCB878860C9F26E5
311
F00F0A01CA19C0161653504800354008949898D841942D3D3505E18E8829F97DB7500091E15E899616D967AE8252D2D3CFB7CE70E4592A189A1DA8B46C25E51C9E4EE9296314060324780B1B2846F0948C691B8B01BE48A86F646C6C6C6A78B84B52FA581F2F4876AD580D2080B24B1D42D7E057FD28D7F07C8FE7D07F3A44
311
ABCD9429499539C502556CE1484409FA7654B0230304011423C010102DD0E333EABC5D08005860BC5FFCA754C2A36B2FE376860284AAF7765FDAB5B88CEDBBB2EA158CE7290A9889768F8DC7A4889194F31273401AEAC06CA9BAAD3A44808F8D00ECF6981A1F1B61771BAF4211951E272490647D65F25C4C1CD2D27AB09EB7
311
774E813F7D53CD0114A1C7B5B57CA18420CB63526142C585450D8A3F2CE536342D20142032404CC154DC6A19F9E41A14F0E9785F37FF512145EF3D875846710A6D07E36737B8AA35A86A21E5717DA1E1291FA1A1BF18FE24B59DDCB25AFC5624A1AB64B199B1027CCE1EA4D2F4D4F4C808DDF9BA7AA986A4D78ACCA9A0F064
311
C71992EA21D2D4ECF3DC4605506B57A7773A173A5B18930A27848262A20625302C925EDC61F17A2425A08D0029470102C453E86DBAAC8E29A0070520C0170AC5BE8BEB346780AECEF7D6E9570D4B46D176476400B501AF3B91CDA462911E1040E996006200730004F8592F460918F31EAF3BC662144A1019383E35D58F4620
311
464D553932FE1112F8433A6A3E1113BDD893EAAF3DDBF4C59B1DC2D046A2214708B258C98370D686D84E209620A1CF360F882588ABE7135B382386804200CEC0506FD19C0E6309630B5E1BEF4371F6F8CA9CD0742A5F2EE94B46D09996CE1024289A2F205F223DD363CE3207812207C2620FF8450CC09876BD576772820041
311
3BBB21A7D8F9194965E5F4CCBCC982BBA00208249A6801910BC817103B53A190230F724386D219021F29674AD49E150A30E46101A933030F4002507AC70EE858424A0D9246D59D30DB4AD7A100F4E0B52110D0EFCCDA93C880B32F563D9CCD80F6527AD786A1BD262C1EA06045AABB7F6C3C42F11AA26354F2820BC41E2273
311
CE1C3004BD260AFF2097FA86D001635308E00C9B42C22CA730F7D41CC16D4A720C895A9B6B7F3D5FAE4DC1B9E174E6E4DC2D35069B997A9B6CD722DB16535842426C23135B0709D00E099DC900E52B8B3794B27F656B5EBB761D0EF8E47A0F05BAFA432936D60970A714AEBEFEEC81B7A46FDED65020AF519C7E3D6B3CA948
311
FFD078A85995739EF452EC8F9C074800EBA4E4400C20F1B04D64AFD3D8F0F450C85937B22C6336A277A0295652C0C3604BC504DB9DD08F9AE74EEFD271BB59B5C851FB0E9F4AFB0B9584ECB3E0C0524992C848DA34713F85004501C81C094488338025286B23FD3D38C3D6EC7554E0B54FAE5D1F520888E9BDE75840835675
311
AAF5A50DA8732D6F70CDA28FFF2F4D024ECE9EE1F19094702A95582AD4CA1D5AA88969C1E3B3E470C96132D10228C221E291961AA702582D3A8EDC63C738B103A943DBA12E0D52A50154378A2A4E3B960B66407B2DEFDB8C6529DA080780802A5B49D131C839F1F8545C1CAF0304C002882AE483F286FA4375BF55D77DE79A
311
1282D7D9AD12EA0F45BF03011AE2CFBEFD5C47DC94A997BEDBEF73D1B079A89417CB387B47A6FBD9A44C0527168A9435805882BF4B2E73B80002F0C2A1802976FE0E8752A560EB646F89140D397D6D001A48EAA8C42CB44517DA979F76A2DD14484F150397EAEDF647D9676917B3CBC5E98B244DCB2E3A4DD381031515556B
311
635A89158205829D1E67DE620DF6B0095588605C64745FAF130A6843A6BA530F176E9CBE688F91A7019B399C03BDBE9E91F1BE4C1D0C50D90C06179F000EF05A4A6E8F218B3186E9A358607A6CA4379AB06C7202C6EAE4CC0207E5703A20FE80ADD152E911F2D567D0B511A2DDD0265EAEF990108810027FE17AC104BF515B
311
929C69D61CA92320304A380004848400544D11A505140242BD317BD016671FEE1DB664630A77FBBAFB7B227A8460FBEBD528A497D3A67AD55EA9EEE5817BB59AD951E6EB63C880A1A814FCA48ED9779489FE3308F078921E3D92294660525C90A1213860B82F1429DA96B676769E6F6E1E3EE020CD01A98B6D830734781450
311
AA274D24CB98DA73CD5DD5B93CC95DF56CD3370BA41C2303D52642B29E580284CD95332819D36487C202A82A31055592404FA8E9F07E535522E0DA9D3BD77BA080FEFED8FB5A80EF3FD7DA107746D01E4BAD168C57A3910CAEDEF870248B1420E82D751E9182C880A427F1B9D198E9A1F4956881E1E16141802F90DCDE5F5E
311
7EF9FAD98BADADE7875A4917CE211125AC3AD59EB54B05A8BAA1B02058577D6BEF8A66B6679A3815D4281757A0C9D61172E510F4D49B504B63A485B153824DF4802F76802409444A7E9181D7A7AFA309EF8C0B029817138690FADA8BDA5EDD12842B6C688FED39A1B02F9B868B52C6A77768FA3A1440F926110352DB546A69
311
5056C865B0677A35044094A0A0B73BA54F2E6DADAFEF1C9D1CED3CDAD95A9A49FFF823872DCF74148CEAA88D8BF6B5F44FD7F2DBC180361CABCD9DC8141DE27DC9C99BAC8E121475B2650801206600DEB0E60D56D0D6D4D7D1B224627AB335D935C57EFCEBD7EE7CA221A0DF67D26932E01CC1D149BB4FED49614161A93D20
311
1B86402216C9C4424353E3918C54359318A960803ACF5E9DD9C0AEFA0ADE966201DCC1919E7E672A1F5CD95AE7AC89BDA3E5838D574F97E4AC5CF4C0371DE8045CD595F6A4185321407BAD614210C0A7A8B3D82CB25B0111801D942B54520223B1478500952020ABC352694B2C4159220F75D78DC19FE2FD5293010AB836D5
311
138102FAA276ABA4CDB77B56F83DFF40AF6A7C0A7CA52DF8248640F2737D8A787F1773DB2D15BCA85B438D474E8F802DFF9AB4185C067D147B5C8925715061C94AD1DF7AF1EA2E278DC831201B3B8792A0644D4F34A473F5ADAA63D5A35CA92ED5AD8B0F9284A5B3C4AB293DFCF6B5ECA30B506D4FA2C2A273A44109B23AEC
311
232CCE16FA0C46A2C8806E5FC995B49AA6EE5097621C2D30455936D6537D06ABE60DCA18DA78388F6B358EF6F0E4898FF0D8B07AEC5932FF9C443B7AA50238E1A13A85D0492027F5C56A0EBB7E2849381CAE4408B02CDBD5EBCBE4E2837B3B1B7797B79EBE3AB875EFD583B919EA279125233B65046C5AE7493D6B0FA05B50
311
D17E473E23AFFC2E94004118F658B34C5917BF84B0B8C6028A036471140AC06747414000E44B664C96A4B529F549A0813BD7A6245A31D4938AFFD48907B4FBE0E99C38683B02F29EF25B14B5E8289E136E4AF5A2FEE1E91E242DD5FCEA4DE2E47AFB9FDC1EAFCD6B74DB4DB2AD17C903598200F60964CA86E4CAFEFAC1FACB
311
E3371C83B2B1B5A4EAFDD626D8642E78D5E0541856A97602ABD205EABD36EEB5275BD0ECA888126823A05041D0416E98C2AAA1059533882B94CDF09ECA148AD439BAE32BDF34E53840C1B5F19150341AEAEB2FB8D39226A4F5CBD38526A3921BF2A869276D3228938D1AF0B149BF87221F51540DB5FC9A52C9CF64707B408F
311
319E28F9884CB737FF3334A7AF8C1FBC4269ABBB0F9FEEBEE318989D0794E1D248A0DD7D67AAA5CF7312A03D3AEED2BB1A40DAE2B553BE16E71302084B9E1C4B63420188006507817AF22354F54D90A06480335A72419BDDD3D3180294A3F884100D42BC37674913125360CA637B0204E8F64F1B0732266585A851A66B5E57
311
3ED6CDAA07669E137B538880C23D09F286CC249191139E1719A02180E8442486F76E364F1CEEDC3D78B48528B8756FF9789373C56DB601AC4201AC0DFEE9B342BCE8487103046EF519C9C6B482E1324B6C6E45002A289E22675E091C5C61EC400907284398529B084185818CDDC2923DB538A6A6284C7307675022B638C85A
311
D56F85590D0FAA3BEDB28D724187FA53776588D40FD26748FEEA22DE17C2DF000308428E8909FBCDB59941B75F5F8D628C30F5521223C49695AA3D699D9CD9DE5A3E58DF7AF164FDDEADF527DB94A326BEA43617494F6D38A527ED872BC140BBA98F8809604D9B5D0556D981DF1597A2322A24AACC0005BF7080CA91420B34
311
2B6A7510A3A80C07E88A63D7A7C7B103682320A0A7AF3BEF1D90859176370A0DED17724B085184AEDC97D1A8499097EC64B51748417712EF200B309589A10A72E53C21DF64BAB5E0F93A518C890CA0013F7540336547BAB53239BFF7726363FFF8F59B83B58D977B2DB6D5C8E61ACE0C9039567FAA23D0C22BF9557F0A1F32
311
2CF59A04DC60205BB6FF41C9407652D629C186AE27EA87C8150290ED019222847E6266C410F07D9B0DB8BCBAA0E2005103E37786BA64D126624F5215BEDD95F4DD6E5ACF3CCAA8D4537B10DA0BEB000590EAC015E91F9EEA97D0132C802A2CB10FCA3CD05AB1F813D59406BF60C0F96D2C577235E6B73767575E3C7CF7F098
311
5A8F0720E0B6F44D9E801804C262AAA91EDAE073DD199B360C3523549ECF65D87187EFEDC60E2C5254555B1B45E74883F414078812C866E14F982056365A8256471F55AA342138DD43DA7E5F5FCCAE53DBFC3B40AA919C8E43EE76429472A98D47069AAE7DE92E4ADDFB9EA1E97E093D49E5262181B0313931BF64B1E8AB59
311
76356BADDB194DE5AA96C6ED677B2BF3CF9E3C7CB5B5BDB78F4DF8606E420A32CB092AEAAB5577426574402292EA5C3023AFB829FDCAE75853703473FAB87802EEB83150A5A42AE110F1F83504C88E112D452A9BA9333269A46AE37E172945030308014CA305BBFBFB499838DBDEA6752C5DD28DF6A3FAE73C101985EABEF3
311
9986D79FF791FD11A2BC8D44FB9420A4869DDDE84FDF5E4D5B4CB92C3A000450DD094A8915AA61DBCADEF1E1ED9507BB2FB74E365FBDE1C9270000200049444154736AD8F315FA86C3389743AD4E09B7C9F7B721956B3521CA0754DDABB19187526233B05A9225221A60655436216846474F7F484A0AE10BCB5135A9A63081
311
C444729C5AA44B46894E49812E2C219400F5CB7A732E96C745D77F2F004A6B77A946222390A610AF49046EF169B1052DA64C17481C199E26D68BCAA1C6A9E881B87974E9B0C191210582E0C08F4DCE60C88F35585B7B2F5E2FB5968E9F3C3D9C9FDFDB7AF2789E7810DF4EA50405AC02BF2D68641C6A28EA428D407B29C537
311
C38542C2E1FA5AB4A06C9CC3E141029020A29AA44543008800541342500EB092CC2C76E8B9FBA7A6418010C1B5617257427D4ECE7E1057A0DD571B03DA4B6EB7B1A1BA975772216299910E9025526047A6B3674A8C6A55D194428ED5BCDBDBD83E9EA3B218755F047E8682464A15CAFA606BF5E9F3EDD6E4D2EBA7AFE7D30B
311
DBC7274443D4423959FCDA976BA4A60C23D50FB7A533198AEA9E9B2C667BD976A997C538940025160BD8816C8D912C183040AE180440D959E26102B9D8C2D96C39EC675743694CE0BF8E25705D82E2442C7DA6A0ECECD03A50BD2898D59D0E524EC99FD1A9E1C8B37580D078D929960015CF7CDFCA2A548A43B2088B78274F
311
8E37BD0E76F5A28C64FE990CDE221CDE587AFD7A7B5237B3B4FA78DE66E6605A9BCE2F49E3220739354C2156F546372A6941012F83D1902E88201CF7953155495077851034E1B03C21F14ED00F1900FCA203B4FC2856EFB00431530B2C230693E6E894C6014202ECE1A1844FC58112687FBF90B8608297F22C975CF1AC3853
311
6D84529F90F7D812426034E0C39AEC22EADD8DC72D18C8D68B81787276F5E99ECE4D66BC8840A646F2F5E4C031876EFE646F750EE3677E69C662E4C021CB9F0D863FF8098C507CA0714EC9D28588FBCEC0643C827469BAA4CE522ED48D7F56CB5014D72B352B145AC2EC44DB08F80A7E44400C1785E308440F64B3450E3DF0
311
26ED2C6310A1860C70067A7D506FA8CCBA9020802FD64057F0ABBE14D6D54D850705B57C4EFDF2D4D0790C94D08FA208A743A440D3638C9A3D542DA26ED30B9BA55AA0EE8F5A9F11B794C061226C6E700651CBF6D55F75B3836C3A32998CF95CCE24CC69B551724110DDEE41EB975E94BCD16ECBCCE8D8971134B0E7CCE8FA
311
82781822006D23D5F7E1006097221A204056C5A48250265B973AF4F50207D7C8F14555601F1E1F977A8DC840E68EC5E1B7D606473A68C06A58502FE486346DFAA5677E946652CF3241E974907A60CC7D68647A5816FE3804A452A806E2C189A5E3E3090F15B223C20330003639DEB2DE60F1DA66660674E6307592FD767DB5
311
5CE7700C2AF1E03F620ED550880ACD426CDA284E51A2A6880124CDC960B0C8E60B89074B3080452196280501E41E00BD68007103442DC9315514E6916005D60967393959A5450A8A08C00C8AB15A9D320425494C034AA656F52BC0F327DCC83D6D38C21D42953212D560DBA02BEF430F600D8FF422E7450F343104BC03F327
311
4F47CDA62C99E19A0EC050CE964B264E914ADA1A358B43CF4110C0CFB100590A6197F5F84F88811ABBEDA41BBE5E1021DDC9B3A27D2E041932246F42AC6029A64448DC6D2A15D83628192034F43F4D7384914854D3E3FBA5D436128020BC7D6898E82414800818EF477C39BB72F1241A48A055806910F3D89901FA141C74C6
311
229F9481A9465E85C790EA727E1BE91B9BC6D845EC022735013EB74E6E3F58F0860BE5945282EA0DC225F849048B74560266012288F5BA54C417315DD43B3C49C1C080980558461AB4DA9804EB320A410D15B8835E43BD90A7EC004B70A204F51455C315C60A00FE76292D21007104997F8E20209187624584EABF2A0C0FE1
311
B9400338C4532203BB2284489427A050DD9E78E9101CA826571AB4EA4A0D45DE50AF1A36B3A3297970FD63D37D31FC3D390686923D0E2F62FE24E82A44B352F113CC701FD2906A091EB83869A1547CBD522D48CC325360A6AAFA387B993856B0A14E6A6877A0D0205DC908D4BD015D5017E744113DC1D0B7A0408241AC0ACA
311
D630E65F4DBF18C1E2076A318A665DCA3321982D5F7ABD8E10E12B6800148C5F1F63237B249462FF88161307A64EB70A38F5A0665EA15F76C34A9347351972991E60F98B5D0712179BC2DA9553C1B08603C6E000C7A5263DF94C36254A502AE1737E62091BD19CE4BFD33AFF1F8BB932A40BCA9829821655B27DA0810136F5
311
B5B3F755770AF64ECF9CB296260EC2511A100CEBCB620753552F47D49BA83F56A7227F25744400405D8AFAABC4A9D4C1555E923AF1DC8407A6B003C95FEBEE6E1A253D4466594DAAF01C7D0ADCDA696E8213F0AF868069AE9A764BFD438D9AD29206D40D0F7465440BD06DB964B00C2EAC3E9E30DBA9018D7042064AACA01C
311
201E9294250596C52CECA0C37E27C91F62E578886C3900978A45684B73D292B09C1A885CA88991500491500BA1D07251CA3690880402480F130E20188219A42140752842476AAC53649D050BEA35B114EBEE1D1E1A66A95EB4A02602BA235A7E8CEA43E8EC27FA1074A826F286D6061A9468BCCF0DC62682891201568BA32E
311
3C807AED93F2CE84BDEACDBCDE6F6B2D3D9EF11AB1C3C5089259E658C9BC3DEE977D62D4DA4BDB2CA66A813305D9D30EB52A1969779B7F148388126C244BA859E15124B07407777C43F9694B395BCFB3264E76013250B6CD12EFD09420F0AB5DF3CA09120B10E14799FD2AEBB60E6C802FCDF91ED6E8B003A6D08277C6D8CA
311
EF735608126208B79B824AE65F83916741BABC1088056E198F3C6A13C4218FE9A03F4FD23D7A60780C3C50E33A53A043A36EF0F6C982D7958BD531512147A6B85E2CD9FF2C056306382176B4A17319CA8568B497424FE24B23B0A82CF0055C40F6643A485D2134626760696B32692370EB35537AA090A00011CBCFD4AFF2BB
311
C254998690D811A294805880F09C2A2BADD62A009FD50A501B0C7EF1754416A8A6C6245F8760086650E4DB5C5C4A182998382409EE54D00A06DA3FF2BA3D0C385740978957B71001F06CF2F370965DA1620BF543028445880A058C5FA4276E2F05BF48149AB8A9E291489D6B8ABD43010D4ED2656D7450F735BB1C24920D05
311
B1B33F5368C2A9C205E8028204130D6265690954A03721806F7418320E447A890551C9C7F604A5081B9100D67D648BBC7C11B9BF7242A30A518AF2E31CA23C514A32724828657F9FA2FF71B0303EDE8719144925701095D815C0805B835C9BF9360E144E344B40885111823C2BEAE0A5D95D240DC2D74B0A40375D33D7F52A
311
758683B5D6ACCE1B46C48B1BA0C2856881B84B95CC99996CB13A6C7D6B2FCBB67795CE968A56A06D83CB9344192025A8CB6733EB0626441CA01AE4080BAFDFC084560D5F832595904C615129352FCBE22841BE48E61F648A3922B119EDDCA500BAC7FC95F7ADDFD787BD36323CC44AF5344A90D1FA9A768F575C41015E4C0C
311
7916A1D3C6854281CA4B10FB44B02324A0FC77A102FE85D8B0D7628AF5767FDB3D34263EB132859A45BBDDA59B58C0D8AB660AEC96E0B444444095F3635D6FA5681887E32ECCB626D21E538EE3229839EA0A0AEA72794E46093206B4012890C29C52948E7051D0FCD6EA0988FE33B9F01E5956971C618E23420462052A2B48
311
C280A272E127E49F2C54C9693324B07186277B8C03B24629097B24AB8C5F1FEE4130A5F252C44B11B4002DD02924F07C8605C18A002E44801A900F4000DA3DAE6B3A8FB1293CD08B3FC06A7106F38384114C3B0EA0347FA9CF60E88841C26C54F57A8783A09442C0DC1C6503D37E3B35219D622E6395C57025B188700E9577
311
8814A0261B2579D87FEB72C9E113B94289634CC831968810C7915161938367D4A207F61606603B0C288B3475C43F27F0E9A5C681ECD1B5B82BA42BA2ADF105A6D083436CE68E66F57080E6090A980A090AF436F80A4E81B68302450D90A830A69449E1275D7B8B29208906435343A2F199482C6F5C951F0766BC41079E3A5A
311
BE499DCC2269544637061F270AC1021CC0324959EA1F08E688C380AE60E60AB207252E995F32CB40CAA933EC0B24259CADDAA420D8DDCA90C42350DBC621004241E819015FFB12997F6AAACB897479E0E7483EAA5EB3B3CAAFEFA754BF4A594509DC99EEEF8EB19D9F5381581795A6585B80D728414840A1449B6FA5951079
311
9D8FB6FF43DD18085AC2997EF221413062107F10EA138D17B48EEA489754FC88B9CFC13F0662582040EA86B5E404B2050EA7081A2929119509E42C9D4C335B666B1DC751ABB453BFE70F926D014150ABA0CE39D446969C403AB634F9451E555555F243E52816BE41D99C5895B2522DEBB4814480C3AD593C8200CCAE68DF70
311
DF3049EBA20621801E2751EC00EC840ED0C00676015F01DE815ED0C06C032FA24171BD420177442B3216DEC51F705735121819EEC224610A9A90B2F16D7270D41C34C801605975F85389BD55168AC60C4E2220A10010C0F1F1498AF3B3AC234B77E23396393E511F9662AA7129A84B0C2399F4B025880D5A266350E905D491
311
DCB4C40392184443030813417FCA0150F0CB998CC01FE0E45BF61672F44FFFD0F0D018810B757EC13849019514516273123DA340D466570840E1419B7F610502969A94507A12ED2C7320FFA410C0634D8A6A936DA44880351839DF845D9290806EC2627697318EB9213BEC20467CC1C1414E9F687108A11CC3D79A184C5B0C
311
89228BBBEC26138FA16AD7C7C338FA446FD4EE436ACD96F29C29C82A1846D420C77148F410CF962A629A0A90655F2DF2A8D9FF4D0AF142FEC00F0BA863BFCD6643773F12400981A991A9718E32C066CD132322B0A781AC685E03586659694285057961FD467B07A86519437D56AE396294479D3F5EEEEE7192143DCD5A1376
311
593683FB65E2B833C497599F8AC99E7178DB8E3A66ABEC424B205FB8BDB9C2418CB3B39C31A83393E4532A73649A1C9DC6462C6A0BB0E625A69E5B0F76C83EB2BB82498E341F15BDC01C2003FC46A2CE18C1908ED281EA5456E17FA94F4ABA12DC2F1C2067BF22409BACCF6B12605894E090ACD4E6EC96E0976A5A358815A5
311
2BD8341A50A4A08C43795F3880791777404904E109759FFD2666973D457DE06E840C4BE0D83DD96CAE1C3039D81BF6B9399E4309621A04283E69B60DCECDAD6C6E2E2DF17B7B9B8BCD4D4EE36C51793269E1005D36D6728662918C3BBBDE6EB29BF47AE692A3E388674B56F5E8E40C06943A725B178C1309CB66B13C801F0C
311
A8B01BAB20ED4C1532D6FEF283C1C41E6D110016BB8F0C851195B40E1B5C9F660771269B707F810810280055185D41DC7600B8A1B18306A5802D7F223194BDA06E0BEF0852929CAE060910181A1B76923F9B2510A5B8C06141CC9AA89AC6B1D124115ABC54CD5B39D97BF0E0F5E3BD077B7B7B87877BCF4E4E4E96B6A18685
311
59CEA3E1E879CE9A9199D38E13C5A030917A4ED5A2D6FCFCFC02A2637206B3C066F37EC1B11C9218266EA0341100B23053C7FA9313592575D96894628558238E0C6913725685B4A9A93B6CDA887132ECE72047C06A832A4FAAA9D76D7C0021B06AB32D824F1A4F4A232894281C501C328614E8EE2155204A81886C25C79CB3
311
4EECF23BCCEE7AA690AB06124483289B3BBFF4F8F956BBBD787AFC94DFA3ADAD175B2F9E3E7FB0B7BD3033339886641D0ED22CC26E8406FB7938B58CB4BAA5CD15911993722AAF55F7B943E220B24B4863008980C8D21CEA0FF90FFC6A170FF923E6BFE233E6C983218158440086E0F8747F2F594D789F1EB370C0D964AB2B
311
F51AB04083340117A52F1C204D5E2B8D9086F7418E50842DFD234E2A871B38253ECEBE18FC019225D06726A39F088809F5562EE98D7FF6EB06276F6F3FFEAFFD9DE557B41DAD3D7CF4E8D1BB77CBEFDEEDEC3C393ADE3BD99C9B10EB0FF31713B886BAB8BDB9B9B27AB2BA0ACBCC51769663E99266875E8EA064CD5B31000E
311
B7841C44D8C23F015214987E92F75D962FD8C10C03F4B36985ECB9A1694262D3E3C3E8C002C7CF90CBA5E057B026D5967F25DF0050C1AEA14220D4A69D0BAEC0853CF2C4F9C8EA0D6E7FE1860442241E93362ACB511C8128632157020CB873AC8B8A451EB40DCE1216DF7AB3BC717070A0FD6D1C6CDCBB776FED166DEDEEFA
311
A39DFD272F5E03EBD2D2DCE6CAF6E6EDCDEDD5BDBDC78F9F3F3F3EDE3B8453160667E08020E53B5810272542CE64120750AC28DC2DCC1F495865FF0ABBB85839347FF5D55754FD66130D3C000B8814B833DD178A65EBFA38049054907E2F13ADFD59935C75C007274201CCB2802B14C093029A578224ED1A5A6095305EE68C
311
0FF28287A622E2FA410350238108D94161CAA488FC1297B70DB656B65F6FED2C1FDCBB2720DF5AD4DAFDFBF76FDEBFBFF8FB5B6BF736D65FBDD9DFDA02DE070F1E1CBFDE7BFE5CE398A3A3E720601EA5D1B0617A99721C3289006C8B000800FA175DC3FE6CC95896BD1B2E2C48AFD7EFE6EC2374806CDC229563780A37A09B
311
8A2E61726C150108945AEB00DE7ED69E04F2F6C40B02BEE910832804E540CBBB699BCB15CE502DB6BB0763030DC3687048AAD540D8E12789A19881041C0E64C0C41CAB623BEF0EEE2E2EDEBFD96E37DAEDEA8D1BF76F2EAEDDBD7BF71DFCB1BBBFBFFFE6CD93FD370F696FF677B78EF75637E7319F6180300240854114FCF8
311
7F1800443F495293CD3B3F846523671B7E345437EC2F56D0085BF74409F6847C95BA9E3D1B966447D2755070F69C64F905734B9C43A1730DCA9FB4AB34DA1FB2E71DD1218A2A6A1C325FEAEA8704FAFB5972ACA4D84F050950340403D86D71347D2C641883BA81C9B9DB7B8A02E458F01B72F04DBB710690B41B376EDE5C84
311
19D636D6373636D6D797D7D7E5F1E19B27470F56B76F2F8C52ED81F27179A200A200311F95FEC380625556C43FBB162000B57787946DAFF9F37046760A71501539E444C3A6AF8F911E5E21A864F663A774265D09002026F2D2BE145C8003E85C8128442FA06A929F7B4A040A6950E65844235BD83925060C806C8947883D58
311
40FB4BD13498809551360C7316F0C2D2E1D1CB871B07B73800AE8D003907EEAC7193EADBF71587DCBA857CB87770F0EED5FEEED1EBD5A5150E2FAC055D7AE057AB818AFF39915CF43FDE16D60FE20FFA579E84DAC5EC8F57BB54550D91006880E1A969F202B37593CB63F93AD8D1F90229A00AB8D210047229B7F855CCAF54
311
80D0BAA207F54A61031A202C063AD249B72B918209BA7A8670B5B3A8994C131F90908C5E1FB790559BCD1BDCE6F4E0ECE6EA8B270FDF2904C8A1D01F368D246E2214100B8B2062ED60FD9170C0C9FC1C39F65E77B82A3EA0C40165DD5956807036386213D341C11F57F42F7B53399A2D411E2089932201C6C688DB8D8FF477
311
470B100031755965D44055D026352C7033A960D7E01760850C44EA0907689A50BB527691A21054B33F1E2F87FABBC88E1F1A23670A16402B73507A89536330072AD1A6E18F4A0FAE3ED87AF96A8383E1E5F02FAD7120A81C0A2AAD7D4798E3E60D918C8B8BF70E9677B68E5F3F5B5A594000702629C53844008A09200850F2
311
5F9C7FB56947F6ACB85DE202FEF5AF1CFF9982FB87D84422221033607A8A8D83852A65DDCDFE2F65D38A60401EE409C8E587675502850BDE11807964F67916EE5736211E04808B04B0E960013091D6B14E9DA142079B56C646C428A36E1E62401944D451D693231576076DF0C0DED113F400A7402AF801BD03FC190A347180
311
3C8017D6EE6E2CBFD97A8E81B0305333BBC2FA1C8712CA42808A7FAA80B2281CB6EC08F9FF51D85F36EDA000CCFE708ABD236CA5965F6CC0E1E9EB237D5D294EC79590FA8F0A56019D0BD65CE5595D2BC0B9C54F12D0351C68730E0E344610E035735098001EA8A559A5C9477AE4ACA7FEA9904A1913EF06D704D9F4276424
311
F554590EAFCDCC9F3CDEDA7F75770D21D021010DF236FC82119A928837EE2FDEBA77F06E67F7C5EB93A58551F8DF48A10089012804C8514ACCBF64E822FE7E60BBC69F95F893A8B1328173D4CD194103B28D4802A2C3D7878742D46F40025A5C64CC097C3CA8A69EB9D5468800AF21408480CC7F9B01D4D42B4920AE814604
311
DC23CDC94ABA564E0A38B1483DD2A5529421022D893C1FB738CA31299CC026A9DB87CF77DF2CCB59B01A0D5C20010D7AA512DA1AE160F9E1FED1F1E1C96D8EF6F4EBF36512C2C40254791702BF44DB987EC22D22FCB51DCC04900999B9CB44EB8787D101E208B228323EDD47091139D780A37CAC14BDD260D440E511884181
311
D4B650BFB2A709E085D8D5FC83022E04111DB8E55D6E2103B96333FF391E8851ACABBB373434E4AB14904DC4C2642705C7A3B85DE166AC69309AD3B5C9F967C7BB220544130A1B9C27009106DAFCA3136FDE4700BC7BF8726B6F758974322F1B44D91A9425A0AF857F38454945FFF289EF64033BF32F1B37D9B6283BF238B9
311
03FF14FDD73F2CC130B6AC8C5D67D34694E30C3CD45E42050029200AB4EA4F9EB45772A5D3EEA989874E1406440C2896104C082EC41590268A806B97D1587692A8CF46B9A19148454BCD90E3E19B1C4A4F39F16C847362BCBA5A6BE9F5D1BE604054A190BBA040FDA9173C28FA170100FCAF64FE97E6466D7E5780831609B2
311
6A6170E41F0B4A20B8BD5FCD21BB75FEF0B50A234914D8AFF741F87D803FC28A206B42D377A6FAFB39D4C7F13908F00321F30BA802B6D47FE20608510420375593002CF0F1D0E600C50A420F9A5920B681C802A10BAEBCB8F40592D488CFF68F84D8AA924A5141932DD6A8A93CC5B34C19B2658D9EA06D66E5F029C6C0DDB5
311
FB60A0A30A1422DA1C70038B48F1FFFABAD0FFEA36077BBAC2AC2867394F82D03F0A40D2113036D8AF87A72D9BD7A58685883F2500821CD69E41F441F7887F2C202C415683A8E14082B5C50C01B0618BC6D6CD5389AFAA6081037001F4EDDB6AF2751A069426541C00C480CDA53208A17FA01712303B8CA614182041BA6FAC
311
8BC54F5274E4B790E574037654EA2B6402182DC9C6C2E6E3A7CA1AE0B82D91F89D99D7269F1B6DF98F63B07B74FCEC366717B30C5A950DD2ED08803A440C0123EC4FB459497F7286D4A655EF5741B3EB2FD1118C3F20571E104ED0D8F5B1A15E5F9385F52FC82DC3E4D39A8E274501948293C2A89045FB4FBD84133A4D0221
311
820A8DFE957DA404C0F732FF18C5820797311E88F60B0DB0679E09C222A44101044AF3F1AF5D810C514FBB3BD9682DED1D6FED2F6FDCBD854F00155C6822FDEE2FE2182DBF7AB3F5626F6961C68A494FE010F809818B0120EB3F2C2360FDE1FCFC20ECCFFC4BD214F21F80CC9FDB6343235358FF6A3958D030767D8AEA1154
311
EFC006749334AD2A3EC983C80BF95153CE93DCD3E65FE803C61098938A07140278A5C8424C2369CC3EF4AF74A18D1273616CCF3E29EACB4A6C370BFFA90264E0AB44B3F81FD0802995AA9748221A985CD93E7CFA04B7680D7D48139A6F3765FEC0FD1B8F1E3E397A7D4246BDD963B01751FF6A03A8447F7C511F6815EF2F00
311
F92BDF4FC1AF568DC5000CA738B717A8550C44B300803F94E2680B4C2087EBC7A0600055A900161C48D3C097AA80AC3E29BC201398F44E13692048906705FBA9441444283A301B8D8666884A255D5DFDA272591681022A10432A55FECB1F5DEE00EBE704B8D951303BB774BCF572797DE30069280E71BB89F1B7B67680F67B
311
29D26F7E42F705C7CC1673920A26934F4286C48F912B049DDAA11F8E2554D38FFDFF95C00FFF8FB112CE5E3D80174A181B9F1EA68C0D479B78CCFE3F3834F0DBF08204D840E0550F6C6B172B4AD00147080290091D149C7BD6665E21443022E4001DE83C46A329264C20AE71AF4FEDD92383832851369BB33BE0824AB45224
311
C911DF7872E9D9F3ADFD87CBEBFF7F53E7FEDBC875DD71BEA498D45BD4922B892097D18B424889AA2C099668ACA045BC48D7482A3B4DEBFD214D0B244E6AB871631779AC1F1BC4300CFFD27FB99FCFF7526E46E27066381CDEF33EF7DC73CFFD9F5FFCFCDD5F00F7BBF83DEFFEFCDDF7DFFFD73FD11FFEF8CBDF7EF0CE5B6F
311
FC9960E904EE97FC46C0D5FEC02FFB3B63DDAE9F13B6D57EF67FD658C2BBB18DD9271B10EFDF1D87B7374FCF76A8A79A65C1BA9B15FA096C01F5095F0A2BC00E118500CF914A614115F1A4B07E011E50C3048AC1F7D210A90005C6C956EAADC163E76E8B01EAA891448CBB62B2F2DEEE51ADB7DC6B23C917D381136BDE7ECE
311
14D28F7F1D1C1023727BFFFD7FF913A2FFDF1FFEE693BFBEF7931FBDB1B6FCD5687A8EF173CA07CE2FFE8FE1AF433A7F8376A43F5D9FA83FB26648045AEC21FF74FB4C036018041CB076F3FDE515F58BA86166C99965320D0110C00999AF8105A8FDB0E9427A5DE48899B8C8B843F241E93C41F33943CC0562EE1A801FE5E0
311
078FC87F9B6CA10618AB3F3017911AAA108F896B8C199D3338B6DC64D639A92BC4CD41C13BEFFDEC779FFCE6D7FF497CF0F7BFFAF7DFFFD3AFFEE3BF3EFCF02F1FFDF69FFFFA9C24FEC55EA33DFA5F823F509FF949E9FDE1FC14E7B7C1445DC49F2716F6D7FD79C5184075FB06EADF252394E23DD7372E5C7C75D6D99BB03A
311
F21F9967BB486E8160C22D101D1CC0006EE0819728A134A27572B95E29E650460007EE73203A80DFFEB4EFBEE5DFB7CF8946B3929E353CD084CC25A1E5DB745A4FCD5C6375B515169819AED383275A60D6DC9BCF9E7DF0BB4F3EF9E5971F7DF4F1C77FF9F297787DFF46BF87249A5EB73A60BC44EE77F823DA2FCE3FA13FA5
311
DF9E7F943FC60FF78F76D3FFF96A04FC2444B36AB56900E683DCCFEE9F5EED6C4F8D826D7EDD5A5C03FE39BC011CCE0103A22252111494433840A0D9308E8113AD202272ECCECC55F74FCA897B3AAC28C28D3352B61F3F261A090760B477899AC3C4BB870D263AB50643661C328849EE68CB5ADF94167DCE78E907EFFDECA7
311
CF9F3D83F46B0C0A351811C38D82F9E17C57944EBA11BD6C8799F0FD29DE0436F57D02FEC2DAAB572C617FD441E06F6FAF6FAEC9096711F34C0EB8BEDA5F3F6A30D4B8D8AB5382F0514A985092594E376E80E2A42A9B1820F5CA338EA8590D7A0096EDEFF6002890BCE6DB93BC3F91F645389E600BEBD563964FA6860EF1B8
311
3EEDCEF08D6C30A4BA2C54EB355822CDE8316BA08DDB5D6C1321DA5714F5E2C71657A889D2184CECF6603E1DFD664BDFD73C4CA6E611F86F365F13F7B4E7A3FA83FA51DC8F966BC794F470360013226E59AB1B11202B96425E4BC7868117BF68F5163258C6EF29FD6CC02CEB780C0E44837F0A05A3F2109E135AC52D2202C8
311
7DE395EDE13438705704E151BD566F1C327FD1692BFDEB3EB4A7A493315CB6CEE937AF8993D627BB68339040D88414CA71755425A0D160346C32188DA7D30B1280C190C91FE9F994D0B70B91324BDFC08F850A22FC81FF91DEDFC2A7F50B17E946FE670C825F8B0504E0E6FAF20C0FA8B5B9BAF945BDFB3DD0D0DF32A8822D
311
4EA06DE4A26B00001B0149444154BB47103FB4F7102C8000B585869271EAA20F48752CD00370BA4F9E7AC84BD3C0B6F0BADBFD666831233070B08FE15682D1054BBB1D7031B6DBD26B9C931F046D4D0D411CC8E97110F588E151743ED08330145FFCBE443E511B8EFB3AE41FDB17F83F2DDCAFDD262EDBDEBEBCD5E629FC4E
311
8AB94111CC5E5E5F9D6DED8D884C925455CF4A8D02AC2624302E9B53F023F0CA0A41C2C30EEC545417FC179D198FA18279D443E00F9CCC3B544F820050002ED00AABCD6677B40B069CC3DFBFEC673A07A930050FD6554678EB93E112551E101018434BC9A89A937B64168D87290319F865BE09F93CF811117E951FBCFFC0FC
311
7F1480470BAF56376BC7FBE47F02F6DDED3D7F6C1CCFEEA8E0D42116C310D566AB9E35C22D7425FD8B1000DD2AB800FA520CD00CCC00CD051296B80DEF3A26432CF3C70657B007D83953003E5BFA173200678BDD6E77447794724654B1DF278968DD4A624BB033FA7CFDA26105C256772C6B98DBBBCDEC1578815DDC3D3D1E
311
3F11675CD5EF778459E17F18F5585E96FA8B9F491C1AB6D8AB6E9FBD08C0772FA8904179809BD92DB572F0073B14B627C90894F7286024F442B8B0BAA6E661CFF1DA2AC280CCFB5904C38B5EA858152B57BD20837011748073A8EF262AD8437991F0C0136BCBC4E727F48B908275B253CEFA80C334162BBB08D9DEB8AB06EB
311
358E76932395CBFA392248BACB2D4C7C5A6236027923C9F933EA6FD5BAA2FA58E1CAF64B7FA477B37EB2E12C08CA02647F337B3A7352C4EC8E599DFC184B3AA37718AF0750420582C93783008B1F4AF5EC7998E2E1530BBC72000196E80618E25110130CD05F006EB6E040C0BFE707C5606DB956AB0D9402F4C0B04F1D3172
311
48CCE3E8C0F6D496A19E565D35D6AB912B08A8949AF0D3D01DC0F98BCAFC5BF483418F58BE79C8DFC5A811E9CFD210A5FFABE6F11913A1980E0802620200FD864A4137575707BB63E49F3A1B356AC0C3F9D802998037FE6182C00E423615837CC0BE909A9B2AFC0E377ABB685256C44FB823E8671A42D1A4658985B043760B
311
3DD64D1E0CA9E7C2B4E1F50EF359993F683257A132EBBD90C2AB2223D9EF584BEF7551809CA018CCF784F309AAD1E7C73018F24784437DA001FAD5CF0A914CA0BBE8C0F5D8BBD40598DDBDB8C7F7F3E4F6F2F2009DCBED9FF6EAF54D185D38C831C52300199BC029B5039C600552E1022F3C9DA30AF0F3F54D4CC82690F33D
311
EE2B5F4FCDBC7C27E8289E146C004BB87BB2DA629872B0C7AA2F1DD4F93AD3D99845D87185F064B5F63BEB17DF11C760FC788555951DE9F13674407C6782491848B23D8DF8A4CF37879E8962F47A0AF36BAD1737BB27FDCB9B7BC09DDDBC80EAE801AB43582E8F7ED0C1F614F85986836409017A04124248A01252A79D0017
311
394902A73B0436D8BC4DBEAF581E303D0DB0C0CD1C830ABEEC86D4F015C44B5C793F7F454B06079FF5A05AF570470CA0D42976EDEAE8220146B0C809DD5316288837DBAB574F8E0F99E1E606E8667A992D83DA73B43B3EFF3CE255C0FFB3CA0F415D6E8D77AFEF9176890FE48AFDEC8E3241F03F1181FE29D148C8DEAA1309
311
4B438542EA4B4751202EC123474186508443BC06462A844F9C9DC78B7225C2EF4AC1F383148E2BD8E029A2240FA2598E4BB3FFAAD66CB40FFB54B66299C561E7CA699DC0EFDC2EA637210E9D5DAAAB810232E22805D3188CF50400FD68CC402F23BD8C75E2F3E8F4CCFB3CB88CD24754CBA2CBADC9EE19BC7E03ED213EBC0F
311
0266D48701FE7BB2C2E800915AEE5A4C8CCBA58128438745230A3C2B3CCFFE11FC8D2478013CB8E3255698D6B8E8F44CC69AE4558D2F2F0EF3E707CC5CE30EE5440ECA03E11CD90814B4D0DB8D6312545C6668C8A09121631070C082F1788ACCF0EAEF328F84954AF4E979E104B749EF157240C7DD57EDF556BEF882DF2B3F
311
9166A9A401EBDBC9FAFE3D1BC2EFDE1279948A0C0E5ECEC889DD386E53D18CE7BE666D589265246920C4F849313270B8223FCB17F9542A72E4B2C6626CA1A2C7A2AA026A599037C02700418B733938C9E7F2837CC20341BAC844C3B49A78B7475B18838D2572A776ACA68210F0628E6B9F622FEC97C8A2D62D888213C13D04
311
F6EB7A923C4278B16CBBD4C2364CEA13D96F5F6C31D6E1F4176741DE48FF1BF43EA880096E2E9F9E2D5D34BE0632D46CADB5F84ACEE5EB8A710497434E0A3E7832CFC6F1E15D1C8181553A4DDC0702CA46FBD2F9E8D53D571B67BF8C04CB9EB2858CB1483228ADE5372498CB7F20C1D531493A079DDD537262F719AC136EFE
311
0F881DA7D26F7FE968D0FCD6DCD015506B4DCAC261E0D5A780D6397568B34D6475AD95EE68AFA3B387B3030E6E64FA48FE4BF5DFCB17C481CE965CDB7775157FCBCA3EA1B0A45607C0F0BE3CE471451F84F2F297BC5F8481834AC06EF5C2889009E220B1BD95387222659923AE18979282051192516D011A98D504434F5404
311
D4D93F3F1F52B5C55A3716BAE01DF5803EE0D2F6497BDEC105A3A2F2F3489702E6BF2DB5A134593919EF6DD0D991F8D7AA7F459EEA80373356D0B256246180EBFDEDB1C57B1757EADD668FE256806EDAB56D8213181B93D47304785574841DBCC891BC160E68C5FA2A8AFCF3D68237A115EF6C5CE0AFD72B081009DC0400BE
311
A2394005132449DA3CEFA0081E0FCFA97541D4581D48A90B8B5D58F5284BC5B21AA735197BACC2270E9812096FC90AA8983015B54AE9CE76BF9BEEEEECEBF4F8BAA3148A320FDC54088CF29BE1FD5E5FF777295E8C065F697DFB2DC900C02C4762C356C957061B9B0B180760E5B202066A140C7C43EE15017981F24A0F6005
311
107881993FC0E70D0125FECB21A75EF134A939DCB52C93C81D4A33FB3A2B3291F3B9AE47403D83F1E13693DC815D29B0EC194241160F03D8F88C7B54E0A8519A939F2DDA67A5F579F80AD1C04C8C9864C30435A27CFCC1F8FAFC1A401070CFB231FEFD6176FBF4FA6CEB822C6978871F27F80885E11D68CF8E93B052082D66
311
31EBC25BCE4192FCCF1FF3B314984A010DB0F973036876B451E81990EAD69393D7A5A26ABD55EBAAB7EBA834DF1497600E1E40154E87509B04AD6356895DA2E6172870956039A04FD8841C06321928FEBE74CA70379E5FB3D6F0B7FC1996686A332CB2C460279C6F77179D7FFF42777F761BCD5FCAE45A2D9848D0F5CEEEB4
311
F9059A842263947512904023A051823A757312437AB536E007471C46D6E6DF585CACE0410839CDA8D7E8E316D8315065EB32284D5DED2EF554717C4182E4F33F0252304680AC8B716B33B24B89E11D42E583C6E07C28E1BFDFA8860E0F308C031AAEBCDAA100EBEEE1E9F1DE31A58B190CEE30E06C96DB35820FE54B771FA7
311
1FD71FC157F1512376F6F2E58C24A0CBAD43C98F10D19EE8BF800F68CB8A02ACAFE707CD851A5CA81FFC5335781D95CB8E230CC862456607052DC092D4BC041D706B356804F820408B0DF8E53C7B2EE7C6DC4CFCAA610270B5313905EC0ED5E59B2BE30BB8002320070030B14316084A61F82C95C490EE15E7E6361C3C4D6E
311
03E0DF31CAE16807A95E7A7ED17EF17B5F8003D95FEEBFDE5F3F617E22F0D066F2930552E5272320DD451A802F0A806B303D83A580CC05A066C75D4188DF040140E236871C50CA3F204171C98ECBE2CB3778D50BBE79CE3B1B4640CFA6C9286675304513ECF7B727A3DA62F57C9DD26F1D0BA092C202124863035E20F712D7
311
18D924B18FEC065C7A4A5313EC71BA1B51CE3B43BE187B3400BA1FCA63FDB17D68C55BA6F10F475F01022A03A250D9160D8A2C000C265AC816A42D38E14D2C49F407250B82F468C48386D86F6C56107D1840AAB7DC09596006B266B35A18400917C4067E3B2BD1060B9EB6B9B95A6579AD01B3F7CC01C7C91BE1179E1D6C9D
311
9230B450B7D4948A415D402E27C389A434C2EBDC416ACB65168D82A4AC17E01017111E227D06F9E8F7CDF0FEE07CDC00ED3E1270C7F0C7EDE5018177725319FD7A5D63293C218A030B9C9A13694A2041C8F917311A2BCEFD8E94970BBCD1AB1C6D2E57A2F5001CE0437B7774CEC00413B29892C56981591CE0C692E99FB79C
311
35AAF46588EF8EC623169A62120B318DF694CA2DFB07EBA7AC11545939A110955E01D6E08A52986C3002E3FAFB04F2950D00BFA21CAB637C6CE87EE35CE17E4D5E71FA947E7A0384C2F71FA3FC6937C6B2DBD0BD2CEEEBE6CAAA8923E04280015BA73B00870100532529D0829CF7F8B6BD8200C9AFB283A3516673EE86CE30
311
40017D0E2B6F303B511B391E74C8F7101DEA8F98BF3CB587C3380713594647DBAC8CD92750BDCC7062FDE8F10E6CA02984F145052B477342769BFF6E057CE90FF85A3D24013320E06C98BF196AE146D7B7DDED41C6E5D735DA86214EBF854A4B24CEC445B3F69CAEA68C9149299CE07278CDBFF00A37F33DCEF8C712A30334
311
6D9101740A4800EE6FE78CDE961784564400F0400E6083E5033A6774E988724F585F88798C14FE1890CDCC6A4B17DB90BDBF7E3CE9FDE0476F6E8EF6D62D008433D0017231808F840EC02E90E3757D7D80F2074434E03555E09ECE70FE5EBCA4FF771F1460121805BC25F239B1B212CD4635412B9C763980029F850FE8CEE1
311
16799C5D3E1223F137B85A7A3780CD1178CA7DBDE58ACABC8E00440F4608B8A07E93F35508C87A688EFCCBFE6ECE5773CA9EB00E46933161FEA3A373D6A3383E6412C188F04E7B704E2DCBB3FEC6DE60798D89A10BE7A7591252E147FB1761C0EE810E1091694E7038AA5F50EF5F30D6A5CE4FE75FCD777373B5B3CB7C5D7B
311
12F80E34533F0CC795AC31BD533462F800C74CDA4B5C36896E37747E9AB7005E72CDF884FF0ABA2F16504D183E50F1B3097CA3D1FEAE30439420B63EE0536A5FD8DBCEDC53FE99F2050608FB5BD98FA4DE2938E01304017EDF20756CE1CD676FBDB15A3D6529029C2337981F55E84C3786F6A1BC437CF87F09F7610522FDF8
311
C018451DC2A7675BC3295394EC48D6691A21066A4DEBBAC48B75084D6860093A3162C4DE0C3BAFE5141C7803C9AEF6C7FC908D03EE4309E203B003F80279D947090609D536739322F3C25F70A0EE1BC104EDF684C0060A704AB918129CA9704BFEE0F96460B803411832BF60BFBF753C5A6198F89D670BD573166C102D1A01
311
EDA146312A1023984D3708051047C0551BD89EEE2F1D4E6A8654805ABEC45B292C0BD7CEDD76F421D1B7F8F43AD9BC7454838CBCB518D45F71C88E1E8F807BD18E8E0800789C404540BF4743A8999703D034B17339E25C9E80F8409F0D3E77630A9FABB221034800F389A81AB18752C426F039150436A03903E88DEE0F7FFC
311
937F7CFE6396323DDF63540034600BC402B90E6E3728007D0087BEC1107E93DD01F29E768FDA35E885E8D3424860F014F70C3500FC20831DAE1C43316243279D5D7A35ECD271C16B15622E8649D2D5F5C8BB5A15C8AF0A04B73E4CCFAF60416B00E4351401A20FDE053A3B9D01A81F003501930953DFC66841162522C9D7A1
311
90ADDD21EEBE931B07E323D668305EB27E7AD27CF5F63326D23D7FE7870B355486D9B08A447CC52B7B8E075B1BDB241D0E0F970ED219BE22ED6FECDAC7B4B7DEF557992A8DBF026D945C3A13286EBB2C3D24983B384C3745548819C106212088777A7C261B81083BFBEEE5143A43D9C87A10110F8A4046900D8A1E84253405
311
EEBEA77D644139400B0CA6132A5910EE7355160A403338B0439707F1E0C3116B436C6FE11AEC53DEF0B8565B646EE1073F65CE1073A7FEE1C9EA66370F26E57CD0AD63736AA35D162BBAA24778D55FDA238800A5BEAE23F9ED06BA9519B7B826C6E1204DC8255B4034A0978BEDB2891036E85DBA39409FBE6C0F2C7100E8BD
311
AE1F154E11018900C0087803AA82B2D103E2694A035880F3830D8F828262FF10739D40E0C712E0072005644D0DD759DA05D23E661ECD648428F0E914B6B706F93E792543B2D96B6B6FBDCD14C1B79861CA3CB13729B3F6068E6C7D74CAF40F95A275CA2959D5AC492DF51198CE6C01D533ADC049AF56C542AD4AB3E15B9857
311
4478E8AEDB84A0109E1720016D0D4E902F3882153CF23A3C81151015B2BF57B8CBAF07070A83DA008C8373858086A0030A17B057C8E1812A7EE018A1870952D72B356F2CFEE9D25B0EF891E9DEE68E930B2A0998DC8E4B4C82D1F0FC747CC41A9548C9C9DE0923CBF4A3F088D08C07FDA5217390A8E3DEC5E4D7BED3E450B7
311
84843907D8A5055C0083A21179131B94FDB7AB6AAFB511CEC8299A113ACB0EBEE46FBA4FE18AE80D1409BD5A4262E10AF9401E2AF640090816843FCA00D8DDEC0D2087EC74FC4101A0610EB1856C9434C016923449B63BCBFBA0E198C3BC77CA640F50C03DAC61EA6C60CA23A314D20FA0678068EC5FED6016BDFB80F500F6
311
A84683BB49CB69053FF18D8696455E34BDBA1FEC144C94136D81482A6A7C58C9E53760015E2809FBB36E3E0758E838790684014C86C8471545022690F4252E904FE4886617F0ED71DB2712D5B001AE006F801E3650C9690ADA4CFF66930B4ECE8F98204D257CEA0D1FD0F9A1ABB3C1149EF323CB92AB10B098E313E6843A3A
311
EE5859BFC3080AE3C7E6863123394B99F06B0ABAD08E260C210C48AFF0B7AAECA4028E808DA9B29C4B9853AEB47DD106702DEDB6C56C604AC741D186848A0C60F94190E2694539005C4C4979533BB0450CA212F21C7D40E8AE029005A00464209341AEF00C1C40A509633DF4092EE65CF0780BB78F41ADDBAB2DAA8C50971B
311
4D81B4A013D4196002FFD1811250C205BD272D6C580B5C814D3EA683418E0D5E071FF2CB8376DD8648506334C0522CA2B02912D21E04483A6E100FEC3CF0A3F916E0F9484E68344180EE021CA17A40334408D404B28EB764C703EC0983702C71A84F43E91D00BA4E11C7104875D7767EF849910486CB4C29A6CAF3EC962CC6
311
6D72AAA933409F4196C674664330F82249616A53C026710A8572021EE125F2499894EC0DED919DEFB05EE897B6D9BCC2E8C23A3F04765CFB22C07C2E2AC497F7CD1184D470943BBA3542624507C800184CB5A36E953202FFAB4BF9A22FB10BA385D7E439A9658B94014E804079801368FF1430F50A287ACE9208D8347BF5F7
311
9754B925ADF6823E031527C884940D7CE1469D9FC00C019BE238CC1A35019D8C1A6CAB13D346635900A653EC2582CC6ED3A07F80534FC1052A6B1AEA0E18819A3D0D663727A36830FBF881BC8A8032A07700D4107E2E08808F92C08CA80C608DA0801FE5E1B0BD4F04F2A20D6817B828BA008B001E98DD0C2F000ED5D4A888
311
BD4E2DCC7D66B41AD6BBB922CBD812BCA484EC994777C1F0B818416AC8BA7673D87CB847BE18972F183E4EAD304751E13347131176FF699D3414C45C40130A3AD0F24ECB04BB5CF0F3C2095CF17EB1106AFA5629B02307719B7037C305EA05810737AA06050369531C78067B1F955F895A403C685D9BD06EFA895A06D84131
311
56CAAD7A8BCFA773030E58067176778D57C420BA2954264A992B46B2258B223DA66AA1796316A1B34E03A8410F30670AA58121890A94A4D83D1A519CA130668C811FF0698CA4E2AAD61641708EF8D162F82D3E0114B4037E57C391215D641821A8E04D4D806320D8021F5CE02DF08BA081BFB0130F92DD7C92A80E4BF0EB72
311
A97A4C52291068F1298C7D78BEC722418F09095C5F33BAF10736A25C74F3EE8872262C82F9C7601C1831DE310193CD52DE24CDC205888225C334A63CD72D70418820830654E3B2075239347CC2BB9F8004DFB91C8C7064B3E7686A362AFAC5013DAE32B80019452F14F2A3240B2A4404FFB11F410496C516C08CDA4A9EEBEF
311
F8787E5F443406DF4431A0C02613F5994E22734DAEAE88FA13E8F9FBCDD8CF9D810F83E63B3BE4D9984C6189AE0B0A15904531E51F55A9ACF9741F0FF00625F35F4DEC46C6CFCFF329929E5B4491240FF89E280134B50849B559A19735DFEC28C43FF64041F02F08910B801DE52843808FB09FF0F33CC077EF9FECE5EF8918
311
7F13B28413D0E05A3E2246F496600567E1B344A1394EAC0F0D37C8102FE108B2BFE91CE20F5135D2B4538B86A23149A18AC644B3205AA080120A5219F8D907071A29AFE517A1BAE1AB726EDBA4391FD9226EE73AADF40836AE94D800B1A4C407E4007A1173E8610E2D822621BA12E1C04B1001D8E0E22A00AB680025802F0A
311
408658E6380708681C87E88411D68F4449B030DC35890437818110E3FF0C77BB2408C51F1004A2C85954196D2802F62C552006C821C51AA85EB4BBE85B640D5023EC9AA48026730419B4C24BF42024463E0BAA2492F2A06D0315956543488EF1210B610521365C928081DD04ED036A01C86322C041F84059E06AD1893C14E0
311
7D72A097170A2EECB8E1B7E92B65D3031A8FF10C3102145762266AC68C40844121FA028E229278867348F7C09903AE6AA02B8914E853C779F071FAA48A1A814AD100468A6C0876813D381121D1575CE403694F2BBD81A672A9B24CE0CC88519104FAC842FC106B93F0D9E696D253420FB28058C8500276B2C0CEE355AD4136
311
F210CC88065D7554671812458E89A49A8E21344248761EFFA6474CE7897FC794373AFB1DB20885DF9452FAD7D44EA6CC203E14D813036D6D2D61591502CE21DC0FE83E1E6324A78B0983D71C165EE0588510F350C0E604DC810F94E072500016124C94091CF95533E65825294BC011984A1150C756961EB49D5012C741291E
311
89E64514C8FD0D9C55D122E4F082E8A03DFEA63A217E339454B1011BBCE08413D6B077C33466DA20359C872C9C80CEB8C01D485E115230D5932EAC04D32304181AB85C88C1009888F47B405BD41252DDABF164B9CA89B8104FC28F0E4004D8081E13341419B082A133C366C23C970B3000F045378082202223E89106A374C2
311
ABCF2DE78BE5A022B0CB1FFE1AFB7069A3011B40C6C974C04C41BD46E3A9CEC2359CC21C34669F3029139F48E9379F0CEA1FD9DBC6122A01449D7990CF0209BE427F81062CFEE40449EC2EB007FBE17D9BA1F6B33179AB91245564803D8830844C8C79AE1259DB618E05080F2A6A092500BE1C60C4C52DD2A03A403FEAA2AA
311
5BE47C7180275D7E57D3137240A7F0ACAE02C5302770757A3DF41F4E2E74FE8F481EA45A1250933BCDBC512ED16BA2628D71053A11F12EA8A4A23DE44910DE170641E86530490B12FE9FFB698978F083420AEF8048B2089D213335E481E8424658348BE2C430243B4D2239C80A0248C02628035A0251A262E43FA6010CB8F1
311
63801A048B0A24435C6B1FE4063C7939D2E6D1BB21CA21396105CCC3F484F1255CFF788F632A6BD20FB027A0FDA30F2DE51359A1EBF540739EC3D6AC0E8446A1CF93E7904B603E1574210554DEDDA57DCA2A8240B340002367217CF61EF92F2F30034C81885208E05A861631BA6808C503EADB95084EDC17370950358B20A3
311
44146A94CF0B1A34C8851EB63CA64C4E501E4006234C060CEC1102EF603C1D30CFA2A8BD874F72372AC0AF4A529F2270BC048DB74838508B13055E42E793BCC90361CFD23B52382B8CA732662616187373E38C5DC1824709A3830E83A8CA04AA307C905D81BD7005F0C3139A4605229D07879CC446610019B0D62CE36E36CE
311
0643B930333E33CA8DC26A2040A71FC6980F3AE84F1375A2DB0CD8C02EBC88B7DDC24181302A4DA728E4F673A9CEB9D0CED951FF4F754C63D20A8204A152F3FF00C79ED8398E2F0A8F0000000049454E44AE426082504B0304140006080800239DE35C28BB58AF800100009E0500003D00000041333946384535392D344444
311
442D344238322D424430462D3243354645364246413539422F536368656D61732F436F6D6D6F6E536368656D612E786D6CBD544D4FC23018BEFB2B96DE15493C78601010A34B880709DEDFB52FD0D8B54BD70DF6EFED3AC0B12E6442E2716BFB3CEFF3D18E26FB440405EA8C2B1992E1C323095052C5B8DC842437EBFB6732
311
19DF8DA659866649B798C078B48AE6410122242F2A4994AC7F93815DF85C049C8564CA0A901499DD886B2EB9B1E02448F358701A9235880C49A0119892A20C89D1B9FD768815CAD268CB5E0355B40B1E47F3E37A2020464BED06AA57CE8FCC20C3C3446D46761A2632A8C1283D07031EFF2AE7CCB1BFEEE916E406DFAC8E36
311
FFD99A9D60A6944090EEDC3B670C7DC13DE86B6B2C5C240D6E503BB85ACD579D513F1B9F9A69DC9CC22AFA80C426D40AF0B21EA168559156B6276F0F726A6BFF04DCD513A87A62CAD41FB24FCB2858B3952E3D852084DA25B9303C15687973CC8E8AAE11DF2836C38C6A9E765E8C1BA1BFB1DC29CDFE518C8B5A7655A4ED7E
311
77291ABEB80DBD82EC866ADE1B8D05AF9E35CF09D7A061F38A986D9EC412B8F0F65E5D81534D9B231D1E5A8FE577A241F3A5FD01504B0304140006080800239DE35C1004A04F380500005C1700003E00000041333946384535392D344444442D344238322D424430462D3243354645364246413539422F536368656D61732F
311
47656E65726963536368656D612E786D6CED585B6FDB36147EDFAF20F41EC7F69A2005E214768278069665709ABE0A3445D9DCA80B44CA89F7EB7B0E2FBAC4B2A32643D10E33505411A9C373BEF39D1B2F3F3D27926C79A144964E82D16018109EB22C12E97A12943A3EB9083E5DFD7239558AEB07B6E109BDBA7C5CDC902D
311
959360CE535E0866DF07A7579733AAB85D5AF234E2C51DD5B081CA7A87DEE56E47E2D6689E735AD0947194500A22A249308DB6F82682A3782C52A141BD80E4E54A0A3609622A150F48C16994A57237097451C2DF462738529D3AC5FCFFB5B401988BC78824973CE1A9A628D91CB968BDBAC335B9A4BB379C6ABF5D2474CD7B
311
9F773F7F78C349F055EF13FE2CF856F0A7379CE2BEBCCE6456F8E316A9E66B5E18E4AC77BF5812F5937FDEF0F5BFE3E3C785576D96659253EB54863A87AB5D98ADFEE24C3B8E38FE48BAE2C062631799EDC8BDDD833C6E88585B9287340B23AEA990CA49B1A473421E81F856D06D9125E45E6F001C4F7F85D6DECA8C6A8357
311
53A250DA50DF92F743409CBC3BFA4C6EFCE2618D302A0CEDDB264D93950002937BC66489A18D0A345DD650415124BE376A745EA9F0E016108E328D14C979C1302CD6BC0A4191B2C2C49112FFC0DB51401288D6A44C26C1B87A160AB6A11E5BD862514BE8B3DB750607BABFF6F781D6A74EED6EA7AC28FB3BA68C87AC94B213
311
8A99DB41AE7147A71F56659287340123812054CAEC8965690A74E111C5BCA7260158B0963EC50C07E38FEDDFC5C5C70AB6A915F446D44E46C321E46087E23E221E2BC0DA6EB440EE6F44E80CE5AE2E2D2F31AD7AB71B8B139AF730773909401FE0D8DC3FCCFCC3D438DC1176062076C3CB4A9D953ACC72CA84867CDA0361E0
311
910F4EF3B109A07D332211C72556825745A215835F47678059E337068E3ACB0E2EA2B507175B0818FD1082EB4D26186F85BAD33464988F1420E1B9E43D522F8452A450106B04F01362BFF1B2BF5059B60F687C9F663A54396722163C7231012E7480FE916910E6572B6D8F4A54CBF92C5CD324A163C8508058D3F16A399B13
311
B348C6830FB5FD47257A1B8D2CF08253EE776B3A72D782D895363D96020B6C18D3C86359B3C6D45E728B4B9D716893D091E4D533045F495D2EFEF633FF5A660A520A5790765FE52E12F0AC82685E7FFA0398D65528850A132894DDE9F837B1DE48F8A74D487795A482C7122A6DAE377BDC5DC212A465ECD8B03E7E2E208EC8
311
8DD9DA89456CFBC477FB798C74389668AB1A75C820AB7568FCBE0B5F94DC9AFF0D038D9F77E49D45B8278FC7177D0DDCE732FA0BCDDB42720FA90E87115FF76375C5696F368AF83103F6A5911FFF03561EE06AD10ABE933AA9DEC398588888137017449E09C377051FCAEED1E8BC3BFA9CB27DA2CFDBF533459F374FC0C4FD
311
ECCBF3E06CDC6874E0710421EEAA6CEDBFEE60EB913607436C3F5BBF713F6F42253B9A4A0FD64C08416FA986EB02254B1846D82E7CE2584EBE31E340E9A8247483F07D5B84AE3A5AE0D4C5B202EE585468BA84105B1F5EC00C16FADB133FB7399F390FCF245CBF9027A137FD26D1D651058D44D9B331A93985CAC2046CB4ED
311
9E0314977128A42C13DB06879A273052525D16BE833B8706BD1269FA69F2B9B109BB55D30D37679986D85848B86F026CF21E74809100180B0D280C36F6015A7DFBD06AEB6F8D503BDCD7DD6DABBBEF54E1FF5EDF0E3AD53C03509B5B816FE9F51BC8026F44DAB82BA989F200C4220B24166C3037854094FD46C5648D9C42F8
311
B07E53687D824917FED3CE56F3FBA68BE3C6853FCD64F4A00BB85831B1243346654A134805AF5CF39A9DFE22C9906A6EAFE8303A5F4AC4FBE637489CB62EA59B9D529255F326CCC28ECB77F812A7D6E63DF957504B0304140006080800239DE35C8A56E75334020000A30600004200000041333946384535392D344444442D
311
344238322D424430462D3243354645364246413539422F536368656D61732F507269736D436F6D6D6F6E536368656D612E786D6CB5555D6FDA30147DDFAFB0FC3E5A5035ED8150015D11DA8AA6F4437B8B2ECE4DB0E6D8C8765AF8F773EC7C4009AC7B184FC6F63DE7DC734F92F1EDAE10E415B5E14A467438B8A604255329
311
9779444B9B7DFE4A6F279FC65363D03EB20D1630193F2FEFC82B8888FED4DC147355144A86337A3519CFC060387E7FB2941673D484A7110DF75F023125DB722D388B6806C220251A215552EC236A75E9FE7BB62F15FA210677789A2B9D142A4551DF720D0858A353F700D53108F2B4DF62553B5742057653EA0C182620D698
311
2A4A4008F5C69494C82CA650356B226A9C0922B0C7CE1B4FB06816B36631F58B9AD35378AE8DE20C7DABC76409AB5498ADA3AF15771B895436315B643CE398B68D04DDA1C475E1915F409401FE7CB977ADF363A52CE9C02B3FCE239978314B72280A18DDD4325DFF7593269E2D883F24A3C14DD76DAF26C12582AE31462DC6
311
8FB0ED545C051993F1A3D5CEF03ECB4A2D6B80B6FE395E55C4F742813D2E91DC28ABD576FF81B146B4B367DA153AE03E31ED85E4BCA01833D4EE093A1E3D2BAD2A2D25D625D1651A77B6D46EFC7F8D5D44DB869705E43EC53DCA02FC0555C1E2239F649A25959CDAD826A4D5769EEF5ADAD5DD3D3D4DCAE1ED35B2DF05C866
311
429DA1B36FF3EF0FD3959FD3FBA81D02783A9FD52E628BC5AF6ABC6D36FA6D954A17E01EFCFF646B80BF60EB69FAB4B260DDABF443B3EDAC8A9BB2FEE435A8FF28A5CC37128DF99896C1E8FAF8371C76E3885583754E607D7E41E1616EDFC0B2CDC95BDF67C08FFDF073F307504B0304140006080800239DE35C705234CAB1
311
010000180400004100000041333946384535392D344444442D344238322D424430462D3243354645364246413539422F536368656D61732F507269736D4D6574616C536368656D612E786D6C9D534D6BE33010BDEFAF10BA6FBC1B0ADD839D92642104B6657149AF662A8F53813E8C24B7DB7FBF23C98E9B423FE84DD6F8BD
311
7933EFA9BCFAA7157B44E7A53515FFB9F8C1191A615B698E151F42F7FD17BF5A7D2BD7DE63B8150FA861551EF6BFD923A88AFF75D2EB6B0CA0728917AB72031E5F54B7566B6BE67278EEC7B286804E8282BE4770600446B8D4BD428D264020454CB615DF9F5DEDD0104C70D60FF74A8A8A77A03C72E6105A6BD473C5831BE8
311
3B09BC86E08B596531821734746CB637018FE852972CF12E6FE273EC97916390094E3BC14E1A19557F0EFD5ADB2CF3B09F04DE064746A406CA0A5006348DF6C1E4E9CFF335448BA2D8D77CD18D2FF0ADCF2CDB5A65F30E75ECD374942150CA3E096B0C8A802DC4F4F88A7B1A46656F6A0A5B3269371D36D3619D0E0AEE9122
311
5663A788638AC7F6C14A81692153B346C4FEBE070A50767DBE688C0D8DEF51C84E62CBD9489A1567C8AACC9C77A0864CFC363C658AA61B696E6C603339ADF71D265FEF36CD11B486E5C52893E61F897CBDD9B15464CBC54534EA1D26250DBD97916379E2F893AF095B64F099DBA7650D8EE299E638210FF54D6C59BC7CE3FF
311
01504B0304140006080800239DE35CF702076DC3010000E60400004500000041333946384535392D344444442D344238322D424430462D3243354645364246413539422F536368656D61732F52656E6465724D6174657269616C536368656D612E786D6CA554CB4EC33010BCF31596EFF405481C9AA2A64851255E4A816BB4
311
38DBD4926347B15BE0EFF1236982021512B925E39D9D9D59677EF3510A72C05A7325233A1D4D2841C954CE6511D1BDD99E5FD39BC5D97CA9359A0DDB61098BF9CBFA961C4044344599637D0F066B0E22C074BC98C7A0319C58A9B254B2435ED23BC2F388AECB4A6089D280B18D139496815152EDDF046711DD82D048498D90
311
2B293E236AEABD7DF74D5D839F69EE1D9F48E1F3BF448FC9E6BF144F351E38BEFF9D662D0D16587B77825FAF2195BF515C395B563BC5197A0AE68DCF363BA831CF7C7C8D7F0DA23D42898037B451BA833673DA92BC82D87F636ACFFB0CEC96F4EA30EF9A0FEAB85D91CAED89348D80E9B178DDC3ACFC71D06F2528A182138D
311
D8672E4DC6DC57CF91467432BA985E4DBE3DB399079353607C0A5CDA0B70D4E65A122FA41BAEEF6C272908D315B076451BD55EB0FF9E092E11ACF8C6B5306028F9D5F15EB95426D31532BEE5D6EC700FBA0C1E94211D7ADC8341143D429D2671564059C2EC72108B4EE3847890CC4697DDF8A708DB01FD7AD8209A41EFC2DC
311
FD7063A504821C7869545188D6C16DF801342CCE6B276363DC8EFA4AFD0E86ED0677C3B77747C7FD3FD617504B0304140006080800239DE35CC2ADC69F76000000BA0000004700000041333946384535392D344444442D344238322D424430462D3243354645364246413539422F4173736574446174612F41737365745461
311
626C654F66436F6E74656E74732E62696E536160603033307573763137D235743172D335717432D2B530B330D4B534767532B73475347132701302AACB4D2C492DCA4CCC492C28484D2C4ACC4B4E050A82012F90744FCD03CA26072767A4E626EA02058831363E20BFB8C4C8C0D014BBF94C40635880580088038A328B737D
311
534B127320560000504B0304140006080800239DE35CC55C663656000000680000004100000041333946384535392D344444442D344238322D424430462D3243354645364246413539422F4173736574446174612F53747265616D56657273696F6E5461626C655D8CBD0A80300C06F73E4B29FE6CDD8A2E82A083B8B7F209
311
014925C9FBA3AEAEC7DD2555D896CB85E51C2A1BD834F6A1F56EC4494C4695278364ABB24ABD2146F88CCEBB89D5321FF8F3F43D672A3B44DF3CB6A1710F504B0304140006080800239DE35C75B5E9F1350100009E0400003600000041333946384535392D344444442D344238322D424430462D3243354645364246413539
311
422F4173736574446174612F636E782E786D6CCD94314FC3301085FF4A648931B1535081CA718560E904121503DBD5B9B4561D3BB22F08FE3D769B0154C4D4A1EBE9BBBBE727BF93CBCFDE161F18A2F1AE61752558814EFBD6B86DC346EACA3B562C950CDED30F8C150E7A6C582E3325B7C18FC3546AB183D1E6AA356E3F15
311
1F62445AC3C6E273F7E81DA1A3C80A6D21C68645BDC31E2A18C9B718F7550B04555D058C7E0C1AD324323D4E937440206C999A89D9BC14B7A5B85ED7F78B9B7A21E6EF926752C98DF776E24D5A16FC703513FAB89729217906941C8399A8FC1AA6FE52596D8C933C914A460AC995A983BE86D401C3608D064AE671AF09A94C
311
10422FF911569267177E79F1849D7126B7AC9234201F5E92400C64F0023DF94FEDF9BD59B948E0345EB223A71ACFEFC3EBE117BD1D6379C8CDE5A5E554E31972C20FA724C5265F16F50D504B0304140006080800239DE35C65135985E8000000600100006700000041333946384535392D344444442D344238322D42443046
311
2D3243354645364246413539422F5265736F75726365732F36303546434437322D314432462D344142322D383638312D3933454237393541344230462F7468756D626E61696C2F302F636E782E786D6C4D90C16EC4200C447F25B2D46302D956DB7645D89FE8A9978A126F8A96600466D5FE7DA1E5B0A7B1C64F9667D4F97B
311
F7C30D5376141698270903064BAB0BDB02852FE30B0C67AD1211DF613004B3E302CD06ADB64425766BC58B29BEB9DE856B37370C989CFD886183C17A93F302D97EE16E26539856CCD769356CA6794A98A9248BF500BB1DFB019BD030AEA00FF2701CE5F3281FDFE6D7D3D37C92C777251AA9D52791EFBC0B8C89E2C3415AAA
311
63A8FF48251AA05549AE532D04E8BBE794A84BAD32A79ABF43FC132B6462F4CE1AAE3509B28C3C5608CDAEC43FAC956879ABFC9551B575A37F01504B0304140006080800239DE35CA233C2345D000000800000006500000041333946384535392D344444442D344238322D424430462D3243354645364246413539422F5265
311
736F75726365732F36303546434437322D314432462D344142322D383638312D3933454237393541344230462F7468756D626E61696C2F636E782E786D6C4D8B490E80201004BF42E6EE76F3C0F216234B883063108CCF170C074F95AE5473F5C4C06E932E4F28601967600677D21E9D8092EDB002539227A2FCCB80E1168D
311
80A6417297A89C5D6963B7129A0D1E8F2EE73AA7B62BBEB8B27DE50B504B0304140006080800239DE35CBE89762363000000880000005B00000041333946384535392D344444442D344238322D424430462D3243354645364246413539422F5265736F75726365732F36303546434437322D314432462D344142322D383638
311
312D3933454237393541344230462F636E782E786D6C4DCC3B0E80201004D0AB90EDFD75167CCE820A4A845D83603CBE602CAC26799919AEEEE0D965E2E908050C6D0FCCE04C8BC355404EB6198129C92351FAD580A10E464065907C8D948F8F166375F655BDC3FDC3B4E530A176BE7057BDC43B2A593FE403504B03041400
311
06080800239DE35C99719A1FEC000000680100007000000041333946384535392D344444442D344238322D424430462D3243354645364246413539422F5265736F75726365732F36303546434437322D314432462D344142322D383638312D3933454237393541344230465F506F7374323031352F7468756D626E61696C2F
311
302F636E782E786D6C5DD0C14EC4201006E05769483CB6D0AAAB6E28FB0A1E3C79D9209DAD64812130187D7B4139184F43FE7C990CBF3C7D7A377C40CA16C3CAE649B00182C1CD867D65852EE3231B4E4A2644FAC3D810B48795B59829B9272CB1471B5C74712D75365C7B48E7E764B31F97FBC339869D0DC6E99C5796CD3B
311
783DE942B841BE4E9B263DCD53828C2519A84BC87AE84B4C024DB031B588E5308A8751DCBECC4FC7BBF9280EAF9237A9E41BA2EBDE068284F1661106EB33D49B84E40D285992EDAA7D84A97F074A5E81929952EDA143FA8A15EA189D359A6A5D1C0D018D1581F692FF622579FB771D3FA5D4D93A52DF504B03041400060808
311
00239DE35CA233C2345D000000800000006E00000041333946384535392D344444442D344238322D424430462D3243354645364246413539422F5265736F75726365732F36303546434437322D314432462D344142322D383638312D3933454237393541344230465F506F7374323031352F7468756D626E61696C2F636E78
311
2E786D6C4D8B490E80201004BF42E6EE76F3C0F216234B883063108CCF170C074F95AE5473F5C4C06E932E4F28601967600677D21E9D8092EDB002539227A2FCCB80E1168D80A6417297A89C5D6963B7129A0D1E8F2EE73AA7B62BBEB8B27DE50B504B0304140006080800239DE35CBE897623630000008800000064000000
311
41333946384535392D344444442D344238322D424430462D3243354645364246413539422F5265736F75726365732F36303546434437322D314432462D344142322D383638312D3933454237393541344230465F506F7374323031352F636E782E786D6C4DCC3B0E80201004D0AB90EDFD75167CCE820A4A845D83603CBE60
311
2CAC26799919AEEEE0D965E2E908050C6D0FCCE04C8BC355404EB6198129C92351FAD580A10E464065907C8D948F8F166375F655BDC3FDC3B4E530A176BE7057BDC43B2A593FE403504B0304140006080800239DE35CE975E5CD8D000000E50000003600000041333946384535392D344444442D344238322D424430462D32
311
43354645364246413539422F5265736F75726365732F636E782E786D6C958EDF0A82301C465F65FCEE97DBF22FCC8966BBEE0D4272CA48B798337AFC5C0875DBEDE13B878F57AF79424FE5166D4D09F440002973B3BD366309AB1F700EA812DC59EB7F66804C37AB120206C14767D7C78E7A3574EB14E8A4CD7D872949E4A9
311
CD18A62D9338AE1B86F334A7B8389E9BAC48EAB8217233A2A0FC2D5E2F76F18CD0E45B883E8FB6603828DE504B0304140006080800239DE35C5CFB04DC260100004D0500003400000041333946384535392D344444442D344238322D424430462D3243354645364246413539422F536368656D61732F636E782E786D6CCD94
311
B14EC33014457F25B2C4D8C409A840E5B803035325044C6CC6796DADDA7ED1B383E0EFB1438654B0D1219BFD7464DD732D5B6C3F9D2D3E808241DFB2BAE4AC00AFB133FED0B221EE5777ACD84A41887186B1C22B072DCB6326C58170E8A751077B35D83CB5C69FA6E1033A87FE451FC1295668AB42685918B7A51A2276104E
311
65A7A22AEB9220E0401AD209D138984ED0042A42C764C39BF58ADFAEF8F56B7DBFB9A9377CFD26AA4C4AF18E6827DEF80884FD55C335A6A54F81B8A83220C54066A2B20593F37465EA4354899022444A2D4C64FCEA13A9FADE1AAD622AAB1AC11F468A2ACB9E293F8207327AA9CE67F12E26FD4426B8799DCBBBEC5F112F2B
311
BF83A8EC522F7D749F25BC98FA33F80E68975E2899E5EAFF95F27F1554E3CF979E7FFE08E537504B0304140006080800239DE35CE3603EBE7A000000C20000002C00000041333946384535392D344444442D344238322D424430462D3243354645364246413539422F636E782E786D6C6DCD410EC2201085E1AB90D9DBEACE
311
05D09878023D01A1D34A8419C380F1F82DA68B9AB8FDFEC93C3D7C52546FCC12980C9CBA232824CF63A0D9402DD3E10C6AB03A3397DD192872090D3406ABE7CCF5B5D18893ABB1690CF4DCF02282E5EA8A5BB96FFE536F285CB347F95BEFFE81C9ED5AFF9D5B1FB575BB00504B0304140006080800239DE35C4C6437D47F00
311
0000A300000007000000636E782E786D6C4D8CD10E822018465F85FDF7949934D8102721EFE1121D13A191B41E3F685E74F56D67DF39BCFB6C0EBD4D7CD9E05BB89C2A40C63FC264FDD242DA674C017582C710F6BF1B203F6EA6858241F02586F43CD064E631B9429DF5EB01FB2BD374200C374A29DC485A63A92A8DEB3BD1
311
C34DEA9E30998D7351F2FC7A794B5E7C01504B0304140006080800239DE35C1E7A0675A400000032010000130000005B436F6E74656E745F54797065735D2E786D6C95904B0EC2300C44AF1279DFBAB0400835ED02B8011708C16D239A8F121795DB93D22D20B1B467DE8CE5BA9DED281E1493F14EC2A6AC4090D3FE665C2F
311
61E2AED883689BFAF20C9444F6BA2461600E07C4A407B22A953E90CB4AE7A3559CC7D86350FAAE7AC26D55ED507BC7E4B8E025039AFA449D9A4616E739AFD7DE8C8338AEBEA54A820A61345A713E0B17153F7257E37E705E3371913892B25F02FEA0F1FD83E605504B0304140006080800239DE35C3DEE336E640000007900
311
00001B0000006175746F6465736B2D64657369676E2D7061636B6167652E786D6C35CBC10E83200C00D05F21DCA56CA76D41FC96062B120735B69A7DBE268BB7777961F8D5AF396893C2ADB70FE7ADA196782C2DF776D7A97B5933C430F15651E5469C55D70F80A4992A3ADC954792C525AE70A1E4D6AD9816CC044FEFDF01
311
FE3FDE907802504B0304140006080800239DE35C7077FFF3FA000000960100003700000041333946384535392D344444442D344238322D424430462D3243354645364246413539422F4173736574446174612F636F72652E786D6C8550CB6EC32010FC156BEFD898388E1D61A2348F2FE8A93704C44189C1E251F5F30BB12B
311
B5A79E76353B33BB3BF4F0353D8B4FE5BCB66680BAC4502823ACD4661C20861BEAA03830EAAC0DBF6850183EA901320C8C8ECEC67985843541998C1A2BD50A72EF5580423C533380177735F192C79018FE51CE5C3CF8A8CABA5C788CC6A8E52AD532B9E99B560E587F7DEB7AD26C514F7627D474A716F5DB4B87CEE4726CDB
311
06F757B2A35516331AF4F4B35D38C58392C008262DC23B8437EF75BF6FEA3D6E3F6895998CFAE0D2CFEBD2FC1DB063BEFACC03A7D532FDE31A67F9BF6BD4266CC8EABA283CB03A1DF91A305AE594527945986A4E947D03504B0304140006080800239DE35CF7A11616F50000008E0100006800000041333946384535392D34
311
4444442D344238322D424430462D3243354645364246413539422F5265736F75726365732F36303546434437322D314432462D344142322D383638312D3933454237393541344230462F7468756D626E61696C2F302F636F72652E786D6C8550CB6EC32010FC156BEFD898387E4498A84D932FE8A93704C44189C1E251F5F3
311
0BB12BB5A79E76353B33BB3BF4F8353F8A4FE5BCB66684BAC4502823ACD4661A21862BEAA13832EAAC0DBF6850183EAB11320C8C4ECEC66583843541998C1A2BD50672EF5580423C523382173735F392C79018FE5E2E5CDCF9A4CABA5C798CC6A8E526D532B9E9AB560ED87079ED07D2ECD140BA136AFA538B86FDB9476FE4
311
FCD2B60D1E2EA4A35516331AF4FCB35D38C58392C008262DC21DC2BBF77A3834F501B71FB4CA4C467D70E9E76D69FE0E18A6D58AFE718B8BFCDF2D6A137664735B151E589D8E7B0E18AD723AA93CA34B3527C9BE01504B0304140006080800239DE35C10B9CEF1FB000000960100006600000041333946384535392D344444
311
442D344238322D424430462D3243354645364246413539422F5265736F75726365732F36303546434437322D314432462D344142322D383638312D3933454237393541344230462F7468756D626E61696C2F636F72652E786D6C8550CB6EC32010FC156BEFF8411CDB4498284D932FE8A9370AC441B1C13250F5F30BB12BB5
311
A79E76353B33BB3BF4F8358DD9A75A9CB6A6872A2F21534658A9CDD043F037D441766474B1D6FFA24166F8A47A4830303A2C36CC1B24ACF1CA24D458A936903BA73C64628C4D0F4EDCD5C4731E7C64B8473E73F1E083CAAB7CE5311A82969B54CBE8A66F5A2DC0C8F5A523B8DE2382DB33AABB7383C8FED2A1577C39354D5D
311
922B6E6991C48C7A3DFD6C178BE25E4960B8C40D2A5B54EEDE2A72A8AB43D9BCD3223119757E893F6F4BD377C0FC3D4C1F86EB9116EBF48F6B98E5FFAE411BBFC39BEBAA70C0AA78E473C06891528AE51961AC2951F60D504B0304140006080800239DE35C9052412A0E010000B10100005C00000041333946384535392D34
311
4444442D344238322D424430462D3243354645364246413539422F5265736F75726365732F36303546434437322D314432462D344142322D383638312D3933454237393541344230462F636F72652E786D6C8590D16E832018855FC5708F0255940669D4D627D8D5EE8852475AA11158F6F883D625DBD5AE7E7238878FFFF0
311
D3D77ACF3ED5E6B4352DC039029932939DB5595A10FC1536203B09BE59EB7FD94066E4AA5A906420F8B2D9F0D8A5C91AAF4C528D9DD52E4AE79407D9748F8716B8E943AD3297C14787BBE50F39DDE4A2729CBF7C8287A0E73DAAE7F89ABE6AB501C1C6BE61A4AC2023F500CB66A0905597069EC9A5A3B4446C24352F525870
311
AFD71FFAB429E9D50C0441844254437478C3EC58E223A2EFBC484EC19DDFE2CE3B346D070445D5389C6B02F1998CB0EC7A021BDA60C80E97BE665557F668E4C52BF807181EF3FFC0A08D3F901DF84A382070FCFFF342F0221518C7B3DD3853D9E21B504B0304140006080800239DE35CF7A11616F50000008E010000710000
311
0041333946384535392D344444442D344238322D424430462D3243354645364246413539422F5265736F75726365732F36303546434437322D314432462D344142322D383638312D3933454237393541344230465F506F7374323031352F7468756D626E61696C2F302F636F72652E786D6C8550CB6EC32010FC156BEFD898
311
387E4498A84D932FE8A93704C44189C1E251F5F30BB12BB5A79E76353B33BB3BF4F8353F8A4FE5BCB66684BAC4502823ACD4661A21862BEAA13832EAAC0DBF6850183EAB11320C8C4ECEC66583843541998C1A2BD50672EF5580423C523382173735F392C79018FE5E2E5CDCF9A4CABA5C798CC6A8E526D532B9E9AB560ED8
311
7079ED07D2ECD140BA136AFA538B86FDB9476FE4FCD2B60D1E2EA4A35516331AF4FCB35D38C58392C008262DC21DC2BBF77A3834F501B71FB4CA4C467D70E9E76D69FE0E18A6D58AFE718B8BFCDF2D6A137664735B151E589D8E7B0E18AD723AA93CA34B3527C9BE01504B0304140006080800239DE35C10B9CEF1FB000000
311
960100006F00000041333946384535392D344444442D344238322D424430462D3243354645364246413539422F5265736F75726365732F36303546434437322D314432462D344142322D383638312D3933454237393541344230465F506F7374323031352F7468756D626E61696C2F636F72652E786D6C8550CB6EC32010FC
311
156BEFF8411CDB4498284D932FE8A9370AC441B1C13250F5F30BB12BB5A79E76353B33BB3BF4F8358DD9A75A9CB6A6872A2F21534658A9CDD043F037D441766474B1D6FFA24166F8A47A4830303A2C36CC1B24ACF1CA24D458A936903BA73C64628C4D0F4EDCD5C4731E7C64B8473E73F1E083CAAB7CE5311A82969B54CBE8
311
A66F5A2DC0C8F5A523B8DE2382DB33AABB7383C8FED2A1577C39354D5D922B6E6991C48C7A3DFD6C178BE25E4960B8C40D2A5B54EEDE2A72A8AB43D9BCD3223119757E893F6F4BD377C0FC3D4C1F86EB9116EBF48F6B98E5FFAE411BBFC39BEBAA70C0AA78E473C06891528AE51961AC2951F60D504B030414000608080023
311
9DE35C1D5AF9AE16010000BA0100006500000041333946384535392D344444442D344238322D424430462D3243354645364246413539422F5265736F75726365732F36303546434437322D314432462D344142322D383638312D3933454237393541344230465F506F7374323031352F636F72652E786D6C8550B16EC32014
311
FC158B1D1B888D4D8489EC249E3B74EA52219BA428315806AA7E7E2171A576EAF49EEEDDBDD31D3F7CCDF7EC53AD4E5BD3029C23902933DA499B6B0B82BFC0066407C1576BFD2F1AC88C9C550B120C04BFAE362C1B345AE39549A8B193DA40E99CF2201BEF7169811B3FD42C73197C64B85BBEC8F126AF2AC7F9932778087A
311
DAA47A8ADFF445AB150836F40D23650519A98FB06C8E14B2EADCC01339779496880DA4E645120BEEF5FCE33EAE4A7A35014110A110D510ED5E31DB97788FE81B2F125370E7D79879334DE980A0A81A8EA79A407C22032CBB9EC0863618B2DDB9AF59D5953D1ADE5FACF304E18A17CF0F7F9CC332FDEF1CB4F13BB2393F150E
311
081C833C0E8217A9C9381E35C7995A17DF504B0304140006080800239DE35CE42B98AEFB000000960100003700000041333946384535392D344444442D344238322D424430462D3243354645364246413539422F5265736F75726365732F636F72652E786D6C8550496EC3300CFC8AC1BBBC288E974056D0A6C9038A9E7A13
311
64C615124B8696A2CFAF14BB407BEA89C47066480E3B7ECDF7EC13AD53460F50E52564A8A519959E0608FE4A3AC88E9C5963FC2F1A645ACC38408281B3C99AB06C9034DAA34EA836236EA0700E3D64F21E9B019CFCC059E422F8C870B77C11F22626CCAB7CE57116821A37A91AA39BBA2AB4C0FBCB73D7D37A4F7ADA9E48DD
311
9D1AD2EFCF1D79A1E7A7A6A9CBFE425B562431675ECD3FDBA545E171044E4BDA90B225E5EEADEA0F7575289B7756242667CEDBF8F3B6347D07FC159D0956A263C53AFDE31A96F17FD7A0B4DFD1CD755538E0553CF231E0AC4829C5F28830D69428FF06504B0304140006080800239DE35C38D1E880F9000000940100003500
311
000041333946384535392D344444442D344238322D424430462D3243354645364246413539422F536368656D61732F636F72652E786D6C8550CB6E833010FC15B47783710881C8386AD3E407DA536F96ED502BC1467E54FDFCDA40A5F6D4D3AE66676677879EBEA647F1A99CD7D60C5097180A658495DA8C03C470431D1427
311
469DB5E1170D0AC32735408681D1D1D9386F90B02628935163A5DA40EEBD0A5088476A06F0E2434DBCE4312486BF973317773EAAB22E571EA3316AB949B54C6EFAA69503D65F9FBB9E347BD493C31935DDB945FDFED2A11772796ADB06F75772A05516331AF4F4B35D38C58392C008262DC20784776F757F6CEA236EDF6995
311
998CFAE0D2CFDBD2FC1DB0D7E54E4FAB75F6C733CEF27FCFA84DD891CD73557860753A7119305AE58C5259024C35E7C9BE01504B0304140006080800239DE35C44EAE72603010000D80100002D00000041333946384535392D344444442D344238322D424430462D3243354645364246413539422F636F72652E786D6C9591
311
4D6EC3201085AF62CD1EFFDB8D234C14D7F109BAEA8EC2C44589C13250F5F8C5B5ABB6BB76057A7C6F8637434FEFD33D7AC3C52AA35BC8E21422D4C248A5C716BCBB92034427461763DC0F0C22CD276C619581D171317EDE2561B443BDAADA48DC456E2D3A88C43D5C5AB0E215271E73EF02616FF1CCC58D8F1867F1C631EA
311
D4F465150B728712589EE635491F485A3C65CDB1CC8E69FD4C939564D42BED8A7C6F86D30BCAC8CC2E4402561534D99E03E695DC2125C327D555E102EC5C34C3E15235A4ECFB9E94DD21275D9F0E247FAC864BDD0DE7AAE942916066D4BA258C662FB20EE1AFF6CDF82B9A9FE53FA36D0E0B2CFB0E95AC736634F95C4238D7
311
9DB00F504B0304140006080800239DE35C698B5C2A08010000B201000008000000636F72652E786D6C8D50CB6EC32010FC15B4776C4C1C3F224CD4A6C917F4D41B35C445B1C1021CB57F5F885DA9BDF5B4686676671876FC9C467457CE6B6B3A2832024899DE4A6D860E9670C50DA02367CEDAF04B06C88849759060E06C70
311
769937A8B72628935063A5DA40E1BD0A80FA313E3AF0FD879A4426961015FE96CDA2BF89416545B6EA380B7AFA59ED9D124149E094D00A931A93DD6BD11ECAE240AA3796272567CBA2E566A56574D757AD1CF0F6F2DCB4B4DCE396D6275C36A70AB7FB73835FE8F9A9AA4AD25E68CDF2B4CC990F2EFE793B127306E4C53DF9
311
B27CA5387BB776DC04319444D68C5FC009CB13F127F432CB7F84D626ECE87670DDF0C08B18E84144E3D4601C8F7AE34C6DF36F504B01021400140006080800239DE35C30968B7D39010000B80200004F000000000000000000000000000000000041333946384535392D344444442D344238322D424430462D324335464536
311
4246413539422F4173736574446174612F446566696E6974696F6E4974657261746F7250726F706572746965732E62696E504B01021400140006080800239DE35CF6F0B3F093010000C80300004500000000000000000000000000A601000041333946384535392D344444442D344238322D424430462D3243354645364246
311
413539422F4173736574446174612F496E7374616E636550726F706572746965732E62696E504B01021400140006080800239DE35CB5A795FFE3790000DE7900006B000000000000000000000000009C03000041333946384535392D344444442D344238322D424430462D3243354645364246413539422F5265736F757263
311
65732F36303546434437322D314432462D344142322D383638312D3933454237393541344230462F7468756D626E61696C2F302F67656E657269635F706E67504B01021400140006080800239DE35CF3CB91853C7D0000377D00007800000000000000000000000000087E000041333946384535392D344444442D34423832
311
2D424430462D3243354645364246413539422F5265736F75726365732F36303546434437322D314432462D344142322D383638312D3933454237393541344230465F506F7374323031352F7468756D626E61696C2F302F745F507269736D2D3235365F706E67504B01021400140006080800239DE35C28BB58AF800100009E
311
0500003D00000000000000000000000000DAFB000041333946384535392D344444442D344238322D424430462D3243354645364246413539422F536368656D61732F436F6D6D6F6E536368656D612E786D6C504B01021400140006080800239DE35C1004A04F380500005C1700003E00000000000000000000000000B5FD00
311
0041333946384535392D344444442D344238322D424430462D3243354645364246413539422F536368656D61732F47656E65726963536368656D612E786D6C504B01021400140006080800239DE35C8A56E75334020000A306000042000000000000000000000000004903010041333946384535392D344444442D34423832
311
2D424430462D3243354645364246413539422F536368656D61732F507269736D436F6D6D6F6E536368656D612E786D6C504B01021400140006080800239DE35C705234CAB1010000180400004100000000000000000000000000DD05010041333946384535392D344444442D344238322D424430462D324335464536424641
311
3539422F536368656D61732F507269736D4D6574616C536368656D612E786D6C504B01021400140006080800239DE35CF702076DC3010000E60400004500000000000000000000000000ED07010041333946384535392D344444442D344238322D424430462D3243354645364246413539422F536368656D61732F52656E64
311
65724D6174657269616C536368656D612E786D6C504B01021400140006080800239DE35CC2ADC69F76000000BA0000004700000000000000000000000000130A010041333946384535392D344444442D344238322D424430462D3243354645364246413539422F4173736574446174612F41737365745461626C654F66436F
311
6E74656E74732E62696E504B01021400140006080800239DE35CC55C663656000000680000004100000000000000000000000000EE0A010041333946384535392D344444442D344238322D424430462D3243354645364246413539422F4173736574446174612F53747265616D56657273696F6E5461626C65504B01021400
311
140006080800239DE35C75B5E9F1350100009E0400003600000000000000000000000000A30B010041333946384535392D344444442D344238322D424430462D3243354645364246413539422F4173736574446174612F636E782E786D6C504B01021400140006080800239DE35C65135985E8000000600100006700000000
311
0000000000000000002C0D010041333946384535392D344444442D344238322D424430462D3243354645364246413539422F5265736F75726365732F36303546434437322D314432462D344142322D383638312D3933454237393541344230462F7468756D626E61696C2F302F636E782E786D6C504B010214001400060808
311
00239DE35CA233C2345D000000800000006500000000000000000000000000990E010041333946384535392D344444442D344238322D424430462D3243354645364246413539422F5265736F75726365732F36303546434437322D314432462D344142322D383638312D3933454237393541344230462F7468756D626E6169
311
6C2F636E782E786D6C504B01021400140006080800239DE35CBE89762363000000880000005B00000000000000000000000000790F010041333946384535392D344444442D344238322D424430462D3243354645364246413539422F5265736F75726365732F36303546434437322D314432462D344142322D383638312D39
311
33454237393541344230462F636E782E786D6C504B01021400140006080800239DE35C99719A1FEC0000006801000070000000000000000000000000005510010041333946384535392D344444442D344238322D424430462D3243354645364246413539422F5265736F75726365732F36303546434437322D314432462D34
311
4142322D383638312D3933454237393541344230465F506F7374323031352F7468756D626E61696C2F302F636E782E786D6C504B01021400140006080800239DE35CA233C2345D000000800000006E00000000000000000000000000CF11010041333946384535392D344444442D344238322D424430462D32433546453642
311
46413539422F5265736F75726365732F36303546434437322D314432462D344142322D383638312D3933454237393541344230465F506F7374323031352F7468756D626E61696C2F636E782E786D6C504B01021400140006080800239DE35CBE89762363000000880000006400000000000000000000000000B81201004133
311
3946384535392D344444442D344238322D424430462D3243354645364246413539422F5265736F75726365732F36303546434437322D314432462D344142322D383638312D3933454237393541344230465F506F7374323031352F636E782E786D6C504B01021400140006080800239DE35CE975E5CD8D000000E500000036
311
000000000000000000000000009D13010041333946384535392D344444442D344238322D424430462D3243354645364246413539422F5265736F75726365732F636E782E786D6C504B01021400140006080800239DE35C5CFB04DC260100004D05000034000000000000000000000000007E14010041333946384535392D34
311
4444442D344238322D424430462D3243354645364246413539422F536368656D61732F636E782E786D6C504B01021400140006080800239DE35CE3603EBE7A000000C20000002C00000000000000000000000000F615010041333946384535392D344444442D344238322D424430462D3243354645364246413539422F636E
311
782E786D6C504B01021400140006080800239DE35C4C6437D47F000000A30000000700000000000000000000000000BA160100636E782E786D6C504B01021400140006080800239DE35C1E7A0675A40000003201000013000000000000000000000000005E1701005B436F6E74656E745F54797065735D2E786D6C504B0102
311
1400140006080800239DE35C3DEE336E64000000790000001B00000000000000000000000000331801006175746F6465736B2D64657369676E2D7061636B6167652E786D6C504B01021400140006080800239DE35C7077FFF3FA000000960100003700000000000000000000000000D018010041333946384535392D344444
311
442D344238322D424430462D3243354645364246413539422F4173736574446174612F636F72652E786D6C504B01021400140006080800239DE35CF7A11616F50000008E01000068000000000000000000000000001F1A010041333946384535392D344444442D344238322D424430462D3243354645364246413539422F52
311
65736F75726365732F36303546434437322D314432462D344142322D383638312D3933454237393541344230462F7468756D626E61696C2F302F636F72652E786D6C504B01021400140006080800239DE35C10B9CEF1FB0000009601000066000000000000000000000000009A1B010041333946384535392D344444442D34
311
4238322D424430462D3243354645364246413539422F5265736F75726365732F36303546434437322D314432462D344142322D383638312D3933454237393541344230462F7468756D626E61696C2F636F72652E786D6C504B01021400140006080800239DE35C9052412A0E010000B10100005C0000000000000000000000
311
0000191D010041333946384535392D344444442D344238322D424430462D3243354645364246413539422F5265736F75726365732F36303546434437322D314432462D344142322D383638312D3933454237393541344230462F636F72652E786D6C504B01021400140006080800239DE35CF7A11616F50000008E01000071
311
00000000000000000000000000A11E010041333946384535392D344444442D344238322D424430462D3243354645364246413539422F5265736F75726365732F36303546434437322D314432462D344142322D383638312D3933454237393541344230465F506F7374323031352F7468756D626E61696C2F302F636F72652E
311
786D6C504B01021400140006080800239DE35C10B9CEF1FB000000960100006F000000000000000000000000002520010041333946384535392D344444442D344238322D424430462D3243354645364246413539422F5265736F75726365732F36303546434437322D314432462D344142322D383638312D39334542373935
311
41344230465F506F7374323031352F7468756D626E61696C2F636F72652E786D6C504B01021400140006080800239DE35C1D5AF9AE16010000BA0100006500000000000000000000000000AD21010041333946384535392D344444442D344238322D424430462D3243354645364246413539422F5265736F75726365732F36
311
303546434437322D314432462D344142322D383638312D3933454237393541344230465F506F7374323031352F636F72652E786D6C504B01021400140006080800239DE35CE42B98AEFB0000009601000037000000000000000000000000004623010041333946384535392D344444442D344238322D424430462D32433546
311
45364246413539422F5265736F75726365732F636F72652E786D6C504B01021400140006080800239DE35C38D1E880F90000009401000035000000000000000000000000009624010041333946384535392D344444442D344238322D424430462D3243354645364246413539422F536368656D61732F636F72652E786D6C50
311
4B01021400140006080800239DE35C44EAE72603010000D80100002D00000000000000000000000000E225010041333946384535392D344444442D344238322D424430462D3243354645364246413539422F636F72652E786D6C504B01021400140006080800239DE35C698B5C2A08010000B2010000080000000000000000
311
000000000030270100636F72652E786D6C504B050600000000230023003D1000005E2801000000
310
504B0304140006080800239DE35C000000000000000000000000370000006662782F34303244444139352D413243432D344134322D414231392D3231423539353933414637342F617474726962757465732E62696E504B0304140006080800239DE35C000000000000000000000000350000006662782F3430324444413935
310
2D413243432D344134322D414231392D3231423539353933414637342F76657274696365732E62696E504B0304140006080800239DE35CF270F1330600000004000000360000006662782F34303244444139352D413243432D344134322D414231392D3231423539353933414637342F747269616E676C65732E62696E6366
310
60600000504B0304140006080800239DE35CB5A795FFE3790000DE790000420000006662782F34303244444139352D413243432D344134322D414231392D3231423539353933414637342F7265736F75726365732F322F305F67656E657269632E706E6701DE79218689504E470D0A1A0A0000000D49484452000001000000
310
010008030000006BAC58540000000467414D410000B18F0BFC6105000000017352474200AECE1CE900000192504C5445818181B3B3B35A5A5A4848486060605C5C5C6464648383835E5E5E6262624E4E4EAFAFAF4A4A4AB5B5B54C4C4CB1B1B1858585B7B7B7585858ADADAD7C7C7C464646787878ABABAB747474A7A7A768
310
6868707070B9B9B96E6E6E6A6A6A8B8B8B666666545454565656A5A5A5505050A1A1A1BBBBBB8F8F8F9F9F9F4242425252527676764040403E3E3E9B9B9B7A7A7A8989897E7E7E9393939797974444448787873C3C3C727272BDBDBD3A3A3A6C6C6CA9A9A9A3A3A32020209D9D9DBFBFBF8D8D8D9595959191912626269999
310
992222222424241E1E1EC1C1C1282828C3C3C32C2C2C2A2A2A2E2E2E303030C5C5C53232321C1C1C363636383838343434C7C7C71A1A1A0E0E0E121212484A484C4E4C1616160A0A0A4A4C4A787A781414147C7E7C9193915E605E464846838583878987B1B3B18587856668665A5C5A626462818381A7A7A5A3A3A1B1B1AF
310
ADAFAD7072705C5E5C9D9D9BABADAB7E817EB7B9B7585A58BBBDBB4C4C4A8D8F8D747674B5B5B3B7B7B59FA19F606260ABABA9A5A5A39B9B99A9A9A78F8F8D6C6C6AC7C7C5451AD12700002000494441547801DCBD89771BD7B5A70B8EE04C702641712605CE034890E220088028C93245451215B713AF388E7DFD9EEDB8DD
310
CE6ABFF4B57D97137BE50FEFEFDBA74049B6AEED74869B7E87404D2814EBB7F76F0F67A8835CEEBFA0E42B854AA5B2BB5B6BCC951A8D52A93657A914FE0BEEE39FFE2FF395B9B9C6CAD2D4C4606F4B7FFF8D1B37EEDCB97587F7CD9B4343BD134BABE7DB48E3FFA7A228ECD6F6574E4786C0FC8B5FFCE2CD5FFCE297BF7CF3
310
CD5FFC92B52FFE58BFF9E69B776E0EF5F79E55CBBBF9FC3F5D3DFFB07F5898ABAF7CDA3B74E74EC0CE20230561BF096E97E05712BFFCC59BC80539DCE83DDD6E54FE61B7747DE17FB8980BBBFB2BBD4337DF487881AAE6C5ACC6AF25207877B2B527BFF1CB3B77FA47561ABBD7F7FA7FE146A5B6BD74E3164C7F51449AE95D
310
B412200EC539418717E7F2F11B376FF62E95FEAF1442BED0581DBCA1BD2780D23F506AFA16E1A7AD974EF17876F00DD7BCB187A1A97AE51FCED5BF2BC1F2BBE5B3C19BE27B43CF26DE00933658FE129B109C2FFF922CC22C4260FA01BEFB462A77DEBC35F42F600C3F5B0795D2E9E02DAD5E650B4438A92801B65C35CBAB7B
310
1EE5041CE69D3B6F1822DFB873EBD6AD3B6FBC71EBC6C86AE967DFC2DFA4CEBFF1BF54F6276EBC114E2F43FEC60B01A0D440A868B2920E5C4BC10D60931ADCB871F3268B21D3851B08E1D6AD9BFD4BF57F7577909FAB86F29B982571136AF01DF5FE32AC3BD9406CAAF2440A54CF176EDD01FBADA1FEFEFE21FE4C9858DFF4
310
183458A9FD2B6708A5A5A137E0EE1D11A9EC0C7C58B2C73C0AD6B479BD76B7790CF899E287FA5B06FB7B07C9195B7851FA8794031EF1FC5F9406BBFB23375420286399B631E93B08022A785C4DBF9996EC3551874094D71B6F487E80F6837E50F483BDBDBD83232323AC420A18C68DA196EDDADF68A77F938F78FD972BABBD
310
B7B87FB164AC6FC2CB760365821ACB74AED44FFAD7E7431ECD7E08AC421F391D199998989A383D9D98E8E56F84A318C58D9BFD2DAB73FF5222C8EFAEF4DE7AF30D756E5108683DA471E70D0502099A7240F19E4089D3FD203E620F1B47BF43501E85031AE44B4B9F2E4D2D9D4D51D8970983FA861B3706FF950CA170DE82F6
310
B312CC4F42C8966295F7D725ED29882415DC055F36DEA1FE96FEC141493F05FAA9A9A5A595B333DED5B3D5A533F62183323032F46EFF13EA0AAFA5FBF7C8976F8C10F7280A014832593B90004D52341980D907EAEB73411EB2F1EBC9F507F92746C40E7AE0AFAE54292BAB2BAB67CAE0746264A277B06508168C94BF772BE9
310
765F7BF0B548FE1E07F3B5A521340A5CB5297C4B12811B89E82191ECF3E41B3259C529F135E23CF4C7F961FB13537F5A02ECCAEA76B5BA5D3D3FDF3F2FEFEFB3AA22053E5008833428DC6C59FA2F770595F311F235D427F379BB8A121BD901B96076A388DC4C3C61C7933CCCD770FF375A6E0CE9F535FE2534BF5ADD3E3FAF
310
D71BF57AA951B6D4CFEBFB8864758A26154430080B06ABFF557610ECC93726224F155D1471041E0D42F82F4891C926C1355B0831649FF365F46FF05300A7A790BD8ADEEB0D4AA9569A9BDBADCCD56AA55AE377F5F3F3EA2A34983A1DE91D810543138D7F28E57FF4E2B5335A3928B76EA1CB9B00BF158C8F63A2E788826896
310
D0B5E7C461949ECE089144F8EBEFC7FB4D8C9C4E9DAD60F7FBE572B416C2F2423ECF8B86C439E450DA970634ACFDA977629098D0B2FAF313A36B3869E37AF7853378CDA1171FBEBA95DF1E44FD5144A420588641B0055A79ED91CC0DC41E27064512FB33F1F04D09D0D2DF0203A646A6CECE80DF28356A348CED8C4F1EF137
310
B9319E1BCD29867CA556AA97F7B757567006A447FD375A26CAAFDED9CFDCFB2BB0BEEE8AA5911BC2C7F85DF88A3775389990AA72219D582409210F85A4E66F2987D875C30848023088FDF77E87F96FD7CBA5B9DCCEF4F4C9FC7C676777577B7B7B67E7ECCCE4E8DEE85E81A6D55AA3BC7FBEB242589CE8ED4770E785D7DDE2
310
3FF2587EBF57F50B9E820527316488E5C32D50F979BCA58207297E2B6D658702FFCD211840FE43FC9F3A5BAD9E97E6F21B9FCF16BBBB3A3A5A175B5B1787875B5B3B86DFEFFC687A72674F19D46A8DFDF3EACA59E405375ACE76FFA922C817CE86A89BDD92F400F2C55B7462F610459837D3A61ACF50C7471C8F2F2A9D38C3
310
DA2F068007F80EFCDBFBE5DCC674B1D83EBCBEB8BCBCBC3ED0D3D333D0B3DE33BCBEB0D8DA35FBF9F8CECE68AE020BCE61C112A4C1138CD47F9AD13F7DC6AB9CF9CFCFAF9D0E01FFE6CD503F5B91C5218E2899CA15098714848B04FCE5654884ABF0E554F11F6C21D73D5D5AADD64B7B9327DDAD8B0B7D7D6D6D07070763BC
310
0F3E38E8EB4310EBEB8BC3DDB347E3E37B5842B97C4E44A0C630427E5CFDFB71E03F471E12CA9FF70E055AE141042DD81234B879EB4606361D9328149037D7D76A571A7E974FA20AD0323832713AB5BA7ABE3B3E3D3FBC30307070B0B9B645D93C3CDC3CDCA41CFC6AAC2D64D0D579B4B1B397A7C1BDBEBD7D36657A3CD4B2
310
F44F4909F2B9CA597F4245C59DEC354316F0587020D0C661742BC02869435FD12CF195C422DB3C5A3E2305C000CE6B7B27ED8B7D63079B5B5B878787C787C7C7C757C76C51B60ED60EDAFA06D67B965B3B672677080BB5329E60E9B477847AE2E9EB53E35779FD37EFCD2D0DDD68AA355B6B0D81860502B8B68C801F5C697E
310
9AD62F4B406244CB975560BAC756AAA577675B07C6D03778C17E7C95CAF1B3ABABE3E3ADADE3CDB1B1B6B681014470343EBA979F8B90383545727C63E43549D14FD0F927E5F1FDEFD7263058FE02EBCD1BDCBCA053496BD58E69BC44F9F854D4D979AE9ADB908824382AC1D4014E9756EAF9CE85B6B54DB01F02F8EA5908E0
310
D9D5F1B3E72188C3C3AB67879B07C8A0A767B8B831FE5E7EB754DEAE5261460243FFF07858D8EF0D658BDC563A2C5EF5833C13C90B69248C4DD97842B61DFA7F210A2F6108A0F96B62E2D3B3F3DD939EA47E30ABF5AB2B903F4BE5F9B36757CF65021E616DAC6F60A1FB647274B4B05B2E5341B082D43278F67D8DFDA48AFF
310
9A13F22B34C7586C9992BA6E66CABC190E313E7C811AA57304B421A75B289B9D174CC868C24548823E230B9A5A2DCD2CAFE1F98E61C015CA7E96B083FC59F3ED06EE60F360B3AD6F79787ED278D0A86FAFE00BA9220EAEFE1D5DE1F7855939C3FCC1332426B377F692406E022C010DB437EF009803F0DCFD3B7C94440571D8
310
F2C328F115F47FD324802070BAB43FBA80EFDB92FCA1F7E7CF9FA875CBB327CF9EB08C4DE4815BC4210E2CB7CF1CEDECEDCED5B757490968286899FAF95583BF46F9393CEE6A86D6F618CAAD9BFF0BE22B042412C5CFB50556815CC5BBE33E9F61ECEC26A9BCB8145FD10590078F9C9E953B513FAE1FE387FAC246E14F9E3C
310
E7F5F8194BD6594140876B6B84C5D6799C61A16434201E5237582AFD75C07EEED9863F463284E2E13425A036BD41061259289B6BDC1ED656FC8B8592C9D00701E27CEA749F0D8EF44EAD8C1F80FFF8F8F9D513191F6803384C800097F24069C407CFAE88136B7DCB3D5D4A60B711F19070D83235F77331FD35E71596688903
310
8E2E0B346EAB7936C4162043E1A1F144093695443A570144898BC4079CEF1912809A3035A1D3F361235F90FFF1E3E0FB93C7E2750719F88E7D8E68123883ADB5B18185AE99F1D11C1238A792DC4BEDE8EC6FF503DF377E0445F68FAF4E08D43082D02170F30131A154206CC559A8D9CFDD762B31273E4947A581E0D9BB71E3
310
3FFA07CD02CE2A6BE1EC80167497F2A81CFA3F7EFE58D0CF5D5D170DE4F89070B0BC4040CC17BEAC6B0586C3D3FF0309BC06F44B04A1E13729929B4DF73C44070692C810B08AC3012E8EE9EAE22067796288C193B2139B970B86F47FAD0F98382B1E035D9C32FD318A4FAFCB274F2E1FA772F94411B0CD42493C23393A685B
310
5FEF3E1ACF554AF5F3552A478383374E6B2FDDFC4F6DFE38F4F4ED7A7FE838F488EA852482F412D3CB07E293D02C9F074F12E84C5AAC423271450572A385449844706475FD38DC3C22486A0639E5F1E38B0CFE93CB4B25910EF309A2224BD8DAD40C682C28341AD69047E8539A6AFC14EC573F7FAD10AE0FE6EB13E87B28E0
310
93B513B5803514DE408809BC12A14876DE0A25F643009E9176D9F0C330164285A7444DC8CAF0E9FE41429EE0A2F6A6DE91C0856C501272404A8468822E24C807030B1D33D40D4AFBDBABB411D093D88C86D7205E05FC57EDD1F805FA4CED5920F0CED39157E007CE21757C5DE440ECBCB46CD283E378029B43FB077B4F47E6
310
0E9F61E8D01BE017D7E843EB49F50A2028F1E442FCC90C9EE308E4C0C2C94EAE30B75FAD3A0EAFA57FE9EF960F14BE15638840EAF3BA490BB6850EDB38EECAFD21A0C746D0C4234DBD035EFC7EDD121FA585FAB73DB89FE6A03CF833AB0730E5E2F1A36CE3F202A128934B44E396961121E1F2C9F32BFCC0C140CFE22C1CA8
310
E109B182919696BFB98120234F61B59F7BF46EC30CF067B21A33B0FB3E402448EE266CCD93135A8E823DB31F85E677434E608F53F8100BC0098EA2FD6BC01770E0F2F2D1E5452A711C4BB8486248FAD756D852026B6DC90A2AA5C6B69E9068B8F27AFABFFEE8AB36F1D23985D5960014FD711940800B560250D2272CC54FF1
310
D3A660B275AC3881E349689C1616E1E9044129D032313509DE4700BC867C71F128C400159407C761022BA8A040F40A244788808C60B3AD67A17576279F6F946923191921B0545FC2F12AC0EFEFBD7262B6935679FC7F80629160ABFAEC88E8430E76D82A8DE62ACE50BD4A42FBF03B387B37FD321B37E31C3F063D99703F51
310
60E6C9E5A300CF32A91E0A085A29C0FC507F6C21012303C6104B82C1F1E156DB3229D1A855A32A8352C9077AF733A0AFE0FB3EF81FDF2F0F82C21B0EB06998866878B103305E31EC17F4FD43831E570A2118D1667632D4FFFFB125782F96168A833DBE78C3F11F8383A79D49F58F1E3DBC780417AE6581381E8610604888E2
310
913E12492881274822C221AD04CB0B1D273B8542837460898C686864FF6F801E8269F40AD0481DFAF5E6E9C1F3BE391C325004DF0746A4E4448F7B52C0D5EAD39EC46896B888C4210D68E99DFA2820DF7FF850EC407EB55C3EBC5028611409BFCB8889C90F1C52355AEF98B18100094C9D0EF6F64FD47E5CBF3FF5293DDFB4
310
B50DDD54F351446FA1F14580DC3902C085F593CB24ACC917B213BBC11B3F0A61042FD8B24F4FB9C4556D0CB9E1A880DE89934CE9607F18F81FDD950DD0E1D143F41D56110E227C250621FF098838042BC85B5B6BCBCBC31DD37B34966E9FFD9936A2FEFEA9EBA4182E5CD3E17AE35501FCE0707E5525A7DBC64DFD077825BE
310
37CE0BBE1BBEC061410C660B6E49912665E2B3749C7C9F93834022F74CDE6CA5EB501D9CBC04B768292C5CCB84478F3CA83074092C6082169015E5800D5839DC6C1B58EFE83ECA513BDE3EFB8EF1242D2D4B3FD55AFE03D42F8492AF8A3F21444FA2FA9ABBF525EAF84C09F0168527B0138A85D1EC0443C467B28BF844EAF7
310
6323BE13D7C11F72FED783837B970FEFDE7D7817E077C17EF7E2A1C2C0FE851FE4C008388C15E818958746129E1009D054B67530D6B3D8DA3D59D82D9D57CF70039FF50FFE0DE94089DB269C3655A4F25B38C49D0BD48E59F1526887C18FC5272197F85CA72862A593A4843CD25F920487DDF7AA0441A2C0600D062001F103
310
FCEEA3D8560CEC3EBACB01CAE5A51E420349F602191E5F901893142381351CE17047E764BE50DEAF9E4D8C38B6ECFFACEB141E54A6865A88A60133EE9CBB4C256930B0B168C1C3AB59FE1743FB422C7166082E934AFA5EFA3E4BCE0B69362FA7041818B7FDECE1DDFB4D022007CA23E521F0700AAEB5888BBBF08023E128B4
310
045381542FA256B0D04E28A0C3804E233A1BFB476A2F48FD135BAF9843BEDA3264EB42BA499601F16B566E72C7EA35908ABCB9176BBED43204C696AFD3D7B24B08D3AFA44BE243D88A6D9D0B6562B52F741E1610C0EFBBAF2B0829289A640EC4C8A4FF66A24430786CEBE1E1E61AF9507BFB496EAEB64F8F49B4129EBDEC06
310
5EC1F8A3F228A3CD0950883B41BEC6D1944AE06147289600A7726313AC69A3F91197F1438BCB743E76F01F6EF1D1C854071670FFFE43FF1EDED702EE5A14C85D0C42DF90B86068800659AC88981855E3E774A71C0CAC2F76754EE7CC87C808D1E1E0F6CF47FD4224731337BE1E39C5010823EE997B1491BBD99FC8D8EF7748
310
2BEB5EB2CF66499A8E0F7511B19B3EFBDACB6507BC78731B1B383D02FFDD7BE8DD9256F7D0BA7B46015941097B80018F700FFA024CC08078F51806100ADBFA163ABA8A3B95B9D2F92AC30BC908ED31FABE0CBEBFFF0279B675868F9AA24E9530B08C174055B7F48E4F58002F3E82F0BDFA003E8B431EB6C4A91E4D9B5FFB79
310
1265BA8827BBE5F1BCFA7F789F72F75EC800F8AE43FFAEC42F13009FB905A9A0132015D0068ED7682AC608BA6771038DEDB3B33082891FAB1ABF5614F93238079726B833958796B845B731FCB86316713C1DC581B1E19B424EE32674093F80776F7E27C6FBFAC85C536CD955B96EDA2A3FBF770FF4BE11845470EB3E42D022
310
000E0FE07D161811020742162444668308801E133A4C163BE68F6826A5523071CA78B2FED51F28F8C70FE4190073A3E5D3259D7A288CD19BDE623F10021BAB0C6E327FD507B2741627727EA00D31856492F9F009D7F152D930704E642795C1C1B336E0DEBB7F0FDCB79318543B25341F36802D64A981A690B94259607DE0B1
310
9D466BF8C1C5E1CEF9A3FC5C639FD6117B4BAEAB453F8EFBDA500A67E8BAF76C8A06566E36EE1184E8329419161F83D843D5DE7D8221163E145F56921C3EE383978072129E290A9B7166E63D26BAB1FCDBF710009E4051842390031845F20077CD079407C575F20364C4910ED2A574BC357630B0BCD8DE39335EB175646A69
310
8458F6A346F003A93002E846FFE0C459B8006E506D79BF902908A0AA05CB5E73530E33BA1D3C2EF99C712B7C8B41DF4D2A7830BE8707485FCFAEEB85A09AB6D39BBF7B4F23E00509C20DB04E240822A4B810E04D8D53D10D504C059ED86BB8697F514777717A8F8144D48A4C89077F7EDB00E2D89DC02A7B975640A282C49A
310
4AA84B70B12BFED8EA6584860DFB7EE23FCB00C6BAF7332FF259FA3C9346508813E372F1DDE425065BB61FDF8300F7EEDDBE8D0C6EDF46F7D8823478590AE23759D60DA6B7A9F125EDE8F4A5D2B37470D0B63C30DCDE3D3D59A8D1501EB1B0A5377517BDD6E301F995E3F955F0F58FAC2E81CE172A8344AC03DC6781939D24
310
84B8FFC15E8F3ACCD3954CE19576B942D0A029188EC7013FE59AE90B71292DE774F1F63D60230180B30A2EDC65291B6211B4081128856001A680015CE000708254891851D4B3BED0FA4D7166B466BFF1D2A924885AD12B387FC0FCE6819AC3AE06A7AA4B715F0927B74D119D4A668FB54B8A8C268D8B038A207D10A7B1E95E
310
42195B695BE0240F7408B311257C23F581E987C180140C584A02B1670CB817CEC0A080F259F1360E58452013200E3EC107AC1DF4FD7B0F6D23F33347F9527D9F51E6138E31AF35F1BDAAEEEBA3D71BB402E2FB47CECEE96B4DB85536772B07C82A34F3E66D0BCEC207FEB9E70643761276F7B50D5EE963CFF80C7AF4A2130F
310
5BF8C4EBFB5F07B709840480DBD8007FB7EF3F90104908BA457D43AA2A6A02C91422285E5AAC143F3313A0CB74D9D164933B86C25587134E8D342B453FC982860D09FD13ABE72055ED020E85D3E312F74C25CB0293D978A1C4001927C80B86FD06349126EC219F0C735C8053D8F5F310817EA01F1B7851F406144C211C6362
310
C27DD51F1E310C0102280ADB891E9B085CC528A2B1369A46BA195B9A2B351862CE43174BA73FB7CBB430A5798F4C54B7333B96C3224A9863AD02B9FBD8E63092191924E77C199D92887DA594B6DCF0112857162FD0949FE6A441F5E62E42FB2105BC405A2301A3424601DC807912CB2C39C604A27908021CDA30C4C8C2019A
310
883B3A8BD393BB3546136EAF561980FB63E9E035FF73B96D09A905ACB2C11D79571C5159026227DDBDB81396EB03F14100BEB66DE1FA9EF82C3ECCBE318119C4269FD014E66361FC8BB0B4EA9A98EF3D8848A01360430284335004C183CC25BCA82D2302EB03B8419241C64DF4F5ADAF77B533BE786334BFCBB8DA72BDBEFF
310
C36103AFB30608A0B39B58D93F0BF42180841DD26BDC22CF0A770E90240006BAC65197D90920131C7B2EB3CFD3C71C6378A305EE8488FC1FF8D391E2BDDB0F6E3F45E7C8207C419800DB410073A3173942CA8D5242642A74496FF115832A6314D9FA4257577BF7FCF8F8E8CEE8DEDE5EBE76DD3CF892BA7FB8B90F629431B5
310
525E92A15A3A4A6FEA3FDD73136172060959206591F4C927196CF645AA285CF3014630121754261C0D31E1A7E3DA2DBDB54B04703BDE3A4209F02045C4BB0F529A14BED07098A2A1CD47513DA64B512F409BC01663090796D787173B5AA141B1B39BB470EEBCF1E30F9D263ACC4D05110797CEF7B923B027F089F74D1D06F0
310
A4D8C0CDA6604023FCA45B76C5CDE0BF3845ECBE13E0C0ED73700A8A753C1AC8AEFFF1B407FC8A20F42F0D94019121DE304077A027D4112283BB8FF0072444D68AAD111D6F591BC0061854BBC048EBBE9E81F6A33A95C21BFD13AF3C7E7DCDFFEB0DE8903F77B41DF178E99C289895B0EA8CD640549D68935BA7C5294E0A1D
310
66DA0CC419BD398E6265789CA1241441AC94532A3C19C95340BEFC68703077EFC1D307B71F3C500859C11494838E902203A2BE90EACC5135B80B078804340C920C2300BCC06F7A1C71B875DC572C9BD1D84BD5FB9363CA6BA7D03E5C40FDFC54FC23C9B4B9DDD028787D89219038523BF64E638BB37CC25335937A00DFD328
310
69C5B390C8C32FF25C8C47A7181B4A599A224A9DADB0E0406FEFF9F183B7448F081E3C55024FB33828784AB61704482CD0160C04174F9E33BA9291D58C2F1F1B1B3B5863B0D9F3E51C35C253D54A23E560E2C0CB3A6F7A81382601C2079CAE96B7B1560D20A341E85A928A4E01083256420576C2ED477E2E565FD9223BCC69
310
1CF394D3D8E281501E0EE5C1C8159E92585D255CF30CC854C75318006EA4A01028EC853F9407C6053910BE105348324002260254886C156260F9189EE0F8C9A3CBAE9D5A992184568A69D5183A7DB97DB089FDC57AEE54F858FE54F577DBA85309640290F2D220952620750C5811FB772A7876D1E4040FBFC6474D51246D8B
310
3FB378283FB514F8AB3C20B8BF7DBE5DE541C9A5D3D38DDB30E00151E02523081BC89C2214103E0BC1B3D0199A08E002681A2613A2616CEDF0F0F9C5DDC75DA395C25C0309C03DEC8091A4AFD3FEB504AAC6633930556DAC86EE3561941E862C4A75DD6B6BB3A0C59BE153DFA73EDFCBC3CE2188D3D378FC976D0EF9A95B7C
310
8532F527CE3CF539581E0FE501291E9139FFB65EFF5DBD8E0C18DE3077170A64E033FD278F18068028802F156C3809FDEB11B1019C208D020C9BA2870457F0F8E1FDC7EDD393E3B9FC9C4308E9315704233F960E554802C14716B0B45DAB5EAB5E25AB7830EBB8D25E6CA94E4AA01794FB1EE164FE9F040FE82C940A4BCEF9
310
13075D087E85A7237D3CF29C47E4E676777779528C4781761F0BFBC1D3A77880E40C9A2E5109180D5255317890394229F0F082010354082D574F1E3FBAB7D6553C2113DACB97BEB5526C7C6F69F9310A94C46CD89FF8F379AD1AA035FD00FF3F320180F01417A6F255A3A8D86319FE0C0B0E06A0DCD33F79841339C01E5BBE
310
1911AFCFF7C1E0A540BFBDBFCF2372352686D863F83F59CB6865F43104007EE06F52406F680341102048A01BB048823082CBCB0B6AC48C313F3E7CFEF8F2D1FDC3D6F6F9F9D9E98D9D7CAE5EADE2A6512FAD7AB526E17F600C85550DDE9ACFE9D97E694513103BC69F8A2813176032C890C1E9C49FC09C61670FF8705B1D73
310
86260E7C8E7122C7F8208A55139E8C8D4763F7EBF5728DF9C34677364E3A3F9AEFDEC9CD95470788834F9FBEC512379890B38C94205B2557987C4186DF5C0837608DF0F9F3CB87B7EF6E920475752A01460E556919B2B64296FB9FB70DD5F47232A0F77465BF140CD001F00ADCA175090E2665A14E6329B62660E02A1CB50C
310
6025E3DA252A670B3F0FFAA5EAD94A509FE7036B159E0D1D9F2E76B7AE1FD5A606198D3A747AF450023CBDFD162278B9446688111009B4029B0F2180AE20A542D40610C073B47FEFE1416B2B12200F3C991C2F54EC2491027A816B0A34A9D05C6F437AC23462385DADD75642EDDA738AF1600DBE07EE8437804D2D011A94DF
310
71C2085EDD40266A407FFA1D1C00B0C03927E60338E3B9D8C47D1F8CAED578E06F7CFAA4BB63B175FA7C301B747CB377F45192003CB8FD34B12009224543D8604494011A80C1903CE0518C986208E1C5FDDB8FDA161686873BBABABAE74FA637BEA894A44078C19696F326E057D7F95D061A6B0394A9D5F2DCAAFE4C2388D8
310
A6E9AB7695CB0BDD0A332430F1A9333DA41D1FFB97FA09AE84E738C75C407C260408F8DBD5EDED7DE1570A7BE333C54F16963B46AB0C2B71208EA3D16EF4EEDCD7005241166C005A73C03164792151205C007288AE337B4D7103741BDE7B7AC913350B348B2D767515674EC6F72A0402BBCB41C81305AFCF05F2758D3ECAC8
310
D26AB97606DB9581A4B7A8FFB068CD5C0604E6849046B70C2B60FF0CDDF93C13822B4E82FA0479A68220E66D9FD775FB3C1A9CDBDB9829B6AF2F77EC9E0678FB20ED8D1B1A1A39D10F9812E20D6281F5673121AACAA9C53424000DAC173F7E18C3052EEE3E78E7F1160F5AAEAFB70E0F7775CFCE4EF384DDEEBEB9C0889D52
310
43BDF557559FEDE5F17AB21E118C4C31A3DF6A96B56AC62180293910ECD6B721047664BCFCC6B2DD3C65CA0F0C823DFEF84083C7ECCDF05898EEF158F4FEF97EB9C123F1B9D1D1A3D9F9AEC5F5CEDA84A3C96C14A55584D62893D6A54D8D2028D05C8B1F124884543F3223B29D208B04910D3FC43F5C52196AEB5B5F5E58E8
310
E82610F08C21BD443801233C0CE8BD1E40F84A1CA86001990048031ABBAB11EF83F9283EA89F181F2A0D9A9F62D94B7F625FD727E6A93F63F200F614F7CF100D4511C07DB45FC5F0CB4CA359ABE4774631FDAE85E599EA0878A3C33D5AD6430CF4C055EE5FDB80629000D7855DED3F436F3B61B3DC7FFACEFD2B1BC6FB0696
310
312CFA477CE87A87070C7998E04FBA78AE3F915A065E819FCF35B410321D9ABB308146A11AD5196CDDD7C477A171C8AFC74B45CBC6F641AB53C8D4ADA5870C02379BC0470CF83DB55F073E29CF5CE5F7A3F8FD62EB7AEB1774C2C6780B9523F9287193FD23DDB79FBEA513B45200E2E0C1B51350163AC19043C600F2C1DBF7
310
DEBA7BB9B5457BC0D840CF325EB0BBABBB786D301437000020004944415472B491ABCCEDAFC0591201CAC8EBFACBF367FE7B6E40E69F551BBBE7123E3C00AC560CE20C62436E8C3C54CC225EE08C0D74CE26148877689EDD004FB2BFBFFFBB984035373A7954EC5EE8591FE531348654514DB1D1C56411DFA2A7C212BE5ED9
310
1278F2851A432244C6822C29C85A8B320ADCBDFDD63BF71FD32648E7D098CD018BC35D7FE89E250EF2AC75F96C15271602687965C844B8807C6E7729D93F22E81D39ABD62A0820C1FE9F11CFA7208125D33E96FD69E83AF6052DD32D49FF0802CD9F9DFD39260389A950887A647CCC99BAB17132DFB5DED35138FB3A060F62
310
95AA5E195BF0BB56495A5A4A8FA440026E46A047D40ED2520A441C302D240F201FB8F7E0EDDB0E12A04D8816215A0579E8FE1B1281E9F19C9900DE79842E2A7CCD48E9876EB01C75DBA0E0C8D44AB5512947A00BE7CF5DE9E1A6A6BE43CF1A78783DFD5A404E4477336C1ED8B18908B2A847B2AFE9839E891137A6673BBB96
310
FBBA2A4B8E9373B001F08369BA11BE8ABC4302FD2345FD6014A127068427D007BE28B41D9B0D40FFB7EE531FA673C8870A69135B1CEEE8D009C08042A5B4EDA314920B635BF941E7487E45256439DFE9D276295F87E698389CD49FB394FE19720412DEDDC40E9CE9C6DD605E0B719FADC416CB15AB3A61F9B5B9B9426E54F8
310
1D8B03DD950946D432B40CEDAB7BB5AF11213CBA73C9BCCCDAFBCF06127C7980FE6D1DC9B4DF14832D6568FEAEEBA76FBF438300B541064ED33F3AC0B0D10505306FD370AED02859234402F6C3FED006766DDED2034D90D119057225EEE3DAF787EBF30EC51ACB4F551678BD6728E1944730C095F13E4D81A4DFFBF67C5BEE
310
37E62A85FCCEC6CC6C7BC77A5B477E22223ECA4FCC0F87E2A5E3EB782BDB25B8CFC6736A044DE5A7CDA604526361D650484FE283B77EFBD65D52C1C73C4F48E7D0D81ACF572F2E2280F98FB230508FA906B42DE240ED651B301CEC83DE1790C9FD96B6CBF986BECF3BD332C18EF627A0B6EECD5B152E02088D03D828AFFAD2
310
6B05BF671B4F9A09A8CE0CD2707F67F2A4B3BB75B9ADA331C1305BBAC182FB4A79820B7EEAF73199B8404C0B81231CDCBB871B80FC41FF5860E8E108222A1A076C29E6E03B6F3FBD4F1F295DC457573C7ADED636D6B7B8C88413DDF3B327E1046AA51040B40CB50C7E3F1D2E44DAD34CFA604029BFFBE714DF0C069908027E
310
B275F1F366C132E1A7450B04011CF82B2B647CE754F650FF6E25BF37AAF65B7BDA16CAA791F1D09F6CAB989EC5AB7809BE145FA459E8D3E4B0FB47DAEF093B946FED585B80FE1A0305FD5330FEDB4FDF79FBF6BDE81D8300CF6815E5F9896552412A03F31FCDCC7CB5E32365550CD9365FDCCEC8752E943161D78047336F8A
310
F6539840A1F2E764FDA2970999F205CD2BD1F5CF496571F76EAEFA0E1CF8FD2A55FD06391F9EEF8B9DC9994E72BEBEE1FC928E2F223EBA0FBFBFB4F2DF137BC894B8087643D64ADE6EDED67F7680FAC9060239E845FC94AE93D880F994FBF71FBCF5F66F9F32C292EA900F9C1E6F1105E81C5B5F58A067A448143842008D72
310
75EA3BBA3D2516FDF02FF79260020D6B3C714711F3CFB61BFF56A826E627E82256F7400FB387FEF23C1C1E77FD6A21EBB1B2B35F2F95E7760BE1FA3ABB3A981423477517EEE36FF96F122B942F6FB64D9502BD1B9089162532A2FEFED255028FE653C9F46FA321E0B588B7DE79FBED07C44106CC85133CA65190543004D01D
310
02D8181DDDA5A9C91A7110805B7875B689FC3902200FB192E7DFD936B37B57D9C338BD49E99E181F4E5FCAB2ABC1CA7AAB382CBC7D515457CFABE6FBC63D525E5CDF74B16378B9AD6774A58531912D232DF01BAA913DFB7D3AAFF912984302B84D0500077800D26C60A4742101DE420C610C2E92FA93056022EFBCFD5BB6B3
310
8651470CD33BD87630C05831BA864C85997B8754B05167F0706499DC442FCD22592AEC2ABF3FF13F950039BF159FA9B36ABDB2778EFF83F70972B83BFD3F4899E64DD8346AA495CB155A7499F2CE39B0AAE755125EB84FD8CF8D8E4F4E9FB4B72E8F1DBCCB98B31BC4607C2CFF21C8145FB48EA0F2159F86A3098415609554
310
DEFA7B27EF1301033DD06D274BAF6821D220DEF96FA4CBB60B3CA241C021D38E1AA76B4406B4767576166766A6C7F77273F5F395291BBA19F64F2E3095C14F3E60371827741CB27E89543857D6D96BF9A47C6A9A26057840332EB843717AAD171880217B71FCCC0355AED3D4819911F79D0EA8AD6DA31A83E36C5DC2D47029
310
5C011302387069158F6C9966022367ECF1D00BA9BB95C389AE7B6105A1FB640689033A7FCCFFEDB762189103A61C3A4FEFE0D6A6B5A19EC5755A443AE78BC5E9235B047890A65919A0D2F96AA3C01CEE913BB3ED239C3E0CD8DDAB99E4348BF3F8B977B6C43DEBEFBD7721A839A63B94C06A10DB87FCBFA3C2932F8C26F88B
310
6D6BB30C3C4E09AFE40FAB52EFAA1EC0316920E031A46D65A0FFE45A673432E907FBCF86717AC04F2CD0EF512D665FF53F05BFCDC43489F150890C60A8E0314E70A06F619D30D841189CA15D3417F3CD50191AE4396543F0C42BCFD696C58DF163F5B46D708BD5FDDA5E5E5FDF9401BC4F7E00E8A17520833D1CBFF495B5D1
310
CE037C664123EEE74737268B5D1D3DBFDA6AAD8C08DF2C0BC7A737E10AAB2A7B958990CEBF556CDBEE823CB09FB344143463C630CFFF585D330CF0320E921744A7918280FEEF981161008E9FBC78C830217A07B7D6985E83F9A79884ABB5AB383B4D7D788F9FB3D867A2112A43F19042B33A108690CF6F472F8661CFAC9714
310
78757F6E6F2F7AEB82FEA85E5715941778B278281F28C268AB24BDB470EF3303E09C359E9DF1CF990D8A096106E6A66C8620DDE7D281DF0B2831F20439A30D68386CE13E002F7EDA8D7806162B205D6A19AA1FABFD6B1B400EC2BFFDD66FDF7E8755B4883C043F43046C1326136680404F1F934EBDDFDD39CB58A98DF1BD78
310
80E0532E671FA1435E9D6EA5E9071000BE8F262E7C4044FD95D5FD526EB40A05A634775F32205C3D779FDC168CD5E56BF982508BF572BDA4F6F57D3304BE9EB18149461B12F760D7485891CA47CFC44909136FBF4931716A2E100123FC6CCAA6A644F25EDF4AC980B14039009BECE8B798BF69A05DC5B6885CD23F8E13A46F
310
F0C0A986D617F001C52241801E87C2974C31411DA3A5D7B6175472763D637D3E57C33B908F867F4A59CFCA7923375E5F027A983E18BD7BD4E6FDDBB2250C1529F4202EFAAF979DFFB1F2612E87EBEFEC58581EDB9AA95AD1D7C1905F7305BF8182D5BBB524D47C4E3B81CD843220DE1E6536497C0962C225F75A2D6A998303
310
B23FC501F0B3F736EE1FF01200FC8C99F5515207C9C40081DF304C0A17D06E26CCBC5B3C47459308178301FA8057C2C0AE9D99B05F038828B08400F2E3251254DD7EB8BC4853B101F99AB48E387457C96951E5DB670648BAB70A7B04FE93EEC5F5B183F9739C98952C6845C380D401B8FC86E70A20744EC720E09D35955D96
310
A9041720196D183AC2CFE6AEA816652D0234883D788BEC8F5DF2615261DB031C2381092401B48D8D2D870FECEA9C3D99DDB036C8A051058030E32190976718C89F031DFBFF2EEA3D88606A8A19BD0AE305BDFD12BA4FF46F1A0002B07137989C748936E9DB2C91F43B07E4E4D16C3779CF5A4FFE8CC981F07C29E34B7C012A
310
F0054FAEA4A6A3D49D3A16D2B3CF220A029003366663053C89B3FB1827080DEC2780076FBFFD8E39810CB0593CC68B5D9009F2D400418028B0BC6CC74067E7C9CC0C2690FBB084AA5254A12AF63543B35EB40D17B693F7E3464D5094C00AA9E04E0E0524F5C35C5EC6BA94B21AAF2440725E2A9FF94FE7A8F0E769EB83FDEB
310
039B631B18BF396F5C13CF89ACC02C387DA56DC3B1CD84B96CFAAA37B55FE723B611062258257D331F186AC93D8AD600B4FEF4AD777E4BF68F2168FF08C081A37AC13446C859964803961928476D78F68419390D830C1935B5C2A0A22A3AB17D3D6428BF12DC373B8D464E04C0A496BB3B3B75639DCC2500E0F0B15FB6F47B
310
5A7ED0183A87CAE8D535F2EDBD4B3B7FC762DFE65A07C30B2851DB890082ADC07131EEEFA3DB7DD5CD32C0860CA83CD4B7993A175F422A8149B1C1D94C1145059D9C78A8A572A90B7C8B1E3392FF77A80C50220880FF3669004E90F101740D2B808181455A044904674E7482CC3EC85C4BCE339404C0B0BF6A5611E4F9B815
310
7BAB6DE327EC9BFBA1B4557ECB609C1F45326499EFB90EE78F18227F09E563C9E63D847EDB3B68EB9C39E95AC4F7ADCF7D87F6752BB6912040281E4A0D8A8314E80D60470999B8A51FB1488A66A9F3F81FFA61C83F4FA6969E472288FADFD61B005E0EA4284822E018911828E868614DA0C36E11F3A051070BF2F0840E35F2
310
00E2C0C80A776CC9E7E6841C0503D0EDF15ED9AFE527E798D23BEE5F0604E58DFB7099D739BF0BA5D332EF29F1535995BDBD0DE681C4F71DFE6A7AC5A13554AE6910963E9ABC9A0DB5B202225545F5CFACC942B5B93C207352B6E5310BF349AF200175D7DFDF78F6D683B7C87E087FA9B35812C4F8F13452CED610A2207541
310
E6D659A739441F3833CD0C9C3C3DC2B0712F62333C4FA9327C9CA1124904B4FDE0FE21C119776CB0C212AAFBA5CAF80EB43772ADFE77CD9FA8A4144C54C2FB2304C65F62FC3678E4F6C68F30FEE1BE8383CE7DB86F58B1AE0C51F0F055E188D02F00911DDB0991832228B3172B3E623E513FF1734FF414A611A603163F401B
310
EA790FC9FF7FC3FD3DB02DC00184145B850D01D120424DC03C00FCEB7880EEEE939399F1F18DBD4AA54C939899304D913CC2D5CFBC55E50C7FBE4C0E14AEEF53D6843DFF56BE2D554637EA047D3C210E2C61077875FB5B40E19F43AB7470CAFE1C0D3ED3B3B4778D1DF6D4F837C08747180FE8394F2CA1E0A46B6DA62CE2B2
310
DABEDE0B1924098580FC16B369730E9E90541D3730D47FDE16EE1FFAD3419CDA05ED1F2715C607F2E81893AFC5936303F40EB776F1D808BDE393A3FA401E1C706E154C892860AD74A2949C409E28A8FB3349C764D13E4D1D3468952B7B1B35001BF41142CAD58D6011C8B78961EACAB66E9AFBC627673B61FFDA4167950A27
310
4145BF11EA17BA9AA60815C2C43AE1F648E3772E53C94E6364AF826019E723069A8AA353A3BF7FB5359281700061FF64C28C10B9AF0B70B0B0D30A31CD1CFD22F68C76DA1E44558869257892363C091D313EFA46B57C3BEB252E9C6BF5B4799EC58F1910F469E25AA17B343799DB3E33CF410061F96C6D63FA91B1000CEBB7
310
D2971BDD39A2A76361E000F5DBC1688D47CB812DD60F8001AF25B328D173A9E4BAC18CE9F1F628704330741B2649B92E9714447C68559C6CD2F681919367E4811100750058809D0230C087A89FF3C80C23C4C60882E481F48D531764BABD5CCECA308DE2F63D3BB50373D630796126803C2D1FBAC148F7592881B395ED7D26
310
B7DD38D7096AF98841CB37592561D9C6565317AFBE9FC4AF7371E060736C7635E0CBA1809FC80F544DBAA1F2F9393D970D44C0615A0C6930E758B9E63AE690F73045F0C8C0731DE9CD80F718E94652383458799E02C06D328010011C7090D8C5E5336A83D4059953877EA1E1D66FBE994F04608C4C991917230FB61F9AEE18
310
3A40AB9108D032449FD1A7283DD25ED15360EF7EA9303EDDC0043403531EDEAB10DFF87F5E2FD56DF0F1B701A9F614DB17FA0E0EDF6FD0B1622A81FA3D1DE5A33F551930335C353A87F9AB05C60455193448246944A232C5D07636D864CDD7A50D0B4440CDCC465D1C418321F50E1648D500294065D869559EF3C40C8FCC6C
310
323E989AD0F0C73142480B200842802C061008B480A9954AF282052B3AF67350FD0DD30D1F4075AC303A5D490250F5400ACF479656861E4C77AFF327F3EBECA4B57B6B6C8FF62602BF150744656A87DABD7BC6BED50527B2120C001A0B3718C74F0C65CD34F275164D7968148DDF259AB8AD6CA81CDA4E8819509B996A7F64
310
2D987A401A2B04018C01E6C169A8700F9DE3B489DB2BC49C9B7B858A4F50D22AE15428FCA4A1EDB20C83492690CFE361CC7F8C8066FFD0D77AEE797977F468A36E0B0DFC87F90EE6348BC748F7CB73B5B9DD5C6EE7AB19ADBF6DF359F1DC2A0F9E44F213F8041F64274C0859A2AB7C37440FEDDD2F95BE44065F22067E3EA0
310
CC3BD8C0D8194EAB291CCEE20B9CD8E02950AD806080047A279F19024C837C848816719AC4A34DF8F0706CED904E8185753A458A27E4C1E37B5F30A104932BE140E0BF4E400160F320B054A8705042FFC47B4940810173F9C9E97240C7FCC3F3813EA239B745DE9F1B1F3FC2F9330374DBD1A7B475923F9A2ED81716D18D1B
310
577DAAB9D1A0458655AD3CA7E211867AE7C702DCACCD291E0F798013DC01BC326087775C0833E04EA3778FBCB8DA4687A0255CA0AD210C15661E4E92001A4449031D1DD27D327334BE830B64DAD90CBF537A45FBD4E94A7A88888E715B7E74FCD040E818BDC1BF5AC609CCCC015DED23877080FCDC47BD8EF3A7B783A17D33
310
F3ADEB6D6BC7AD75EA7C7852C5B6FDADA6AFEFC2D181C03F8C40DD8A4AB5024F0B72E34B57BC1182472DC80946789AFB711DB7F1193C03C893B0345F420246114D3EA71D04FBA731C0DAB0D3CD311B218F0D5A15ECC105D02F3AC32F13600084731A83220040019B03180634B5923D438300B05BAC80881F061095FED5D572
310
A3323ABD83F1D37A2301A8C930AB3F66ADF7CBEFED30BAAD7D78A06DEB6A87F15491F5AB7E25842B6B34BEFC12C8A159F187C64B3CBD2356DE5FBAB98BBE9583F0E3280C0076DA15BF34C15238145742B07080B1EFB83382F9FEF2239D003541041083C5AF9EF3C8944DC2030BC3ADEDDD9D27475800693049E05413BFB3FE
310
B4308731512F13400D06F813368A0101D8D863EB3E75FCCADED124F532AD3F123F131AB46A93DF1ECE7F96CE9EB6C365C6D6A07EEC461FC919FE288AF7AE1A7D012D291EB073735FF26BBB1C99FB706E972192819B7A34BF22424BEA1CC7958AC2E04BFC8E02DB90A4A1DD04811ACDBC181037864672C78F6C0EC3073A40CC
310
49D5E813593B7002763BC6A909D31AC86F3F6E335C9E1C309BC58F16418642E2AF6B290A34FEDC0CFEE08FCA0F56700699CB73B9C99302AA17BD516D7F1FD755A2B32B3FBE7134D3BEC813195BD355020A7DBB541539CD2C06E45F46FC0EE08293E6C0E1972176D9B678340AA1A4823404EF79B1E2347E47C35D0A2260730E
310
0B513025DC0BD1C07E3366E9B9D17F767405FB531070700035618606F0B40C73C974CFD321B0C174A80C0F3AA54945FFEF348F5488895713E89B5C98DA501E06D8D24FF04FF0CD7ECD7BAA755A854EC6A180AD13BE094E8D5D63BFD6DFA5F5D3E4DB1BA18FD8473DC6E17FFC9832B71A2A94D96E808BB53F9192955D62C82E
310
282B05168AA0927D54AB20A20A74800B7CC9655C8B15F62377CA4C91641F9F4D0478F4FEFDCE273A002CC0A725EC165CE3A149F0333E8E9600B2C05A7D15FD831F0938DBE5D0FF13E3C0F0765965A0961C3FA86DEEB0E28304747BFBA5FCDEE44C23544F7BB7BF7A132DDE34F99E44EC3FEEAE92F667A10F7E90B0E8C6442D
310
F5A5318B0F816311DB2E6DC6F172C363FC800EE09186BB9EC82A24C0117700CD884AA42023B81EA6E0CF8B3056411110D78606EBC5AD5417B45BCC8E61EA01C4006AC233933E35D860BC1B6CB9C9CCCE7840D2E0C1C1FFC11CCE54D59300F2B47D66A10F09D8E24B71B9BDDF98FB62A3B897C53EC88D16D1FFE8C649B17BB8
310
E760EB20B784F52F992544753F2CBF642CD3C9C70D8722C197142C567E74FB431EE248A8F3FC00377F5142144A82FFC28AC2970A780C85A7EE9146FA4B2981F3C93BCB0F3FBCB6DD3DE69C72B6073B99140DE28B8E919D9D9E7C2F5FA99FC1FFD07E9AC0965CDAEA0A945FADE52C791EA989E8E7A21A355FB37E44405D171B
310
98A6E946DB26AE71DBD01FEF07FD378F5B4B518724481820890E7486E3FCE61A60E096D577701890EE07CA5D7F2B086040749FCEF3F81972E510A86359C9BB579883035887542090614E5C4461705D7CA1CF84DB564838606CF1597E8119790D021080C935A908324EDE9F60A04B7830A33F0670CB08605B8D01BF9A3D4356
310
93FAB4FD84EF6754930640C1F9D74B052A7ABBA9F502B39DA3BF6BC7514EA4BEC71D752BFDC198EDA8DFE8F32B3EF811E4576B0A2074B99B070A069F60173E7427BDF285024E35A4418B7A412914F2800F1965C4F1120A2D5D2C64400563D5942044807BE7C738EBF3034C4A6F4D70C04ED1F97673C039FABC4CFF18866E08
310
200BB66BDC9CCDCC3FFD1E43BEFC52C317F0F5E64900FBFCDA4DEE68768FFF46350E0EDADB7B34DBBEDE3776BC55599AF84E312229F931E700D04478D66A0D88D09B2276141AF0F8811C5F8067DC04C0F90929F7F1AC9CCD368488AFB965C97B855A3E2E93AE5B4866502E55991B82D4388614F2C36B8484A5FA06E3EFFA98
310
4A6AF17D5C2073299D9F12FD63826F67FC460E54030981684E9FBFC22009A3006962285FDF4FC84B699FB5BEF3736C6072F6844C15EDF25883037DE6BB7AFAD6AE164B367812FA8CFCA6FA25725D99AEC5C6EDEEC64ADDA2BE0056002032E1D7A20A54CF444E360D520A5B69816C0A953CE0434A8A898BF18E2B704588C01B
310
DB2133342F5404FEE698957C200EF54E31BE6DF4E888C9C67F5F3F1B41F922777E7FA6332677C20098C59F762F5DFE4A23F9801A3BB6F8A4F66E0D40EC867E92DEFCE84C714FC7CE8DD3DD3BDBF9C781B1C3B549FAD2C89D711808CAB100E09700BB85240374A7209212F320CA577222A7020E7824500179FC7096C714884B
310
DFD9499E027ABEB3CB0226CD293CAE6E0C41A6788F396606A073E28CBE5CC67D584D36CA39D37974FE1023253E3FFB007A26F657FFC901D851130DDC2BF54884F20D5D40A0B7E5C7BCC7CC87B84F2ED820192CCE1AABA1FF24ADBE1D03635B5B3B53D4A5F84120125FADC36A0E792D3AD7E255792CD5241A4C84171F110409
310
0017DA493D0A7790A7BDE6DF326180398E4B0DEADA5C2763825E43E05C388E184678C88CE6422606C017F030366981353DF03A753DBF6370879F79889DD0BF75408724DB53C5B0063AB6568D02DC47AE4627B58D7E367A6000267E7840C23A0940B992DB98ED1C4731B4FB4DCFB6D3EAFB6CAC7646F0335C5031888CD74E21
310
03380260AD47176D703960230370FBBF28813524C17FFFBD6288BB28E4F905ADB4A788B40B4A6201C1878BED224DE9906C4C79EF32EE679B9F5D3B5DFA137327320643909A823F62106CB8F9BFE4BFEAFF0FC7A6393EC7F64A698EFF8ACE31BA05ECE6DAB6DF124118D1D13F892F3D3530602E3F3ED3D59DFB821ECFA3D9AE
310
85B1ADAB9E328DE738BF55D5DFD039445AE76D0194180F57B15BEE5F09C07F952F9A10372BC894CF7DA12CF6507E2A8916E0DF430C519485C55D61EFE209912D8C32866214E121611E22A0B1238DB18E86636A3BFAFD5B4EE02FF1E505F902BDF424D0516907BFC95EF3A76B6B3872769D67E25B548F0DA46E2B93DFDFD5F2
310
B9E9EEE1EE1DCC7FBE6380DFBF38A165CAC73DF912AD76A4690D2B766A3EB4AFA2D05BE543EA20B095FB17AE3F1928D84482049B659E671A4763CFA567C08824913D37F2F92F841FC244085C1681225C04AD6DE1684831682CE0D6096B56101C0D4FB3A1BD3F11FC1105AECF5660BD3FEEDF162B0D9DEC6DB55AF27FC98050
310
BDDEDFF63ED14B01336053A19DE9AEF5F5D9E9D9F9E19ECDADCD497BCC57681922F327EB41FF681E17C1921B04FBAE371AC69E53F98183E91B84897A5DB164158BD1D12FF6F6BEF0E02847727BF2628F9FD48B6FB11DF6928C868B29590A0606F92140D0C08850DAA7DD8A5FE8A50389F61288AEB743E9C801BB67DBE0A7F6
310
4F63BC87770FDF57AA73FE1F5A84F8DD3AADDFC32087FBC0A7D645C327B97D65E7A8BBA76DFD9BCEE1B1CDE3F5F7CE4E6DF4013ECD7CB60BD1239E8A4E9A5722AD9C4FAC8F7FF17B214AF8801950430639A08E3ABD05A0D94E253BD5951C885B0CE750309070555FF21F2EF83FF53F4E15038B8D8A244740A5C9CBC120043D
310
A0B323FB1DA0A4EDA268C05A304619505000BE10415DE898809DB6B66896E60AE347ED3D6DC707CB7D5B5BC374A158EDC343D0EA61C217D4878CBBDC1D85686782C3CF4272E7DCFB5E9EF628F5A95AC1AC0C6848F5771329EF8DF2BB79EFEDEC8DBEC72EB7F245287FD4B31008AB38EA4D52F2BF57167159E3004CD8950E21
310
7DDD6F699FC763E9D1A0AECC701F7BD4430A3E030374066938F883C01DE40E7DAFD609345E33570F4CE6BE467FBD7F793B5AF2A9D331D86DBA7BF98067918F9FCDD609A0384B523F4413B574B818C6889FAEFC5E7B8F90CEFD62BC2C85B2478D54DD076635BE434FCADE68B3ECF1C8708E27863DBEC352D87BCC7A92A8E135
310
700CDE65BC114026DE5DB68275E656D2C0D4087293D43BB4C9C14EA83C0D806783B40DD7CD4F19EE9F33801F55A3F1FD600017A6CD5DE607783D5F74E34680E7DAB98D99F6E5B5ABC7F7DF19D8278322F6A97FDB2FADE1539BD945DDF868EE2B8B70D9EDAA45D1BB0A5801198CF1DA891540474745BF0317F8A3703E02510A
310
E94B084221F887FE950272D62D4232781054A87C58D015CD45EBF9B70E60820A2056E9D4D619E8494BBFA68B61EBDD8CF52CCBA124BACD4A4077E8420A7F36FCDAF661E577B792A7E1B7E337C7CF1FDEBB3B49F501F3C7366C1730E793F51FA20A9C3D2E9F18E63DC277449054CEADA36DA0807467D45F8A744E1BDED725A0
310
33868703F1392BBE221158220588F30574A0B0893D0515B0B7C404AD0E7F40C11D504C49BD7DA39A85A19CD7357DFC966E5D92272FF06D59CA5A6A1C8AE30E52F1247C1F1D78F81887F9F3E387075B170F9F5EEE4A7F5BFC69DF02FD8795FCFFAB472E7C88D563DA514861B85BD41594A75F5E866BE69471110A9F75C8609C
310
7E6BF6C7C727431EE3E9E3773D2378C25226E82C08104A57ED273FE0921D6990E02B006BD038263BA360355E8DC446A380F0BA35FA9945A80CF60DFD54054202F91897C241C147D59F8E0FC67CD0F2BF377A3463F8BBBABCFBD6833C57E214AC3F5AE9C2FDE88852968F20337972C7E04EE5658223008AE82D93BC37D8DDD9
310
00BD6B16EF221F0D4149045D740A8A215D4FC186C658E01994B8CCD317465828704BB630DA2243B3B4ADD3EA554A97408454148C04A1A0CAAC2E04033C04073851F54380E0BF2DFFA43FAD3D6B574F2E1E5EF6E5F4FEFBD1CA87C161FCBCF5C7AAE2F726F814027BAE10F79BC3D765D61D1803952210A9AA07F8C6BB2105B6
310
1145B324F96014EF223D4A9261080239F03FF6F4DD4975C183B887E081F7A467A25EAA0C94028FEB808637768B07400A8235D4EF33143253198900E079E3FACB0C59B00F827A5785A6FFE2FCF0C0E6F1714F11CDE5140D931D707950631F3DE877F300002000494441540ADFB08704E252AADE1BD4E8DF55796A32B9B6F177
310
37C67702E5C638682737286CB0E0A89B624D5BF28222432848C9AB8C07170C97B814FF492A61072407D638006F7C8400860444C01B1930A522788045633DFA9507267A3A42BA05925BAD705CDD3792FA23C1075C6EE768A673919EB6C3FCFE7629B7310AA794CC9C0D14A1FB88F95C845BF22543F57996E0B26C9E4C2ADF18
310
7F979F8A55F11B47BC26594C52588518D25E6C2B1CCED231EA1B748F093E5726A21A54C91EF95789041030C20FD5AD68613432E19A4D0DA2505B6BD843516E10BB00AF9AC315EE9FDB39CC1F9EA59CD88F9CD071D470C86C4647FDEDDBB1CDAB81DA94034747A779F4CED497CFF817348F69F52E55490840E48840BA72DB71
310
F3E84F6DA2F4717AA928F153DA6E4C7E8E00363CEC9A2E1C8E65F298FC4A52F087FCDEE5CBA38A80CBE11FF7BC2AFF249203FFAB77A128A001B1987BD334AD9B901890A8C2005B6B248196AD09C0025ED841325B31845032E327C531C839E66DBAB39566B631C2FF0A1DA5A3CC47E665AD8751B47CFE33899DF047C9F3C365
310
E3B11278D49DF939298E09002F6430F9958803309827A7C791048CA070061B7E9A64C557D235F83EE24822E5EAB805F9862F20FC58F483DC0EF02181F572930205107E00E523861895A2811309808F2B6C14B2AA579E893753C155D2F54302007E9FF36AC5FEDBCAD47E182D91A73920CFA5C18E01F8FFF4C3F1FF553BCAD0
310
E58DEF85DD63B91BE38ECE1A9FFC4AD4A1FBA30D462C328C5A0340DFD393D3D3D3C0659195C96990F391EFF4175213BC74C020922D4830FE215E76940962BC0713A3B82784C0CB6623DC40D6E1485BAD454F6892200B225096127FBD82D2B12006BAE2E329C771E25FEBC0DAB3B5395289D56D7A8A89081B34EE06F80F819E
310
FE75C67DEEE95D227E283FE98A7B9F1C97D2D05B4D07A469153C3DA3048EA68FA667A6D90E291C7D7E2D063E4D044964D055F2DBF3E31BB851AE9F78A0A7314F0AD24901F581D74A6929142039C65AF5830D1C809536CDC05E4BA51038F79D713DA930CF18BA3010E385351CF47F74D439BCBC793556A1F99814926AF12835
310
E251C59BEA3C083EC2B2760FEBDF4304C9EB87B35769E1EB24B648542CFA4EBA9EF93CD42F03C08F249A2C98897D8E2225E90077823F4A52171A61219998CED6FA050992B6B0A74A2220ED12123004FB977084208F8E2AFC80F456CB110BCA647A3A0F854085D84FE0052BE31FFE7F925610BAFEC06FC33F9931BF063F39DB
310
3D1BB20EE357F594045F4226131578582CB055A59A073AE0413989D215019B6EB8A21CF154D71164E0D8F4E730C2CD382D098DA5261456A425643686BC8301710F2C50665881399156AA2B4C3191BC555728384800CE10040F746A3D8A80A5F0E500A93456FEC52833BBB45203DACCA37FE1D3EE4B9BF0EC27ED47D89B8266
310
F11EA2DB8B5A8BB93EAEDF0C06B7AD0402B9EAC6E787365535AF19F15158308A9D9785C1BC1C01377F8C6B4D07B50DAD25649764A91DC9812C7B34CA98184084F7C01055466B48058CD44085AF26648520C85C41C67805462D8425680425559F4440F3ABBE1F3F81B1EC72708767DDC8FFB6465796C8FE310FEABE0C9B242A
310
74137EC3E0427091967023299BE5D6D4D0C6D15747DC2AEA4ECC57C72856E827D33CBD319D70FF854369EB841282F84B7CA4881447ACFCB257E252E00FBB3272120A75B99119840858486615636E0E0334031AAA8C08A62E080053A0AAA4158431EC727A084021D41CF5D630C94184F6FE7432E8F5F9A4FCDF3EA7CF136FC2
310
988093F98ED622E38E4976E1BF0CF49D2889E6DF3566719FE1F9B47A2D3BF89C69155DCF24F88C609EE551160F0415900B4C48FB013D8900A9192A700748002924771A3686A0A580FE4009E00ACC090253E280B90AC15048E047020483A038A60ED232831F2CC90498648690D960C48E439F18F4DDBEB0B6F5AC7B7B89F623
310
0243B4FA160A7B9327F3AD5D937C8BFFE5FF8B3A5E64283BEF8EAB9F71159514CFED62DBC880614AA1F7994CCFAE7D8C87057F451733699B8DF87056E1F0654B5021E38097E4E23221B810DE20559AD183A61C2C88A648DB096081E9801CA00BC1DA0124E08DAAC15FD2936905CA8DA1C40E42B13F1764E0C4015EAD7F8BFE
310
C99A310B1B7C0BCC7746D3C0702759C89EAD57122092122D1F857067684A578F1DAB7EAC400841F493A468113282FFE42316CC74C756B1C880FE78795C692813CF4644480EE9B02991BCA257A71861F00666D9410288487618D120D0E80D7773E2B7DD180E100EC98B221C94BFC4FF531A09B986230F1CD08378A8E4D0FDD7
310
D9B1BC75F5C12EAD7FF83F3ED19EB018620303C217A6A35D826E72ABF2D8E2BB1B783F6E48D2E3F360806E1D192085D022103473A10375B63853EC54F500B5B064DBC20945B88160DCF7E4F83A0200BF6FAEAC88E9F54D22D898E43F378D20B51B5D6B1457000922202800DD401A9266483029C0D6D57ED80D42A0E6E08835
310
F0F3AC73D7FAE6D56185F04FC44472B854EB7D9CBF7134DF3DDC35A9F6B38417DD6F508B37C1A718B0D054124176F7222F62DFB327F34D451799D56216880193254FF782D7DDE26C271BF38C6E422E271CE4AB8823C9510F021126A7A944E00DB4031D013C88EA0746C96D4574069BD5439C4110403B40020C30B07A604F1E
310
41D19C21A93FD9002DFC35F23B1E7B98E95E38387E3603FE7393680410D702FF9ED5A3C5E5CE68B5827D721FA78F3A9A0C08A79722D9C9B418F46C0057BB1640C70AA4A03D29CECF33987596D53CFB27B32C3BE304C540E14BF8464E080918268D254838C91A01F0FFB99154FD8A9C0495EAA6534A6C464440B4A71E16100E
310
7405088122A35F7A511DC003D002E6C8E7E15F6D1D2FD09014139EC11FDC89394621F77B9F88EB5A583C41E2FEDBC8F82334494C0BFA97FF3C3A34ADE60385B60E5A30CF036E5E75370BE3B83AE73B3B7DC0BB337DA0045299ED0C66681E4AE223D01B1BC3BD4C921E2005FEB5114739040758189BA8A320067B62A3995E47
310
20055065AC2B4A8006BF8CFCC907C0063EACE41813C5F017065AD46CFDC6FF1BFEE052932CA3478C8E5A6F25DC8503D40F61FC1B047E4DFFE8E84407C81F1AC7B5C79DA358551CD0D13785A9AEB38D6EB68A0A8087FC6543E7471082873CDCE5CBEA1EFC5CC0579469E225428E9A43D6A6000B4219DE52E8DF00A55F4BF503
310
5960661C2DB88AC1F67C2890A93FC420193C8326409E7B595FBBBA9AE1D1511B3F6D65B09AC10A71C2317201A603E88C56CC68C91279E83F5C147787EFE6C675F00941D23EF092920330982DF38C65EDFCA89DA98E8ADDECCD77CB86D85118F3DD9884820B1128010D02F1060F582871CC8FF42024C02239273A1CC3BF71E7
310
70DFB7E96081682803188118B50310BD620234F230B12711B063E0F0490FCDA9248B580D3D3DE944A30CFCF2A1E0F6E59E8FBEA289CCCC943785BB8880ADA9C2FD70F6A13F5418444E3A669273C006C4B4EEEC067827539FFBEA9CFF04D84E7F170480037005AAC8829084329899F90B5E013927F8E646514B4824B01D11F7
310
2C012CEACD163B6358A4454A4221D06E68A71062520649BF9E9127D0772D6E5EADED52FF216BC2FC513C7D3C5CC4C8AF009811826AE20203B076A2AA66D8D32E317DEE0EFC000FCE16D9E0BEB17C74AB009256C5D8AD1CBABBDA61402612C675FBD72D07E633B1A42F2421208CE01397560811204306617A5141706105C9F4
310
984C459F2D0F6C392FA05BED808512B0B9A8A9FC6CED89640EA347D31F0DF76D3D9E61E800FE9F7601BE4C9614A1C58E6C839F13A12D0EB426DE6386B82369A9E6A7F1F9146EB578A2EF4289AA109B4F6CEFEC0463E0072A05CC9DEDEDFE08407B173B8AA65399C80B2911252E6290C82CC1B8909140C11B7AE161B42B9390
310
5045D017E00CED6D27AAA15F2C2179F1E83D411A7020B9408D202381E7E5DEE5A9E7E5CDE3B186433F488AC81554BEC09BC579018ADD1DCB3D9D70F02B14BF9159A4DA376225FE43DA224FED327941705DA582B2FD1BB5DC0540667B650BECDD1D5DDFB0C7F36DEE2B94F6EE2EE4E426F20A1174C31DF153321A24114C4FFF
310
25E505475F6906D4149B21F1BD9D9DF7B059F8E0FD83323CB97991FE80EE131A9003B81C491B218B1D42C0C0D593D9D548003839DC29A740298B0C23F0CE14BB167BD61989AEF0B985C8FAC8F923A73F31953989F0F6C96CA6C4D0A9A88184BEDBBBDA3BBADE77CD8E2FFEDEEF46184A86671D7DDC51417477BE9F04804F30
310
5AC82C2D018A21EA903866A0F959FBD4139916D036635EE03DDB7408BCF0627A03027AD314C09B0A27F0A79490D53839D0DAF1416995CAB24101FA63F75029D57A4CBBA9FB4D120ADB17FB5A999FC9420DFE04FA670430B90FE7F589F7FE8D50A4B5F004CE5F07EB4EA007F8AEAE8E8EF7DB3BE2F81F42166C7246FA9E62D0
310
2C8209BA1024414C483498B50229FD923F2414040B2081390AAC353B5283EADA12A30B1080866D746B9ABF5BC107F33C2A015B275480759334B83AB02175EFD0DEC785DFC505E0064F4EBA5A97073A74C5C9FEC97BD25D819E28AEE661FD2732B8BBFB1BF13441B3C1F45E8AC1752BBF80C113DE960E0AC7D9D02C58C80505
310
A19BA0E84B14402601A590A4AE00A825E98C3212342302EE10FC5100681F86834A2804BC409D70270A2091DCE874B16BE0706C974EB3D26EFEDFFCA6C4579AA4DB781708469F055532A7046C6BEB0CF39F3ED2EC4FBCA3D00EA91CA68FD2B87B5C191E0EB2C300F00A1C9881F263571C6CFD83D079D09F176FAD839340CF03
310
0F70458F81F09AEE1329505150CA0A00576B56C06D58070B23086F685E44232D9D53DE3FC3731044F286D19F459351863F749F1104198D6E14BBC68E17CAE70D7AFD958E350BEBBC70C9C4DFBA075240DA27D40AD7DB063A097DD3F041EDB3E4B682A7A12A548F3393DB01945547175879989302521EEB1431B08759B632B1
310
74E0F700E774FCA1BB83F95029ED1A084288C8893520E49415E00DA080AE8027C34206D35491D050A4C6B080F6A20889A2FF82379AB6234F6710C05F9080ADF002B9C9F9C583AB220F45D618D7E7F7547FB27CED8A8B7A7D24EDA4988B0C1C2A1AFB53FDC61BF3DE50D63C560F0120B0372F0839DDDAF13E583B868717C1CB
310
8CC71D1D7F440CC82184803144196EFD58BBE00B7EE77DE8C015942357FB06FC906A5E2B8882CCF9FFE184B0035A5CF186A962A63F84B3AAEE3D5A2C830008807568B6A9F424086D2095A3E262DBF124350082C4B5DF4704A9D2C93553DE47BD6766B69349610716999FA25854F759CA9792599D3837ACF6247CE8597B0F96
310
0FA3EC45B61715050260C5844FCCFEC9666BC71F875B17E3BCB4CB151405D7D08F846B4CB952248B4603CC402B609E90F0044A007FA800EC46D07A51232B00E5683C55D5096E1374DA4FCBBDE2C25A5B8D26008227CA7758033D7D70DF12CAF7F247939F93F1CC63047D63ADA0B7CC8771B234D8095FCDB577B586D1834062
310
035670E204B245EC093FCBE15626C10D210CB38A13F50E10A0D5C0814B0C4B30AA9858516001669002229618F100767AA3D6D2528595FE7A398C2D2300ED0013A0AE60B91644A057327BD3C36BEBF48C91279B45F8BD145494674AFB211A91977CB838DF35DCB3D6D6AA2FB2784B591ED785DFD7DB77747DAC9D2F7674810E
310
FC2895F9ED8007EC7885101679C06F21E4B1C8A6120956F80518D1DAF1717BEBFB5803E20C6F2A11B2E48AFF4AD2810A70054623E341B3D1ACD92DA91150DE631EEB2C28882D092049C0DD38E262A7BD6F98549930C9D44B7C37028AEA9F8C5628A2BEF5704C0DCB2B428181B1BE766F43014498D2E57791E4C8DA6BD2ABF5
310
003F0C40202E2E32EDFB02852D16C30B7F646B98FDF86C7891690043128B0A0DE6B4EA27F08C30CA34C9D0AA0852A5997F8D11A6EE84E040B20472020256F4AFEBBB74E6705A12083B249089218E6452C8E5A69717E904A3F5EF3D5D08EC1F4D4E85086B238CFFC11AB9AE972CB775616C6D1DE04DDF073B4DE3747C41FBAE
310
6072901CAD0237100670C5A00C2C3CE063610ED824826C1F6650700E88C00B62468903A0D71D3A390255AD7040048348C56C4647413C2C2561216E0C469203EF06A5B101AD40D0E207F78B124747DB5B4BBB4E88B1C373C114E0470B345156EDDBCE1B4DBDF81DBC400746B0B54E05F693707B89A5E430982C2AC7D10DFF11
310
D5B102B9505034B35D07E8E5F585757F088B390F2D4C85CF7218E8418BB4F25B885053D07D5A908326809F31D6CC6B77CC948413B28664484439D118DBAC27DB5AC40C1AD166F25E6A2F0AE82100C0BF220405323E1FF80DFC518CACA8DE1003F3C9FAE9C7B2D60703A0004F8EAEAD2DE0F5485452D15B77B4B67F4C2403B8
310
D8F9C533558ADE058A9E177A1698F75DC0EB4C800F74C0270178C8579C1FACD025F0560844502D2BBC01E620030CB93636C1041636A693949CD80139FD15BE107F905590A292840F8860706D07E2970A2F15E5B13B87C3143CB2930374CC46A6F9B9D7A5CCCC14E11B9E879A49FBE27ADBD6DA82410FBB94FAA8487D61B51F
310
4BE0A03FD08743C31020D6628ED20305A22C2C2FAFA7ED1E7881C438AA5B9035F20759E243C51F34D0D5F02F11403B9E204CC1686C0B6C9000470561519CBE1B0E4FBEAB37A39EE4B84C05F023858779341991F36D9D9F351E7BB3B5ADF00148D9D05784F9AD8B037D48C01BFA83D4247F03BB768BEEF973A14E610090D4B9
310
6B1EEC5C5E66928F28EBEB6CF578B067DD83086081579848E60DFC7684044D8174993C39F886043481F6A2B743B18749E52447CD4D230513032D20D20206E536E15BCF7B7D211634F98FF9986287F33F9A94615A5A0A7CACF8DF5DCC1AC6EF9AF1945EB78E0A2FED1DA2ACC00EF983F9A012260BD722EF61C9DBCDD8719703
310
ECF839029010CA0B9F100B1D2842153E01A1A3837AB579516A31982FD2908A09100DAE591016CBCD4B011A2F4DE299E1338CE065DC4841BF9895D8C81714800CD08F5AD39601BC929B55D291F6CDCEF2AB40DD5D98F4E6F107C47AEE4A09A079C05316F479DAF4C2BAB83221BCC0CE23FE3D3D4C7BC9AB673D89A3677D6020
310
F6E182332028012FA0FBE0B2668FB85485902A8E7FA0BA2105C213E20BC2169211A4BABA7D693C3F1DA961F203694853137073AD5CD25F1C017DE0477626D7BA55B88F83B5EE513C41D814639FD1BF759171F4577D3CAB0C3DFF68B2D3B1F8478C18F67BEBB2598FA76A4545E9E961BACF657E0791D2373030E0EC9FAEDD17
310
BEA7703A738185D08236C407448A4CB504CBF01FF43859D3115488EA01B55078000DF085911805790DE1B41B6F8CB2889C3834FE02AFE07D85143C6C008438A944EA63E047023A7EF37E13B0903AFEA7BBAB9579330FAFDAACD540022980B65A75FBA17D388F1E6576405CCE7032D95BDA420E7DC0EFA320879E5F8B3B04C1
310
D2D9C1114210C19FCC49DC6A855E12010184DB8968109ED016E4683CD552A36B3AFA13BFC2114068935A7E774CD2C7225642B73325938052D8634ABC18DC9442BF9E0402E85B42F9F3273672DA8E8F1070405D1DC3248487574CD98092B8B956E6AFE1566530B78FAE05B4A0DE51FBAF85DD075C7E11939F80E015A58D1F87
310
E400CFFD2306C4D1D3C634380A201545A92BE01F445800BE12302AB477BD6F62600D211232EB061448A0D2B877BB940D63D059C37E0569A83DE93E214F4BD86209FF6F479C640AFF8AF6D1BFD987D029A94DB7C329B4184D4BB013BF912FB88FEEF913071A8D82B651BC10DB067A7EC52FE1B421883144C00F64FA23A11CF7
310
08BF16CA59F18D4C04B8085964B2D8DA4A855187000BE440BC816FFB13374640B0EB1D0998AF38A1AEF503F14302E2811081FC12EA6CD38A63B33035125F40F170C0B0AA45E9FCA38FC6D688D48563B5C4B4B7C359D3C7AE0EFB16ACD5E2FAA47EF8307044B4EBE1C71E84E742D81431FB06B90B600B9C239E277A57C94C42
310
7EE10E7826980C0136600D916A06058CBE8604DB4D314FBC014EDAACD0820F14BF75449B70339490FE5A0491221BF95F949DF1235380E969AABDBE2D32EB4403D3FDF17F42F9A0A7C28ED75BE86BDB7C7EC80C76F86B8800F77B305EB88F00A4352E0F8089EF811EA02A3DF08F7DA008F803BE4B4EF5F41E56087099E92070
310
8C3D720916444440FDFA013D4E1201414123A09290F5BD7AB729298209C4306D007BB0829FD4EC3A6D7E4F00B67DF38CA0764F832F0448E58439B952CB4F70DF964AFA74CCFDBABBDF273E2FF4F56D3DBFF2A78D42FFF2755DF307066497F44062AADFC0CC546F6DCCFECECFA232E14F408F05477D311B683A35BC245FCF8A
310
5CD2AF20022C21022266905A5BCC8B20235D6FF04019CC04058AC80023662E25F342063165956320BE50370F2A657BACC817DDA3DDD3EFE04028645780A768FE38DBA88BF2EF3ADADFC7FEACA952E5A77568ECF0C971DF32BF1D24F8486B22A649EC81B1B60315CBEFC026091CA45F858D7D04C1B437079431E63E38F88075
310
8842E780A9E03791C0FAAFE10012588C3C592FE35461A6047802BA18686887023A422A49599399893103942CF6DA53A8E387825FA0678B261F139F801E2B17C901D0F5217E07AC2401A87D0480F753FBED44FE949C93A1D042B879FCE499B3D861AEB23F9C1F372F0C24D0B7D6E70FE1AAF60F84BAE642D82F0A9F53E22783
310
915518494FDBC0AFAE7DA282E5050B703570E06319A015E00D693A6BEFFAE493941C3B08C13B96BD20D0115A9565701DC58568A3009DA13E965765C03091F0FF339F7309D44F6E61F837F1B1FF920450EB8FC48F9B40158BE89C81A597CFB0DAF5F5755D3886DC13D4479599B583758CBF35663AA234F133F91D3BCCFCE0A7
310
94367F385C59B19431780F1C099131384056616E15A1563B50021D369C593FB292685A68A8B2A50A0A2085CF05434617E05FC24A6B077B990014421A68401AC4D65788EE25F737EB780D08A6E38F060F2ABD889E1B889C44852C2FF368C1E3E710D73B6589EA83F7417B341ADA1F639A23D15298F087AD0326410E116C3A1B
310
325218433C71AE62C07C1480F1C045629724A076A4BB8D622D24690486727F56108D07046DAB065000678E04C4F8C342DE27F4AC102D854F2D08D59B4ED0E4F697B0FF62F113646BC5B7F3131D4EA8BF8B265EA3F2026E7061B96F6DF3D993276B2180B8E57067587428579460551049049B074CF8B1066C7E14C705F0B392
310
98C0997C17F701097023BAC31081390196801FB0C2A12380042927503D5A01CA127F9841B460310639C674BC8CDF1A320501448E0068905B07F6E5602F8C1F07786253438CEC51AE61FDB25FF71B09893AC026A9EAE3F30F369F5D5EAEA5801FBAD3C98B38C13EE017B054F81A56F05259DBDA64FE270B1FC4C77200FE276F
310
E814B916E222575ED717A62A92956504605268408CFE13FD61F84252228376060206802B9550F00B9D47E6AF1022538A752CF4FFF1F5931384A9FF8700EDD4FFA2B93FCBFABB3EA6C607FF714B0B8B04EBBE83B52B246092AB018C0D0002FC490849F1E214AE6FC42009D6D86616C835B65DB9862EFC4480C14137603C3089
310
D0A5588FA27E693DD184131BA4E88C35045ACEF1CDE1A82323C20B842F2419604821196EE8185BC834AD44F8E9B7549A32900196E9ECBBE20FFB4706861AACADBBFD9B56A23FFD3AB8BFACC18B1B5AC0ECD7B6AE2E2E9CCD2BE8AF1B1BC3A813B94107E82DE67A42E7CC7D4A6116700B5B2EE3C338A09B840F07C40A64800D
310
7C605AC42B72227C4C7020AB1F20056E26F542717F56534261DE3766AC10A6ED2D006DD03BA9DBA507AE0510A8B385C92363B9154167F1230C40D76AF6F3BE0CA08F8BA2FFBBCEFB09D0986550E0F0EAE2F2780CDF850CB0F88CFC2815FE87BD83909F474F45DD47F1C821DB2107A8817FD45384F57891B65F2543D0C1E20A
310
89B4A8DF806862AC27C60F6A054627FD344250718AC0FA21CDC4E28DBF2650D1B39D8B8A420C348A4F846E2BE824BF8C45E1DB8EEB52F576F47A75FF95F90FCE0FD3A7A08D48D5B9AFBE3EA658E1676FE3372FB57F0AD8D70ED4AEBA3D4C2BE0AAF1C3AD63A6004D12900CFC481A47430C9EACB390038642C8C41B13303166
310
614210592736B8603AD4FAB17189DBB32F3915F0C380795A089A15228460BDE8E52203527D41B5470901B088D84FF8B3FE2BA7F4FD30ACAB3DE0B7E2FF95807AB0010FFDE3A048F7360F9F3FB9380EE537F16F8673131325D3351A3F664022020811A0FE8C019CA17370725CBFF64132025DA1BE2555102212E80A907FB43E
310
D80A991A8AAC183932C19AE17524B06590B6AD286EB99BAD18FF4BD64BAB519202F992A963648ED30E7521F909F090C0213E367A77D8836BEB6F34D92EDA624183070248351F1A079E5D3E7A9EE81F2CE6678F92E299EE312B6C0572C0A7B5EEE07853612403813152C7125E2022A20C18F855DBAFA399817FC97FB6E1CDCA
310
31D348434ACD0012F0D32A5456B4007E6E92D72B1A4E9971223A42C1042819E4049C0C5801300C0013FA48F8944FBAE71DAFC27F1826FA2304ECDF3F6C10FF47D5C7E49748DDD687DE8E91C09394EE0682A4F84CFD6067EEDF43E67EA46CB2F4070160439245F00343D03BF25D7E2F26FC400A896DBF19FB8D4D0A66DA669C
310
3D608F9CD048A0533621B25690EE19D5D15248E390F042B12C682511B02BFE3E5700E4C9A9B2107A8F45248FA48234FD23005ED1F4EFE80D1320836F04003BF42856D478D1DCA3ABEEE3C68F9F30C3A16E5C238EA5DE3FF37DACC2F8B7980033F47FAC34421EF0418A045394802CE032D61C70023D788136788613887C0011
310
A4EA316E005718AE191F8D0D841B9C679CD2FC478442D005429166F5A24403B1E6ACF3298F388B6D0BA933D92339D48969A5C11F09B4FF017A9900A4F887010C474717E10F36468032FF33F4AD610517777104CD920C3CD15FC5F3B3A0C75BBCA3B00F2724863C10BCD4A0E00736C7981F2F72E4B001438B99714FCFAF713A
310
2603BC710376A1715FC602022202E06FDEBBC680A3DF1C4C095A12C50B554FE7623B50374FB2129DDEA4C392C9188077658C87F55FF92FFA507FF03FC8DFD3F31BDAB46DD51AEB03F7E1B38B8B87CFF47EA1479C3EBAD5C6B382C221C0F1B358B39D76D9D3142C4A20935F541E492E0EF081BA41B3620A8E172B584EA14856
310
32E22A8221CEDAC6110AFA4B6D43E2B76A18AB240BB24337721C9321D2C033B2D3E2641A55A400A28403C12D1DADE39AD23FC5FC08C47A64DC3FF6DFF76B5235124022D7E6D6D5F3CB870F9F31C96FE477FAFE54100068A3A87FA5908A2C08011CF31309C10025B089FEF9C510522B8DC07C30AA469841723A10C08E27F00F
310
7FBC181C083F2809EC3B2B328E294AEAD5A071B3A95C81D2DE3F930372D022C9C793535B92FDAD5426E90490C3C81D000017C6494441544698C416520C1C40C71FC204B22448FD9303782FBA67089A1A7D4CE38E89050FEF5F1E078A4DCCFADA058032C34C1CBC2E1202B1F8962B1A8024F0EB7A11F209E96FB369D4B64202
310
FE7BA230AD24C46413536EAE955B341B726C593B5D4630C0BE822480908522B0D85430230352618DCD4F7BA6D568BF4343801480006658EA3EDCBFFA9702B4FDE9022163C43F9B72B58001A23FCE6F0B3FF0E4E1DDFB9801A6FC42FD0132CC1F2224F89933107AD30B6C9131A53818AE944BE25A70810821C38F098411980E
310
46D108F483DC63F49B91B852351604091D60546702F58A3872A1716411B642C7629C267E64E77719F46B0548FD6BFFFC86A38DBFADFCDF700228C124C8664FAA02BFB1F92B09800876FCE4F2D1C3FB4FD0A44E0106A8DB8079751CBF0BD9340066C3D52BC64706467C05B5A54401BE4A1B0132A55EAC1CCCB10D378A3DFEB9
310
812022327745EF2102886A9142C812A1A2C9708027BB55B7006357459F9C2080E0BC34489FC629510F3017B62D5073E2A2C64048A0A42580E413BA9E08274091A398EA80B5BF31C87BF5ECF8F1C5DDFB4F22AAC181F070AAFDDAE5650C4000516440D8806786D874215149E69ABEC43FF0EFC820FEA112B0522003C84BE03F
310
B76623513B6D840820358B084119B0CEC8C00AE888826339A54091F5FCA513AFE147975BB1A86FC50618D9D74502F0C7C8815AA306602FEE3A5E79E0D7DED1B221001118B73182CD439A092FF801105D1AA14E1918EC282F6260869D55108065988BD67F68E5581720A708051F7C8070F582389C682BE53F2AFD85853F2A01
310
3D21564028E06E79B7A71E43212180A81541EBC88F451E02385100491AB0C4A3BC5309A95911E66D04C0B448366988ECD204C2FC930F8CEE8FA410EE4C25B58DD1B6EBAD83F6196670F7DE635282C0A56A851AB035831725F0471A10FE52097089C80495804100318405F0DFC2136004B4C40705EC9154315129205EC35793
310
0035688F61AC02188250CFA9A980233925F16A117A48CA54DAB6400221976B75D863330942E20EE3B00B08FBB71AA813B0E502FD2B023DF70114E0D7DF2E2EEEDE7B789504200112075478F2FBD6897835C91F0C20782401E801A2F9142700B74805703426023A81CC0BE88B537D0003E0C5181D29EB8D83050964DD258091
310
0A1E7A8138F76253DC01DC2F3824391AD748276C0B0CDF12366625D038603D0003E0266CB42704C8CE7FA7F11B4D59C0BF454A78F8FCF1E50513715D469607031272358F04E0003C90107223A581218F10008B10247CD20D860FF0BF48801040B361808148714764028EAC137E871501EFDD97C89B52107FF1235B0928C562
310
530082573CE137840EFEF82A0BDC602736C595912FBEC69E6A3A26903B3A300C5A098A9E3F1810CDFFBA019D97B4E7A7A075850F2E92569BD960CA7B8304995FD006FC4213BB1448A6F4BFBB3A9F9FC4962D0A1369129B10073771FEDA38B1737B663A71C088D8848027FC3008DAC4E4397A6F76271DFFFCF77D6BD7F1F67D
310
A51E0E08875A6BAFBD6BD7AE52CC04A0B4A2206F650EC412841A48258258E8662C3838FBE21E25172C2A15A4F78D82DCF68A005DCF07047C183E1CE47731BBCCB5469D9169E0D588945BEB637E87802A03D88FB82486210D28FB3B858D13DC7CE75F5E6F3B03C1744D30CC58C7C7A256146853A05243060B850072A7010CA4
310
7CFBF9A1E24F414037B8781E8E9F219A774B36481CB43E48A79819D638C8760D672FAC19FB9D3FC5EA9158DBD0159C27860409682E8FF2595652FE189D2CC2D7C023E944158355806FC320087CC74116030CC376C559C098B93A041C5DDA48AF33827D2327DC761D19C17CC62780D82A170E6CE7415A5E7FE825E053048F88
310
D2AC2A561CA4D4C60098DA28EF1A01382772484698F60C8DD24BF396EA76260542810A625978C03580A9CAB91D10249BE579B0377A3DD15749A45F24C4D81FF3D7D7996F6A1690288008C0FF6CC186DA9D5FC95BB09B1301004B016E707FDFED306A1BE8FA208828F00BF342186839839F1F6FA338DC5A0200FF383DE92614
310
C03A4508DA18F4D85F9354F7E867AA77A42FF49BBE6757A1A7454448D0BFC3C220714FE43A3D8F1547BE10F0BC5A05985AC3C28829A06FE24CD062700601F4AF12AF99099B08E7071DC4626A97C920C3FF96E190C9D1FD7CB6163E800D79E5F3F10A9306C02B799E80F1AB380E0571A584C0370A220C3125000B500900D96F
310
EA40409F980E2083E4EDF4D8D2480AE5667222E020BCDAD4EF19682120818FE18EC7FD6AAD67C03F7DF1955E697456F517AC4F24700C30171C67E9168B109A4F60AFA60F98BE30941BF776DBC7C70792A2FBE98AAA97224F8BEA39B47BFD14A8CD03320DA2B676E3AA397E652E30A42CE2987B7DA1EF7F75242413800A04C0
310
270C62A13372400B435ACD84B8B5009208F5AC73EB149FFF3508E21C2201E0338BE07E50EB47E7FF6D97724A601028C5519073E7978EC88834410450E074DD58AD13A4900103A6444A9CB99103229F0EF8C0C78161EBC68137240734CDCFC349807851E0EB46CE864D2E405ED341B71A390CF2DE20CF5193189E1901E866D0
310
230409684B193D17E2928534D04240937D3C84477494FC5E0FE0B448E35AFC19007926C1C6A6E622FDB8A12E30993C6710E070397C4B26304C0AE38218D19F01FFB15BAE1C0E7E74DF75F2406E373C414E848FF8E500EFAF3C1029C9C0ADAB2313A7426CA9B2C1B9E30032C84EF31A09A88A386F136E8C2F1D582EA0459207
310
015F10F1F001F0B1B7DF7222011EA2001F00BFD36BAEE0850928B08C077030FE3806C880EAA74BCE0863A952812E6008B3A89199C1EE918AF96AF583F1A073B0A355B9D861AF1460DCFB3BFC6B7EFDC834B09700CBED3510E48DC7129041C991F06BA5006CA6B5B34EE21501374E8DFC910042036111EC9C7CFA1C05D48A72
310
70F7F835BF04A4194DA4CF76CEC66718C84CD020D04C412AC848F03E3C61A1C8D50D0EA6838A00376054D3DF61A0E393E1F8B058A6C994093476D601A4A06F0CFD3C0A6BFA910E75CC10400A80FDA93AC9B5EA4303F6C0D188B559086091CC5910137772E14F2376D03181B5CFE74C0EA38440D0AC256D6C4D104CE05302FC
310
C00B60B9CD4D71E08BD40C144A025E60D4C1F45FE846A2105D717EEA84808A5DD90A168E133640311CF05DD870768683F5D2F1800F485AEBE5CABD8FFA3C0BEB33702493AEB551B1EB035EF5C8E5757FA7832141F88E8578A363802B560007AF93D7D470B478C4D00B412D634C9140C4F9275C00DCE8DFE3C7F8C0AFBC5B2C
310
E82E3C3BDF393D4375D50C43CD1C17E3777CD2C170725B7B42B41DF15BFC344DAD089C1E9118522B4A2C60B794E4E8F33081BB7C8CFCEEA0B2015E49D586429C6C78646180B7710E06018A3082243C275F077FBE412C17DE80D3E6B9462C5204C5D980D1DF84A864401C483CD01B143F4A4868087A0F780F37230200A4FBF6
310
AED325114C367C22512750A5C7C3E32D545CE20A0904183BA10015DCAD89864B3E1EE97EBAE8B204266A48E010511838E2FE413FB116E60880C2D8440AC3880DDA6DF6618C138CF1CB2A09637E18D00F80CB0DC05322E31EADB8081C29410903F06BFCDF5AB46024E4A75828056440503C707856EF0C037623DD4922A400E8
310
A6BD75E4D2800905F18450A00CEE88860C8964C7B3F90F56528BA18F71CFBBBCD2D05797E168FC37DB26DBE0DD2EAEF39686C18440820013C1444055402A541400DD362A0A402F1FE51246404E098249FEE30708C10CA0B54601053159480C00BAA9B1223A773234FE72FD5C3BD81804D8D196FE3D5315A0C981D88D04FA01
310
DFC185CA93F9120E1F480B08063364A0A318F08DF95056E4C91F1150D31B011200383502E079EE43CC18603AE2F88FD139C802A739F208E88D06DC78267C448C27C4113C19B0F51B0E9C1C021CF8F9167C6B1F2E10E461002910105D1042792D1CA303F469714C018C23D72179E165049C40E801CB96CF334562E5807291D1
310
E0C70FE6CAD91656715F0E5C5E70F8D7F83290549B1BAA6F781D25180EBCA93EC84E72A74081CE3020789B3790E1A9E478E658C099BECFF01E530E80EC5FE31204ACFF70AF8177A03059240CD074978A002A878BF883FEEC81DD684E406CA630ACFDE87292822A11953710F000885D6F68A67ED40CD772B0828359B753F7CE
310
23D9479AB9845771B389D6A77130F8C134EFC83947392029B10E4425440A84AF0E54825228FC1634D369874739C837A9DDC83C20D320C36042610ECDFA750303710224D01202488012CA847424F8D53F78AB6BECE9B3B35A7F32396AC6B7444566327DBB4DF06FD9616744F4D3A397EB3B0A3FBA8D763702883ED742FE5CD2
310
4146D8E353ACCF811C806AE09914D8446E93840FF4D6C963FF32BFB6AB015D1D3B0C9A0968776F021F21404B6260CF84A14F35180CE20B5E85BDA2EC91FD5A7DBA7E5705F4F0F97AF26CE18E3BA078138202400A62930FA6CC7882F911A92F33E547E64990B0F27323D73B6222863F86425153FA8009361C675554C25382CE
310
148420C8DCC47A20122806CA178A0918C14CBD33440289078A00EC6070184CA9907FD0A1270478E0B325B67C2193694EDB7DD0F3C238447C8A11485562FB4902134E6AC952FD5320A4F7C780882DA9684285CD81D278C0E8FF8DEC9F45D22DC3C2CA99C2728110888799575B6834BF22B0F01EDE72D7F21B672C40F0A97299
310
9E2200B7C91403F9BB3D09C01990819238CBAE5E7510D7D57450507E3DB04AAA0A3C280064E0775380C8C16EEA4834346A04BF0CE847B4B3AF760D06D24BBB267C32E2C9257DE5EB748AD101AF1FD33265E2B674EED8C01A0AC901392211011AC810560F77778E85B13BAFE3E25C95B70919A4862C15928BD8989664AD8638
310
101D009A80F00BDC41AF27602A4BDA0C077E550048E7F1011410F01405045E1C140B4D0E70E0F6E034171C3D6FD12004FCC1FA304312518910356628A4A326EC9ADF5DFFD1B2C0399503F14B4F8E3E0E4E39A06ABCB56A8014687E86E462BDDE5124615ECDB412B7314F62E6E0C76ADEC0F717B360E741960104CF1706CFA1
310
8E0605004B01AE007869B095ED92144A807841EFF2811C047889A04901C809062057192688C92346F97F279449F89B113500BAD282D1DA80A55C27EFFE02C8D4F395003F285B617BBF0831F49B055342DDDD414378E8888E92C16789F269A27C9A221FAA4A0DFDDB9F935B2ECC04DC51481558A69301E0460B02665AC4DD30
310
C03D480866C3409400051811876014C0F294C542821AB045011A3E3F09001FF304E3A0BED05CC11A811B865001769507FC01ADC611F400CF68C7B093606E30F3C7E0F00C1D10C31951C1E2D7252181DA00345842A19130715C736EC9ECE686A712FDB31E4D3E50AB336E5666D7B212C0113C4A4406029709B43D0228F3FBAF
310
49921B19CA0C82A2D5BC4A2079809240F37D3E10F9637607C3983F0458508A98B8B4EFC92AC13530180CF55359500080061DF59B98BB3FEACEE881DC8127F182A885A86FB12B43C590A4380504E32305E3148BBEEB2D2782029765428092545BA5C2C681FC5F8E869C0EE1034A822FF09A12C94084505AA868080303473F81
310
61F7AA0A6610745E280BE4427FB770106F8800EADABA19F453210435BDB2348471B13B65F2FCB554827632C4C44467333E4127095D22092ED492009930413251B5408345065065E415266E20279A40B3F520370BE2050C8360E6BB4601C1673B9BFE007EF5200B6483CD195400A783E6DEA0653515B0FCE8E86D1618FC1EFC
310
15C2E727F24F2A2DAB57326D8D0877D4E298894E7A0C3C7D9CE8A0E2D17AA2020FA1097D6372F2A9F955060FDD467AD0426368C24A8340FD0D6687A76316DEF5179ED9042005A2BF02A5DD810A4DEFA4A8F700EFC50FF4FB8C06410F0303C106ADF8852ACC6A2CA9046E9ED070739339857222CC009E206479886EA26227BF
310
7A341A15C351A8404A6C10080A2140FA4B4E8D9B9A11645899332363FD69887F436A660566964250FD752E787B64BCF8E6C8190DF8EA0C854C062D8A5A1346F810414313E606ECA0AC3A01D6928544029D5F42E202C0CB386F880F7842A31287061F32F3CBE09F2950783394F2F2B23D85386C6F51943E99DD10C8A0000BA9
310
569A14805693274BD0E4F4DC3F28E331EEA91C4F33ABE057889BFB92819187840A08E57A276A8BFCB75B0342668C70C565C8059996D209C2800941A21FB82B2F520BC2E6FE6F1A8827043DE17000DACC8193E78BBB8DF1467978C06F6AFE986123E3A95272CAC122046F4C65C4B88FED2F1CD1D918F7CDBF8903BF1A90057D
310
42F4DC133AF804ACBB58446A0DB78806FC053FA1E45D0AF1112613CC0DD976C5E70AD3282F42725C0D02AC8588DE451B1C01ABF063E7748A3882F0DD484BB78D037F9812240EB88B6034C0AD53E5116D4C6D920C6A89F084E6D0598AD7EB6930CC7B293E27A666E5CDFE9A3FA52FEB3C97976FDAAE9A60008FCA6B33099CF9
310
880D35D419FC687D424378E3099441E110C5B3C6DC311E6653514A67A530D863326C4D8430E0C28024803B5B069B0E60C10EDB6DF087034171DF01F1F3404B27B1056D8C0E56E7CA6056E7798147BE4C2F01CED5987E413AC6A724876DE3F599E0601CE7B9CEF3BEB3671E12DCE8AF9631B8031D3F360B6955DC2342B2A0E4
310
632A00264C0DA002220CFEC3E10D9BADC8904D88DC51928593AA16C91DF6FFF82B3234404C7214D0F8608E0052283EFB2B0563F1D072936C4017706010BCF1B16CDE0C1FA9C777E44E1F5259B0C9BBC8794A82A6C182A3AF56B16921405351FDDC91B5BAAA617860E8D76C97C377FE701A4EB4378FA97C2C8E3CC8950886C6
310
FD93AF70A1F5F676B7ED16CBC56AF5D09110EEB8607CC08A795882358280DDB98AFFE7087C6EB593D62F041CDB4018935238E73F1098100D0C8769818F777057F64C703C6530E142FDF5C837AE1CF66C94C4887D3A3726AB990DEA248F73B5D32C8E04F6714B1E67C53FC52040252E605B322407CBF8C7F05453462A295ABF
310
4D95592DDD76AC23512E9A2DF964715C80DD752CA8E263AC36F02C3C28A133EB22AC8D099BDEFDE28C3E8FFEE3815D5D00C17C00511058354D62443C1A546280E43572A9C661A34FA5891F8E7570608C8DF21DF51DF9D2A84D4501F41B8CD4F4C9DEB2F901E810C0E4CEB6EC08DFB06341C864CF8D0EEE779A606545E1E64A
310
AF30A4324C20FDD3BD558BD966BA994FA915CD162B1978642AD01694E533EC190368A68234657085B5F88E27A0805E04B8BB6A00A51646EE3C10A50FF007FF410F1963CA69BE2002F0F902E701AEC995FD41F83A3F0C3809A3288A083003A6CC2A20E6D703EE48E3777AC07ADD51EB6101603A9FCF17B3D5928F6D742EE7E4
310
CF38AE2B03C5FB39C81D7B2978FAFE85AF3D2710B0582C970F0FEB0E4D1103B8BE2B4D560CA10002FC8F334C891C07B44FE06B2E3ACE5E1E2D1FC32203110ABF9CA0E8381F68EC3C06701328E5A38278A5FCD944CEA5283DA933DF2A2448BD23F1C5D8BE04CC2DC3B43B3EEC29F8B5FF926D11D3E97EBF7FA1BD1E5E5F5FE6
310
D3D972F548547783146ECD84873F377C5820F7F9FCE5E07378D6CBCB7E036DF7F7104079A05B77C6942D1BA95D47424BFC3DB6411009A42E207871B7EE9B06614BBD20F22F7523FB985F3F7068E37600273A3ED0C1CCC380F6EC4AF01CC1CF95E4848B7BF950AD14C44F10460221E02D21D01DAE800F323704C00035DFE97C
310
B37F797D3D1C0E4FBF35EE1E5E9E0E879FBF3DF6F474780A01FB3DAF01FE0C0798218007C2090A3008BA7682A338F4A8804A06CBFE6A80CEC766F49853F15B2F45FCEA3F8250012841315016E75E797EFEEC4ACA6C79F515CF1738F7C36E2406071051043817C9E8C5888D49D0332E800062FF54FA562BF7446CC0BFDFBF86
310
03D1FEFCC9F7FFB5A7F000430755C2D3F72F2D02A022820897ABDD44594475BDCCA4A10AF34C06B08B4AB58BBFAE30999DC66C7CE903A83CF8EB006EEEAA063430F84B05F0ECF644825F5E95073870E72A0771AB89B080022A0C5A9FAF34C89286257FB7BEA000EC65B59750C68E0815B0D9834B15606328F80709DE09018A
310
C2A7817F83F96DB3D562C10A0A31300230CD4200B87F85808BAF64D04600254047F9C14DE93464009E7F5AABB4FDD6D55142A2C0BF1541FCE19C20C899BF4F76AB54B84CB97F88F48ECC029FD253F0C70DF4816B9AC94BCBD653B1A283C4001A0337955E4AFED3FB790B6B1F5EA0B5514074103A38D84280EE0F5F9BE974EA
310
B2D16AB1EA969684B6E4166CA28264B300474C7308D20013B204A65F82970718D05678B3315D442E1C0A327E2F56556040C005D2FAB1326A68A07507C9E46A3648555A7080F5F50219A00E6222E3E0862CE95B5680930530742F1D041805E69B788161F015944D041182B861A2C17F3AF01CF5BFDF6C343F9171F5B004BF59
310
C016719164B888EA206A02AD05E8464D06B48E4381A0E9345FD171625AC22198F57C003BEA5510F81FF78D31C9B033D0030000000049454E44AE426082504B0304140006080800239DE35C51464CB48900000043010000360000006662782F34303244444139352D413243432D344134322D414231392D3231423539353933
310
414637342F6469726563746F72792E786D6C9D8F310EC2300C45AF127987122606C71DD918B841D4B851A43646695A717C52A85029031293A5A76FBF6FACEF7DA7264E43906840EF0FA03836E242F406C6DCEE4EA06AC22492573150D1F66C60C640E8938CB705396EEDD86DE9B5042FE27813D640EA63BB001C722AF6E55C
310
B61E4863F58284D5D3F53DD715CE1C3985E63FD7F1B7EBDD617E9F1E504B0304140006080800239DE35CB5A4F8F681070000571E0000340000006662782F34303244444139352D413243432D344134322D414231392D3231423539353933414637342F6F626A656374732E786D6CED59596FDB3810FE2B82F659B7644785E3
310
C2475318DDB445B35DEC9B40CBB4A38D2E50528EFDF53BA4485994655B765B601F36011287A18633DF1CFC663479FF9AC4CA33264594A5B7AAA59BAA82D330DB44E9EE56ADCAAD76A32AEFA7CA846459D9DAA72A294AF0AD4A97D5E96447B22AE74B1BBC4555DC5DBD9BFFA514214EB1AA84312A8A5BB5081F7182745495D9
310
06174FFA069548DF6D5F754BAF37CA627704E58F9DA37244705A82AAB09E8214AE8125FF092619D389413748DBEC61DB9C13DB0C66B8AC689416254AC303AD3A72EC615A3996BBFC607BBEE6B9AEA3B923DBD2E677F3A5668D1D73315A2CFCD9075F55A6937596C58D03729C6EC08B6FEAD49A18F43F8DF91C853EBDC32C4D
310
71C8D1ECDBB0C15C6E848B2E2612B01633ADE590DAD6D68233D0F823DB068122A924A12D8C13BFDBD19BADFF06108A21514A0A4CA3BC2809F89A635FE7833931EA55C92F51A124A8C42442B112476B82083808B6D60E92C4D06CA1A2148A19F3A290D7D61502FB7C2EF569B9ADE298E6AF3A659916403EE2B2609A45FF60B2
310
D7BE7D1AE804D656515ADE7063CBB71C44F813832DD6FF736CFECF1A48651BA31D440B984937397607AF05AD05ABA53AFD74B77E7DA0F5A1FFF09C643926258D3C96CC3CEF84075BA105C13700941A57D9777B54BE01F49F01F9461765029E23D1ABFBEA0ADB094A8B6D4612F08E622A9A093F4C857E3CF834319A87A78A22
310
D5CA639842DAFE244C2533A4B35B904E27CF10F41971B8710F218A21A6EFA394E639048A1267B004F57EBB7E55A72B28A6B0084FA118AC87EF89413F2AF0AB9603F5A6E3A1BEF23BC0512261BA79B6F7D547881912858DAB241B8FE1EBFD147C67CB874F0F15D9A210DFF3C45EE26D9446255CA6FD0A49A04B29FF7DF59965
310
E4813DD2AE10CED965B470F4F8E581FB45618E0155E83D5CBB86ADDC4790EE718C529C55055FEF2B546116672458BF05750EF79EF5A70882FA30C86F1A01BDC50C6EF790443905459D72F39A4AA8EF71A2759007E0AE766AB046E113853708A1625DA307442D225DA155920728C9AA9496EFC3F0EE9AA63B26FBB22CDF367D
310
FBC6F73C1EF0A03B3B40E48F280E8DFAF4A404E5478E5948FEE27543005967920BF5B2CF861058535506598EC2A8EC8F868E190355DE44DB6D554059EF05A6A3B1EE585E8D8DF869DB8A79C16AA3D4696BB9524194A01D0EB688DE89BDFA498036C285937A91DCC5595144292E18A739A8751D144D1D4A471DE9426A4FD846
310
4590E0125D13B1EC92EC042CC1DB3800F65552FE7B3E5E8582FCBE3D269172BD2C0D98FD6F4181923CAE79DD390C2CBB73422FAE54697AC433C46780CAC0DC6046D3CF496F2A89C0779074FF6AF147E021E897C3238E8880ACC3AD7ADEB396EE593EFDBA813234F22C67346E5C710E2D715849794B5C01D30ADF82171CED1E
310
871541E1F293E71438DE06511C574950DF21254E80B6A1B22283327604D5A47B10AF0C9D94689DB48D6220D583CB2CE32B82B1C0618CB01C2BB3AD63C0A82885BE6E90210756F40631F305EB6169AB76DEFF974BFDE18AD9EE6D9EF0DB4B4636BD9ACAD443B036413268C1E47762E35E26793A69A75FC29A9DF338B84208AF
310
707567C12384E0E7880E3358D7D4DB73142FA80CA1943EB0DFDA1C326283377B1E2289E3A311750A870A6982DBB6BB232877F40291C8DA8A96D40426148856DA7BFA21FE86C0D5C0160B833321A35E5FD1AB4D8761CC5E8F13B2BE7C7CE8488195C14F7FA518E1978E04BEBAA0E4EF84A8EFAB3DC7ED48E0167D5F9D78BC7C
310
AC92758A227A37D2B0409BFCDD7BD67FDE1AD05C18AE692F9733DFD366F662A1B933D7D66673CBD76C6BEEF99EEFCCEEC6AE4170915524C485611B6620D8569EEE4460D4D00DE942601271BE5D14F1DC75F0FF5D484FB2CAA5E0C22E448AF9A18D43FF157119931DD92320F7A31BCBB65D76C55AD0CBEBC3571BB279FA42B9
310
8EC90E2BFC9732D9B169793763C7F29DB16BDEB8EED81E37F9C3DB9A1FE4B60D2854CE914EE66A9E289C33062779636BE47987FAF75EBB70A2604317502F87312F7F3C02D02C1762A58BD5B9B3AE655E871D47EF492DAA7215F71A16636DCA7221B9383CE097930BE926BF9818FC91113A2611778924AC8F1648B58BCE347B
310
8AA3989AB0BB6F647A778BE5D8D6ACA57D0777DDDCD66EA00269BEF3613EF6BD993B37EF9A28E37C6928F7F84FDCB342D9D67816DE3214591CC1CB1EBC517638833E19A65903EE6092E082F5BF401239D5DBF0374D039E7EAE67F5255AC7E2E9F011C10B8F98B3B62A84613BF4A6B72A5F577E83F13A9D70B3A1A7FE04E484
310
977655A94874AB4208941170107D0D6352369466D23B6370701B4A77B4B3AE9F6AFEDE3F46D18158D9DBD5EC19820BB74C8A4E1839E5ECFD131460415AAF375DA8A3A0123EAEABB23166BFB0B78683205E34D5C6C134F989C3FB0AE5F7B45D96CEF648900C7AE373320E6AA95A89C88EBDB669E13D5B7E35E81B97D517258F
310
AB1D75E7294E2849D228178DAB7AB83981C0E066E6884E6B16EF0C68999E3031607C13676F8698132BBFD72F800C467DF9DB2018771658479BE20916C07324A223F51A41C9BF4DF569F957004EA186C7A4FDABA5C26FBA5617D3EE5EA8F5EC55900279425F01D2AC686F68CDAD21D441AB7ABCDF7C100B1383C0BB93E9BF50
310
4B0304140006080800239DE35CCB39C78DE2000000550100003C0000006662782F34303244444139352D413243432D344134322D414231392D3231423539353933414637342F7265736F75726365732F322F636E782E786D6C4D90CD4E042110845F6542E2718019CDAA1B867D094F5E3608BD4816E8093F1B7D7B61C5C453
310
77AABE74AA4B9CBE829F6E90B2C3B89185723241D4685CB41BA9E532BF90E92445422CFF3032451560235D2652D884751F92818BAABEABDEC5EB10F9D94284E4F4798F964CDAAB9C3792F5270445552D68205FA95145D18526C858938676A2B800E3844EA00A182257BE1E66FE3CF3C7B7E5F5F8B41CF9E15DB04E4AF181E8
310
07EF628184FBC3CA35B635B6445CB00E4851931B547FA3197FF1688B2758B3A5C825B50E0656BEF786B9A02CB03BF2EB4AC1FA936DDC1B68B317227F00504B0304140006080800239DE35CFF15A4A45D000000800000003A0000006662782F34303244444139352D413243432D344134322D414231392D3231423539353933
310
414637342F7265736F75726365732F636E782E786D6C4D8B3B0E80201005AF42B6F75B59F0390B113044D83508C6E30BC6C26AF226F3B8BA6360974DA7271430F523308B2B198F9B80925DB700539227A2FCCB80A18E5640D320F996A81C9F32D6E9129A0D1EF74FCE750E6D57BC7165FBCA07504B0304140006080800239D
310
E35C72679BF04301000056050000300000006662782F34303244444139352D413243432D344134322D414231392D3231423539353933414637342F636E782E786D6CCD94C14E032110865F6543E27181ADA66AC3D2C4834FE0C17863D9E98ADD850DCC1AFBF642A5ADC6347A68D2DEC8F091FCFFCCCF88E5C7D017EFE08371
310
B62615E5A400AB5D6B6C57930957E51D29965278E7F01B460AAB06A8492A13293AEFA631975A58A9A94FD5DED8752E2A446F9A09219042F72A849A04FD0A83A26A42D74258D356A1A215F510DCE435C4F76806C8EFB50785D01239E3B379C96F4B7EFD54DD2F6EAA059FBF089648291AE7FACC1B8BE0DD7835E3DAC5A38D72
310
B860099062F22653C90391076DB43156B0782F45887A6D9739DC8C891BC7DE6885B151CC69042C23046A10EC0B968225C73F7C3F3E3C1F34C4536B3C68747E73B63654C7DAB097466322FED7852DF89779D7BC45CBE79BFB51C359D8C9ECEE921B62747F2721E649D9AEBFC40FB09776FAFCC7C582465FA2E99DB2137966DB
310
1518079F36A2FC04504B0304140006080800239DE35C5671B40B7E000000A30000000B0000006662782F636E782E786D6C4D8CD10AC22018465F45FE7B6B9A52823ADC46EF319A1B92D361337AFC3476D1D50787EF1CD97E568FDE36BD5C0C0AC8A90164C3234E2E2C0AF23EE31BA056CB14E3FE770314C6D52AA818B45C52
310
CCDB81263B8FD957EA5D781E903574188CE0D8D0BEC7CC308A4D4704A6A4E3828B8BB95F5931CE5529F3EB95AD79FD05504B0304140006080800239DE35CA6D797065F0000008200000007000000636E782E786D6C4DCB3B0E80201045D1AD90E9FD7516806B51190811670C8A61F982B1B0BAC9C97B72CA7B1037C6D33329
310
18DA1E04D2CAC69353902EDB8C20262D23F3F59B81A079470595414B17391D1F19B4730A5583A7ED43BBE4025D9592775E5ADFFA01504B0304140006080800239DE35CECFD112DA800000026010000130000005B436F6E74656E745F54797065735D2E786D6C7D4F4B0EC22010BD0A61DF525D18634ABB506FE00510A79458
310
060253536F2FD89D5197F3FED3F68B9BD80362B21E25DFD40D6780DADF2C1AC9671AAA3D677DD75E9E0112CB5A4C928F44E12044D22338956A1F003333F8E814E5331A1194BE2B0362DB343BA13D122055543278D79E6050F344ECBC6478EDCD76CE8EABAE5449AE4298AC56946789C28AAFBEABC53F3EAF09A84A1441B91F
310
0101CD4780756578C173A578FFDDBD00504B0304140006080800239DE35C3DEE336E64000000790000001B0000006175746F6465736B2D64657369676E2D7061636B6167652E786D6C35CBC10E83200C00D05F21DCA56CA76D41FC96062B120735B69A7DBE268BB7777961F8D5AF396893C2ADB70FE7ADA196782C2DF776D7
310
A97B5933C430F15651E5469C55D70F80A4992A3ADC954792C525AE70A1E4D6AD9816CC044FEFDF01FE3FDE907802504B0304140006080800239DE35C8B8F51C3F30000008E0100003D0000006662782F34303244444139352D413243432D344134322D414231392D3231423539353933414637342F7265736F75726365732F
310
322F636F72652E786D6C8550CB6E833010FC15B477834D7846C61128F9839E7AB38C43AD041BF951F5F36B072AB5A79E76353B33BB3BF4F2B53EB34F699D327A009263C8A41666567A1920F83BEA20BB306A8DF1BF689069BECA01120C8C2ED684ED8084D15EEA846A33CB03E4CE490F9978C66600273EE4CA731E7C64B847
310
BE71F1E08BCC49BEF3180D41CD8754CDD14DDD95B4C01A729D1A5C97E836565754D5ED84C65B5B23DC13528D5DDF4D55498B2466D4ABF567BBB0927B39032B71D920DC227C7A23FDB92267DCBCD322311975DEC69F8FA5E9BB48A7C58EFE710BDBFCBF5B50DA9FCAC36D573860241EF71A305AA474627945176B4A927D0350
310
4B0304140006080800239DE35CC62576B2F9000000960100003B0000006662782F34303244444139352D413243432D344134322D414231392D3231423539353933414637342F7265736F75726365732F636F72652E786D6C8550496EC3300CFC8AC1BB6CC971BC04B28204C90F7AEA4D901957482C055A8A3EBF52EC02EDA9
310
2712C3992139FCF8B53C8A4F745E5B33022B291468949DB4994788E1467A288E823B6BC32F1A14462E38428641F0D9D9F8DC20654D4093516327DC40E93D0628D423352378F5818B2C650C89E1EFE553AABB9CB164E5CA133C463D6D523D25377DD3E840B4EC726EE9BE26D7537321CDBE3B93D3B5DB133A30D69CFAA13F37
310
35AFB258F0A0979FEDCAA10C3881A869DD12DA11BA7B63C3A16107DABEF32A3305F7C1A59FB7A5F93B100EBD8D4EA1E7D53AFDE31A9FD3FFAE519BB0AB37D755E141B074E46B207895534AE51561AA3951F10D504B0304140006080800239DE35C6A3D87E1F3000000B1010000310000006662782F34303244444139352D41
310
3243432D344134322D414231392D3231423539353933414637342F636F72652E786D6C8D50CB6EC32010FC156BEFD880EDA48E309193A85FD0536F08130725068B47D5CF2FC4AED4DE725A343BC3CC0E3B7ECF8FE24B39AFADE98194180A65A41DB5997A88E18ADEA03872E6AC0D7F68501831AB1E320C9C4DCEC66583A435
310
41998C1A3BAA0D14DEAB00857CA4470F5EDED42C4A114362F87BB9087917932A49B9F2380B7AFE954AA7445023708AE90EE13DC2F507E90E0D39E0DD27AB3293B318F5B859E931B9EBAB560E7883E9E532742D1AE8F98C9AA1A16838910E51726ABBB6AB87F77DC3AA2CE6CC07976EDE3EC9D7BD2A5F85FF32C7657C21B336
310
A1A69BE1AAF0C049CAF35C7056E502D378B69B662E9BFF00504B0304140006080800239DE35C3170606E53010000DD0200000C0000006662782F636F72652E786D6C8D52DB8E832014FC15C33B0AD6DA4B90A64DFB07FBB46F14A94BAA60104C3F7FC14B5C1FB6BB314132E79C993313C8E9D5D4512F4C27B52A008E118884
310
E2BA94AA2A80B30FB807D18912A3B5FDD10622C51A518000034A2AA35D3B415C2B2B5440952EC504B2AE131644BCF6970274FC4B342C66CEFA8EEE19B78C3F5925621C8F7D943827CB6954969E4D3EA43080E6F87AC9D13685B7737685D9767781E7DB6E0BD101E3ECBC3FEC2F594A92304C8995CDACCE8D60569480A628CD
310
21DA41B4F9C08763868F28FF2449E8A4A4B3C67B9E44833B401FF71749467CC5E7DAF26F3E2795DDA413DF38D1018AFD7A43819224E4E37F4378EB0CBDB0CFCFB27B3D5B787AA817DC6A93F94AA9DD52EA59ED84A746D1F09164AC7AE681E0379EF40DCF7B0E1F1453955F8D597FBD3B1BD4D73BB5C2C0DEBE22A54DC3EA65
310
B971C5E55C845696E671AE6B6DFE333D5B9DC34CC2C3A4DF504B0304140006080800239DE35C9DB9FF2B07010000B201000008000000636F72652E786D6C8D50CB6EC32010FC15B4776C70FC4A84896C257FD0536FD41007C506CBE0A8FDFB42EC4AEDADA74533B33BC3B0F3E734A2A75A9CB6A6019A1040CAF4566A3334B0
310
FA1BAE019D395BACF5BF64808C9854031106CE86C5AEF30EF5D67865226AAC543B289C531E503F864703AEBFAB492462F541E11EC92CFA87185442934DC799D7D3CF6ABF28E195049E91ACC4A4C2E4F0468FA79C9E48F9CED2A8E46C5DB5DCADB40CEEFAA6D502BCA497AE244586AF6D7EC1795175B8BD560526474AF3B63E
310
D65D9EB1342E73E6FC12FEBC1F09393D72E2197D59BA519C7D583BEE82104A226BC62FE084A591F8137A9DE53F426BE30FD97E70DB70C06908F42282716C308C57BD61C6B6F937504B01021400140006080800239DE35C0000000000000000000000003700000000000000000000000000000000006662782F343032444441
310
39352D413243432D344134322D414231392D3231423539353933414637342F617474726962757465732E62696E504B01021400140006080800239DE35C0000000000000000000000003500000000000000000000000000550000006662782F34303244444139352D413243432D344134322D414231392D3231423539353933
310
414637342F76657274696365732E62696E504B01021400140006080800239DE35CF270F13306000000040000003600000000000000000000000000A80000006662782F34303244444139352D413243432D344134322D414231392D3231423539353933414637342F747269616E676C65732E62696E504B0102140014000608
310
0800239DE35CB5A795FFE3790000DE7900004200000000000000000000000000020100006662782F34303244444139352D413243432D344134322D414231392D3231423539353933414637342F7265736F75726365732F322F305F67656E657269632E706E67504B01021400140006080800239DE35C51464CB48900000043
310
0100003600000000000000000000000000457B00006662782F34303244444139352D413243432D344134322D414231392D3231423539353933414637342F6469726563746F72792E786D6C504B01021400140006080800239DE35CB5A4F8F681070000571E00003400000000000000000000000000227C00006662782F3430
310
3244444139352D413243432D344134322D414231392D3231423539353933414637342F6F626A656374732E786D6C504B01021400140006080800239DE35CCB39C78DE2000000550100003C00000000000000000000000000F58300006662782F34303244444139352D413243432D344134322D414231392D32314235393539
310
33414637342F7265736F75726365732F322F636E782E786D6C504B01021400140006080800239DE35CFF15A4A45D000000800000003A00000000000000000000000000318500006662782F34303244444139352D413243432D344134322D414231392D3231423539353933414637342F7265736F75726365732F636E782E78
310
6D6C504B01021400140006080800239DE35C72679BF043010000560500003000000000000000000000000000E68500006662782F34303244444139352D413243432D344134322D414231392D3231423539353933414637342F636E782E786D6C504B01021400140006080800239DE35C5671B40B7E000000A30000000B0000
310
0000000000000000000000778700006662782F636E782E786D6C504B01021400140006080800239DE35CA6D797065F0000008200000007000000000000000000000000001E880000636E782E786D6C504B01021400140006080800239DE35CECFD112DA8000000260100001300000000000000000000000000A28800005B43
310
6F6E74656E745F54797065735D2E786D6C504B01021400140006080800239DE35C3DEE336E64000000790000001B000000000000000000000000007B8900006175746F6465736B2D64657369676E2D7061636B6167652E786D6C504B01021400140006080800239DE35C8B8F51C3F30000008E0100003D0000000000000000
310
0000000000188A00006662782F34303244444139352D413243432D344134322D414231392D3231423539353933414637342F7265736F75726365732F322F636F72652E786D6C504B01021400140006080800239DE35CC62576B2F9000000960100003B00000000000000000000000000668B00006662782F34303244444139
310
352D413243432D344134322D414231392D3231423539353933414637342F7265736F75726365732F636F72652E786D6C504B01021400140006080800239DE35C6A3D87E1F3000000B10100003100000000000000000000000000B88C00006662782F34303244444139352D413243432D344134322D414231392D3231423539
310
353933414637342F636F72652E786D6C504B01021400140006080800239DE35C3170606E53010000DD0200000C00000000000000000000000000FA8D00006662782F636F72652E786D6C504B01021400140006080800239DE35C9DB9FF2B07010000B20100000800000000000000000000000000778F0000636F72652E786D
310
6C504B050600000000120012002D060000A49000000000
  0
XRECORD
  5
7F
102
{ACAD_REACTORS
330
7B
102
}
330
7B
100
AcDbXrecord
280
     1
270
     1
271
     1
  0
XRECORD
  5
81
102
{ACAD_REACTORS
330
7B
102
}
330
7B
100
AcDbXrecord
280
     1
270
     1
271
     1
  0
XRECORD
  5
82
102
{ACAD_REACTORS
330
7B
102
}
330
7B
100
AcDbXrecord
280
     1
270
     1
271
     1
  0
XRECORD
  5
80
102
{ACAD_REACTORS
330
7B
102
}
330
7B
100
AcDbXrecord
280
     1
270
     1
271
     1
  0
XRECORD
  5
C9
102
{ACAD_REACTORS
330
C8
102
}
330
C8
100
AcDbXrecord
280
     1
102
DISPLAYNAME
  1
Imperial24
102
FLAGS
 90
        0
  0
CELLSTYLEMAP
  5
C6
102
{ACAD_REACTORS
330
C5
102
}
330
C5
100
AcDbCellStyleMap
 90
        3
300
CELLSTYLE
  1
TABLEFORMAT_BEGIN
 90
        5
170
     1
 91
        0
 92
    32768
 62
   257
 93
        1
300
CONTENTFORMAT
  1
CONTENTFORMAT_BEGIN
 90
        0
 91
        0
 92
      512
 93
        0
300

 40
0.0
140
1.0
 94
        5
 62
     0
340
55
144
0.25
309
CONTENTFORMAT_END
171
     0
 94
        0
309
TABLEFORMAT_END
  1
CELLSTYLE_BEGIN
 90
        1
 91
        1
300
_TITLE
309
CELLSTYLE_END
300
CELLSTYLE
  1
TABLEFORMAT_BEGIN
 90
        5
170
     1
 91
        0
 92
        0
 62
   257
 93
        1
300
CONTENTFORMAT
  1
CONTENTFORMAT_BEGIN
 90
        0
 91
        0
 92
      512
 93
        0
300

 40
0.0
140
1.0
 94
        5
 62
     0
340
55
144
0.18
309
CONTENTFORMAT_END
171
     0
 94
        0
309
TABLEFORMAT_END
  1
CELLSTYLE_BEGIN
 90
        2
 91
        1
300
_HEADER
309
CELLSTYLE_END
300
CELLSTYLE
  1
TABLEFORMAT_BEGIN
 90
        5
170
     1
 91
        0
 92
        0
 62
   257
 93
        1
300
CONTENTFORMAT
  1
CONTENTFORMAT_BEGIN
 90
        0
 91
        0
 92
      512
 93
        0
300

 40
0.0
140
1.0
 94
        2
 62
     0
340
55
144
0.18
309
CONTENTFORMAT_END
171
     0
 94
        0
309
TABLEFORMAT_END
  1
CELLSTYLE_BEGIN
 90
        3
 91
        2
300
_DATA
309
CELLSTYLE_END
  0
ENDSEC
  0
SECTION
  2
ACDSDATA
 70
     2
 71
     8
  0
ACDSSCHEMA
 90
        0
  1
AcDb3DSolid_ASM_Data
  2
AcDbDs::ID
280
    10
 91
        8
  2
ASM_Data
280
    15
 91
        0
101
ACDSRECORD
 95
        0
 90
        1
  2
AcDbDs::TreatedAsObjectData
280
     1
291
     1
101
ACDSRECORD
 95
        0
 90
        2
  2
AcDbDs::Legacy
280
     1
291
     1
101
ACDSRECORD
  1
AcDbDs::ID
 90
        3
  2
AcDs:Indexable
280
     1
291
     1
101
ACDSRECORD
  1
AcDbDs::ID
 90
        4
  2
AcDbDs::HandleAttribute
280
     7
282
     1
  0
ACDSSCHEMA
 90
        1
  1
AcDbDs::TreatedAsObjectDataSchema
  2
AcDbDs::TreatedAsObjectData
280
     1
 91
        0
  0
ACDSSCHEMA
 90
        2
  1
AcDbDs::LegacySchema
  2
AcDbDs::Legacy
280
     1
 91
        0
  0
ACDSSCHEMA
 90
        3
  1
AcDbDs::IndexedPropertySchema
  2
AcDs:Indexable
280
     1
 91
        0
  0
ACDSSCHEMA
 90
        4
  1
AcDbDs::HandleAttributeSchema
  2
AcDbDs::HandleAttribute
280
     7
 91
        1
284
     1
  0
ACDSRECORD
 90
        0
  2
AcDbDs::ID
280
    10
320
84
  2
ASM_Data
280
    15
 94
    42574
310
414349532042696E61727946696C652855000000000000020000000C00000007104175746F6465736B204175746F434144071441534D203233322E342E302E3635353335204E540718467269204A756C2020332031393A34313A30362032303236066666666666663940068DEDB5A0F7C6B03E06BBBDD7D9DF7CDB3D0D0961
310
736D6865616465720CFFFFFFFF04FFFFFFFF070D3233322E342E302E3635353335110D04626F64790C0200000004FFFFFFFF0CFFFFFFFF0C030000000CFFFFFFFF0C04000000110E0D4154545249425F435553544F4D0D066174747269620CFFFFFFFF04FFFFFFFF0C050000000CFFFFFFFF0C01000000071454696D657374
310
616D705F6174747269625F646566040100000006FCCC6C8614CB1843110D046C756D700CFFFFFFFF04FFFFFFFF0CFFFFFFFF0CFFFFFFFF0C060000000C01000000110D097472616E73666F726D0CFFFFFFFF04FFFFFFFF14000000000000F03F00000000000000000000000000000000140000000000000000000000000000
310
F03F00000000000000001400000000000000000000000000000000000000000000F03F1400000000000000000000000000000000000000000000000006000000000000F03F0B0B0B110E0D4154545249425F435553544F4D0D066174747269620CFFFFFFFF04FFFFFFFF0CFFFFFFFF0C020000000C01000000071667656E65
310
7269635F7461675F6174747269625F6465660403000000040300000004FFFFFFFF071767656E657269635F7461675F6174747269625F6465662004010000000403000000070333303104A800000004000000000400000000110D057368656C6C0CFFFFFFFF04FFFFFFFF0CFFFFFFFF0CFFFFFFFF0CFFFFFFFF0C070000000C
310
FFFFFFFF0C03000000110D04666163650C0800000004FFFFFFFF0CFFFFFFFF0C090000000C0A0000000C060000000CFFFFFFFF0C0B0000000B0A0B110E09706572737562656E740E1061636164536F6C6964486973746F72790D066174747269620CFFFFFFFF04FFFFFFFF0C0C0000000CFFFFFFFF0C070000000401000000
310
04010000000400CA9A3B04E9030000110D04666163650C0D00000004FFFFFFFF0CFFFFFFFF0C0E0000000C0F0000000C060000000CFFFFFFFF0C100000000B0A0B110D046C6F6F700CFFFFFFFF04FFFFFFFF0CFFFFFFFF0CFFFFFFFF0C110000000C07000000110E05706C616E650D07737572666163650CFFFFFFFF04FFFF
310
FFFF0CFFFFFFFF1380904D46139AF23FF98005E5656B69C000000000000000001431441399B7F864BF7EF2C520F9FFEFBF0000000000000000148FB77BB4FBFF23403D15587FE5369ABF00000000000000000B0B0B0B0B110E0D4154545249425F435553544F4D0D066174747269620CFFFFFFFF04FFFFFFFF0CFFFFFFFF0C
310
080000000C07000000071667656E657269635F7461675F6174747269625F6465660403000000040300000004FFFFFFFF071767656E657269635F7461675F6174747269625F6465662004010000000403000000070331333204000000000401000000042D0100000400000000110E09706572737562656E740E106163616453
310
6F6C6964486973746F72790D066174747269620CFFFFFFFF04FFFFFFFF0C120000000CFFFFFFFF0C09000000040100000004010000000400CA9A3B04EA030000110D04666163650C1300000004FFFFFFFF0CFFFFFFFF0C140000000C150000000C060000000CFFFFFFFF0C160000000B0A0B110D046C6F6F700CFFFFFFFF04
310
FFFFFFFF0CFFFFFFFF0CFFFFFFFF0C170000000C09000000110E05706C616E650D07737572666163650CFFFFFFFF04FFFFFFFF0CFFFFFFFF1380904D46139AF23FD94000E5587B63C0000000000000000014000000000000F0BF0000000000000000000000000000000014000000000000008000000000000024C000000000
310
000000800B0B0B0B0B110D06636F656467650CFFFFFFFF04FFFFFFFF0CFFFFFFFF0C180000000C190000000CFFFFFFFF0C1A0000000A0C0A00000004000000000CFFFFFFFF110E0D4154545249425F435553544F4D0D066174747269620CFFFFFFFF04FFFFFFFF0CFFFFFFFF0C0D0000000C09000000071667656E65726963
310
5F7461675F6174747269625F6465660403000000040300000004FFFFFFFF071767656E657269635F7461675F6174747269625F6465662004010000000403000000070331333104000000000401000000042D0100000400000000110E09706572737562656E740E1061636164536F6C6964486973746F72790D066174747269
310
620CFFFFFFFF04FFFFFFFF0C1B0000000CFFFFFFFF0C0E000000040100000004010000000400CA9A3B04EB030000110D04666163650C1C00000004FFFFFFFF0CFFFFFFFF0C1D0000000C1E0000000C060000000CFFFFFFFF0C1F0000000B0A0B110D046C6F6F700CFFFFFFFF04FFFFFFFF0CFFFFFFFF0CFFFFFFFF0C200000
310
000C0E000000110E05706C616E650D07737572666163650CFFFFFFFF04FFFFFFFF0CFFFFFFFF136C73BB059CEB2140D94000E5587B63C00000000000000000140000000000000000000000000000F03F00000000000000001400000000000024C0000000000000000000000000000000000B0B0B0B0B110D06636F65646765
310
0CFFFFFFFF04FFFFFFFF0CFFFFFFFF0C210000000C220000000CFFFFFFFF0C230000000A0C0F00000004000000000CFFFFFFFF110D06636F656467650CFFFFFFFF04FFFFFFFF0CFFFFFFFF0C240000000C110000000CFFFFFFFF0C250000000B0C0A00000004000000000CFFFFFFFF110D06636F656467650CFFFFFFFF04FF
310
FFFFFF0CFFFFFFFF0C110000000C240000000C210000000C260000000A0C0A00000004000000000CFFFFFFFF110D04656467650C2700000004FFFFFFFF0CFFFFFFFF0C280000000600000000000000000C2900000006D62328242D40E93F0C110000000C2A0000000B0707756E6B6E6F776E110E0D4154545249425F435553
310
544F4D0D066174747269620CFFFFFFFF04FFFFFFFF0CFFFFFFFF0C130000000C0E000000071667656E657269635F7461675F6174747269625F6465660403000000040300000004FFFFFFFF071767656E657269635F7461675F6174747269625F6465662004010000000403000000070331333004000000000401000000042D
310
0100000400000000110E09706572737562656E740E1061636164536F6C6964486973746F72790D066174747269620CFFFFFFFF04FFFFFFFF0C2B0000000CFFFFFFFF0C14000000040100000004010000000400CA9A3B04EC030000110D04666163650C2C00000004FFFFFFFF0CFFFFFFFF0C2D0000000C2E0000000C060000
310
000CFFFFFFFF0C2F0000000B0A0B110D046C6F6F700CFFFFFFFF04FFFFFFFF0CFFFFFFFF0CFFFFFFFF0C300000000C14000000110E05706C616E650D07737572666163650CFFFFFFFF04FFFFFFFF0CFFFFFFFF136C73BB059CEB2140B5A238A98AA962C0000000000000000014000000000000F0BF00000000000000000000
310
00000000000014000000000000000000000000000024C000000000000000000B0B0B0B0B110D06636F656467650CFFFFFFFF04FFFFFFFF0CFFFFFFFF0C310000000C320000000CFFFFFFFF0C330000000B0C1500000004000000000CFFFFFFFF110D06636F656467650CFFFFFFFF04FFFFFFFF0CFFFFFFFF0C340000000C17
310
0000000C190000000C260000000B0C0F00000004000000000CFFFFFFFF110D06636F656467650CFFFFFFFF04FFFFFFFF0CFFFFFFFF0C170000000C340000000C310000000C350000000A0C0F00000004000000000CFFFFFFFF110D04656467650C3600000004FFFFFFFF0CFFFFFFFF0C290000000600000000000000000C37
310
00000006CC66AA99290013400C170000000C380000000B0707756E6B6E6F776E110D06636F656467650CFFFFFFFF04FFFFFFFF0CFFFFFFFF0C190000000C180000000CFFFFFFFF0C390000000A0C0A00000004000000000CFFFFFFFF110D04656467650C3A00000004FFFFFFFF0CFFFFFFFF0C280000000600000000000000
310
000C3B000000069A9999999999B93F0C180000000C3C0000000B0707756E6B6E6F776E110D04656467650CFFFFFFFF04FFFFFFFF0CFFFFFFFF0C290000000600000000000000000C3D000000069A9999999999B93F0C210000000C3E0000000B0707756E6B6E6F776E110E09706572737562656E740E1061636164536F6C69
310
64486973746F72790D066174747269620CFFFFFFFF04FFFFFFFF0C3F0000000CFFFFFFFF0C1A000000040100000004010000000400CA9A3B0439C70000110D067665727465780CFFFFFFFF04FFFFFFFF0CFFFFFFFF0C1A00000004000000000C40000000110D067665727465780CFFFFFFFF04FFFFFFFF0CFFFFFFFF0C1A00
310
000004010000000C41000000110E0873747261696768740D0563757276650CFFFFFFFF04FFFFFFFF0CFFFFFFFF134058C63B5B1B2240600BB6600B6C69C00000000000000000148FB77BB4FBFF23C03D15587FE5369A3F00000000000000000A0600000000000000000A06D62328242D40E93F110E0D4154545249425F4355
310
53544F4D0D066174747269620CFFFFFFFF04FFFFFFFF0CFFFFFFFF0C1C0000000C14000000071667656E657269635F7461675F6174747269625F6465660403000000040300000004FFFFFFFF071767656E657269635F7461675F6174747269625F646566200401000000040300000007033132390400000000040100000004
310
2D0100000400000000110E09706572737562656E740E1061636164536F6C6964486973746F72790D066174747269620CFFFFFFFF04FFFFFFFF0C420000000CFFFFFFFF0C1D000000040100000004010000000400CA9A3B04ED030000110D04666163650C4300000004FFFFFFFF0CFFFFFFFF0C440000000C450000000C0600
310
00000CFFFFFFFF0C460000000B0A0B110D046C6F6F700CFFFFFFFF04FFFFFFFF0CFFFFFFFF0CFFFFFFFF0C470000000C1D000000110E05706C616E650D07737572666163650CFFFFFFFF04FFFFFFFF0CFFFFFFFF1380904D46139AF23FB5A238A98AA962C00000000000000000140000000000000000000000000000F0BF00
310
00000000000000140000000000002440000000000000000000000000000000000B0B0B0B0B110D06636F656467650CFFFFFFFF04FFFFFFFF0CFFFFFFFF0C480000000C490000000CFFFFFFFF0C4A0000000B0C1E00000004000000000CFFFFFFFF110D06636F656467650CFFFFFFFF04FFFFFFFF0CFFFFFFFF0C4B0000000C
310
200000000C220000000C350000000B0C1500000004000000000CFFFFFFFF110D06636F656467650CFFFFFFFF04FFFFFFFF0CFFFFFFFF0C200000000C4B0000000C480000000C4C0000000A0C1500000004000000000CFFFFFFFF110D04656467650C4D00000004FFFFFFFF0CFFFFFFFF0C4E0000000600000000000000000C
310
37000000062D02B694C2F3E83F0C200000000C4F0000000B0707756E6B6E6F776E110D06636F656467650CFFFFFFFF04FFFFFFFF0CFFFFFFFF0C220000000C210000000CFFFFFFFF0C500000000A0C0F00000004000000000CFFFFFFFF110D04656467650CFFFFFFFF04FFFFFFFF0CFFFFFFFF0C3700000006000000000000
310
00000C51000000069A9999999999B93F0C310000000C520000000B0707756E6B6E6F776E110E09706572737562656E740E1061636164536F6C6964486973746F72790D066174747269620CFFFFFFFF04FFFFFFFF0C530000000CFFFFFFFF0C23000000040100000004010000000400CA9A3B043AC70000110D067665727465
310
780CFFFFFFFF04FFFFFFFF0CFFFFFFFF0C2300000004010000000C54000000110E0873747261696768740D0563757276650CFFFFFFFF04FFFFFFFF0CFFFFFFFF1380904D46139AF23FF98005E5656B69C00000000000000000140000000000000000000000000000244000000000000000000A0600000000000000000A06CC
310
66AA9929001340110D04656467650C5500000004FFFFFFFF0CFFFFFFFF0C3D00000006D62328242D40E9BF0C3B0000000600000000000000800C240000000C560000000B0707756E6B6E6F776E110E09706572737562656E740E1061636164536F6C6964486973746F72790D066174747269620CFFFFFFFF04FFFFFFFF0C57
310
0000000CFFFFFFFF0C25000000040100000004010000000400CA9A3B04D94D0200110D067665727465780CFFFFFFFF04FFFFFFFF0CFFFFFFFF0C2500000004010000000C58000000110E0873747261696768740D0563757276650CFFFFFFFF04FFFFFFFF0CFFFFFFFF134058C63B5B1B2240600BB6600B6C69C00000000000
310
000000140000000000000000000000000000000000000000000024400B0B110D067665727465780CFFFFFFFF04FFFFFFFF0CFFFFFFFF0C3900000004000000000C59000000110E0873747261696768740D0563757276650CFFFFFFFF04FFFFFFFF0CFFFFFFFF1380904D46139AF23FF98005E5656B69C00000000000000000
310
140000000000000000000000000000000000000000000024400B0B110E0D4154545249425F435553544F4D0D066174747269620CFFFFFFFF04FFFFFFFF0CFFFFFFFF0C270000000C1A000000071667656E657269635F7461675F6174747269625F6465660403000000040300000004FFFFFFFF071767656E657269635F7461
310
675F6174747269625F646566200401000000040300000007032D343804000000000401000000042D0100000400000000110D05706F696E740CFFFFFFFF04FFFFFFFF0CFFFFFFFF134058C63B5B1B2240600BB6600B6C69C00000000000000000110D05706F696E740CFFFFFFFF04FFFFFFFF0CFFFFFFFF1380904D46139AF2
310
3FF98005E5656B69C00000000000000000110E0D4154545249425F435553544F4D0D066174747269620CFFFFFFFF04FFFFFFFF0CFFFFFFFF0C2C0000000C1D000000071667656E657269635F7461675F6174747269625F6465660403000000040300000004FFFFFFFF071767656E657269635F7461675F6174747269625F64
310
65662004010000000403000000070331323804000000000401000000042D0100000400000000110E09706572737562656E740E1061636164536F6C6964486973746F72790D066174747269620CFFFFFFFF04FFFFFFFF0C5A0000000CFFFFFFFF0C2D000000040100000004010000000400CA9A3B04EE030000110D04666163
310
650C5B00000004FFFFFFFF0CFFFFFFFF0C5C0000000C5D0000000C060000000CFFFFFFFF0C5E0000000B0A0B110D046C6F6F700CFFFFFFFF04FFFFFFFF0CFFFFFFFF0CFFFFFFFF0C5F0000000C2D000000110E05706C616E650D07737572666163650CFFFFFFFF04FFFFFFFF0CFFFFFFFF1380904D46139AF23F2AC56652FB
310
7259C0000000000000000014000000000000F0BF0000000000000000000000000000000014000000000000000000000000000024C000000000000000000B0B0B0B0B110D06636F656467650CFFFFFFFF04FFFFFFFF0CFFFFFFFF0C600000000C610000000CFFFFFFFF0C620000000A0C2E00000004000000000CFFFFFFFF11
310
0D06636F656467650CFFFFFFFF04FFFFFFFF0CFFFFFFFF0C630000000C300000000C320000000C4C0000000B0C1E00000004000000000CFFFFFFFF110D06636F656467650CFFFFFFFF04FFFFFFFF0CFFFFFFFF0C300000000C630000000C600000000C640000000A0C1E00000004000000000CFFFFFFFF110D04656467650C
310
6500000004FFFFFFFF0CFFFFFFFF0C660000000600000000000000000C4E00000006309D5CFA05FBE43F0C300000000C670000000B0707756E6B6E6F776E110D06636F656467650CFFFFFFFF04FFFFFFFF0CFFFFFFFF0C320000000C310000000CFFFFFFFF0C680000000A0C1500000004000000000CFFFFFFFF110D046564
310
67650CFFFFFFFF04FFFFFFFF0CFFFFFFFF0C4E0000000600000000000000000C69000000069A9999999999B93F0C480000000C6A0000000B0707756E6B6E6F776E110E09706572737562656E740E1061636164536F6C6964486973746F72790D066174747269620CFFFFFFFF04FFFFFFFF0C6B0000000CFFFFFFFF0C330000
310
00040100000004010000000400CA9A3B043BC70000110D067665727465780CFFFFFFFF04FFFFFFFF0CFFFFFFFF0C3300000004000000000C6C000000110E0873747261696768740D0563757276650CFFFFFFFF04FFFFFFFF0CFFFFFFFF136C73BB059CEB2140D94000E5587B63C000000000000000001400000000000024C0
310
000000000000000000000000000000000A0600000000000000000A062D02B694C2F3E83F110D04656467650C6D00000004FFFFFFFF0CFFFFFFFF0C5100000006CC66AA99290013C00C3D0000000600000000000000800C340000000C6E0000000B0707756E6B6E6F776E110D067665727465780CFFFFFFFF04FFFFFFFF0CFF
310
FFFFFF0C5000000004000000000C6F000000110E0873747261696768740D0563757276650CFFFFFFFF04FFFFFFFF0CFFFFFFFF1380904D46139AF23FD94000E5587B63C00000000000000000140000000000000000000000000000000000000000000024400B0B110E0D4154545249425F435553544F4D0D06617474726962
310
0CFFFFFFFF04FFFFFFFF0CFFFFFFFF0C360000000C23000000071667656E657269635F7461675F6174747269625F6465660403000000040300000004FFFFFFFF071767656E657269635F7461675F6174747269625F646566200401000000040300000007032D343604000000000401000000042D0100000400000000110D05
310
706F696E740CFFFFFFFF04FFFFFFFF0CFFFFFFFF1380904D46139AF23FD94000E5587B63C00000000000000000110E09706572737562656E740E1061636164536F6C6964486973746F72790D066174747269620CFFFFFFFF04FFFFFFFF0C700000000CFFFFFFFF0C39000000040100000004010000000400CA9A3B0479D403
310
00110E0873747261696768740D0563757276650CFFFFFFFF04FFFFFFFF0CFFFFFFFF134058C63B5B1B2240600BB6600B6C69C0000000000000F03F148FB77BB4FBFF23403D15587FE5369ABF00000000000000000B0B110E0D4154545249425F435553544F4D0D066174747269620CFFFFFFFF04FFFFFFFF0CFFFFFFFF0C3A
310
0000000C25000000071667656E657269635F7461675F6174747269625F6465660403000000040300000004FFFFFFFF071767656E657269635F7461675F6174747269625F6465662004010000000403000000070331333404000000000401000000042D0100000400000000110D05706F696E740CFFFFFFFF04FFFFFFFF0CFF
310
FFFFFF134058C63B5B1B2240600BB6600B6C69C0000000000000F03F110D05706F696E740CFFFFFFFF04FFFFFFFF0CFFFFFFFF1380904D46139AF23FF98005E5656B69C0000000000000F03F110E0D4154545249425F435553544F4D0D066174747269620CFFFFFFFF04FFFFFFFF0CFFFFFFFF0C430000000C2D0000000716
310
67656E657269635F7461675F6174747269625F6465660403000000040300000004FFFFFFFF071767656E657269635F7461675F6174747269625F6465662004010000000403000000070331323704000000000401000000042D0100000400000000110E09706572737562656E740E1061636164536F6C6964486973746F7279
310
0D066174747269620CFFFFFFFF04FFFFFFFF0C710000000CFFFFFFFF0C44000000040100000004010000000400CA9A3B04EF030000110D04666163650C7200000004FFFFFFFF0CFFFFFFFF0C730000000C740000000C060000000CFFFFFFFF0C750000000B0A0B110D046C6F6F700CFFFFFFFF04FFFFFFFF0CFFFFFFFF0CFF
310
FFFFFF0C760000000C44000000110E05706C616E650D07737572666163650CFFFFFFFF04FFFFFFFF0CFFFFFFFF136C73BB059CEB2140CAD9C749467459C0000000000000000014630E3DAAEC38653F9B4871F6F8FFEF3F00000000000000001461CD069AFBFF23C0FC51CCD427879A3F00000000000000000B0B0B0B0B110D
310
06636F656467650CFFFFFFFF04FFFFFFFF0CFFFFFFFF0C770000000C780000000CFFFFFFFF0C790000000B0C4500000004000000000CFFFFFFFF110D06636F656467650CFFFFFFFF04FFFFFFFF0CFFFFFFFF0C7A0000000C470000000C490000000C640000000B0C2E00000004000000000CFFFFFFFF110D06636F65646765
310
0CFFFFFFFF04FFFFFFFF0CFFFFFFFF0C470000000C7A0000000C770000000C7B0000000A0C2E00000004000000000CFFFFFFFF110D04656467650C7C00000004FFFFFFFF0CFFFFFFFF0C660000000600000000000000000C7D000000062D02B694C2F3E83F0C470000000C7E0000000B0707756E6B6E6F776E110D06636F65
310
6467650CFFFFFFFF04FFFFFFFF0CFFFFFFFF0C490000000C480000000CFFFFFFFF0C7F0000000A0C1E00000004000000000CFFFFFFFF110D04656467650CFFFFFFFF04FFFFFFFF0CFFFFFFFF0C660000000600000000000000000C80000000069A9999999999B93F0C600000000C810000000B0707756E6B6E6F776E110E09
310
706572737562656E740E1061636164536F6C6964486973746F72790D066174747269620CFFFFFFFF04FFFFFFFF0C820000000CFFFFFFFF0C4A000000040100000004010000000400CA9A3B043CC70000110D067665727465780CFFFFFFFF04FFFFFFFF0CFFFFFFFF0C4A00000004000000000C83000000110E087374726169
310
6768740D0563757276650CFFFFFFFF04FFFFFFFF0CFFFFFFFF136C73BB059CEB2140B5A238A98AA962C0000000000000000014000000000000000000000000000024C000000000000000000A0600000000000000000A06309D5CFA05FBE43F110D04656467650C8400000004FFFFFFFF0CFFFFFFFF0C690000000600000000
310
000000000C51000000062D02B694C2F3E83F0C4B0000000C850000000B0707756E6B6E6F776E110D067665727465780CFFFFFFFF04FFFFFFFF0CFFFFFFFF0C6800000004000000000C86000000110E0873747261696768740D0563757276650CFFFFFFFF04FFFFFFFF0CFFFFFFFF136C73BB059CEB2140D94000E5587B63C0
310
0000000000000000140000000000000000000000000000000000000000000024400B0B110E0D4154545249425F435553544F4D0D066174747269620CFFFFFFFF04FFFFFFFF0CFFFFFFFF0C4D0000000C33000000071667656E657269635F7461675F6174747269625F6465660403000000040300000004FFFFFFFF07176765
310
6E657269635F7461675F6174747269625F646566200401000000040300000007032D343404000000000401000000042D0100000400000000110D05706F696E740CFFFFFFFF04FFFFFFFF0CFFFFFFFF136C73BB059CEB2140D94000E5587B63C00000000000000000110E09706572737562656E740E1061636164536F6C6964
310
486973746F72790D066174747269620CFFFFFFFF04FFFFFFFF0C870000000CFFFFFFFF0C50000000040100000004010000000400CA9A3B04DA4D0200110E0873747261696768740D0563757276650CFFFFFFFF04FFFFFFFF0CFFFFFFFF1380904D46139AF23FF98005E5656B69C0000000000000F03F140000000000000080
310
00000000000024C000000000000000800B0B110D05706F696E740CFFFFFFFF04FFFFFFFF0CFFFFFFFF1380904D46139AF23FD94000E5587B63C0000000000000F03F110E0D4154545249425F435553544F4D0D066174747269620CFFFFFFFF04FFFFFFFF0CFFFFFFFF0C550000000C39000000071667656E657269635F7461
310
675F6174747269625F6465660403000000040300000004FFFFFFFF071767656E657269635F7461675F6174747269625F64656620040100000004020000000702343804000000000401000000042D0100000400000000110E0D4154545249425F435553544F4D0D066174747269620CFFFFFFFF04FFFFFFFF0CFFFFFFFF0C5B
310
0000000C44000000071667656E657269635F7461675F6174747269625F6465660403000000040300000004FFFFFFFF071767656E657269635F7461675F6174747269625F6465662004010000000403000000070331323604000000000401000000042D0100000400000000110E09706572737562656E740E1061636164536F
310
6C6964486973746F72790D066174747269620CFFFFFFFF04FFFFFFFF0C880000000CFFFFFFFF0C5C000000040100000004010000000400CA9A3B04F0030000110D04666163650C8900000004FFFFFFFF0CFFFFFFFF0C8A0000000C8B0000000C060000000CFFFFFFFF0C8C0000000B0A0B110D046C6F6F700CFFFFFFFF04FF
310
FFFFFF0CFFFFFFFF0CFFFFFFFF0C8D0000000C5C000000110E05706C616E650D07737572666163650CFFFFFFFF04FFFFFFFF0CFFFFFFFF13A166725115536640CAD9C749467459C00000000000000000140000000000000000000000000000F03F00000000000000001400000000000024C000000000000000000000000000
310
0000000B0B0B0B0B110D06636F656467650CFFFFFFFF04FFFFFFFF0CFFFFFFFF0C8E0000000C8F0000000CFFFFFFFF0C900000000B0C5D00000004000000000CFFFFFFFF110D06636F656467650CFFFFFFFF04FFFFFFFF0CFFFFFFFF0C910000000C5F0000000C610000000C7B0000000B0C4500000004000000000CFFFFFF
310
FF110D06636F656467650CFFFFFFFF04FFFFFFFF0CFFFFFFFF0C5F0000000C910000000C8E0000000C920000000A0C4500000004000000000CFFFFFFFF110D04656467650C9300000004FFFFFFFF0CFFFFFFFF0C940000000600000000000000000C7D00000006CE66AA99290013400C5F0000000C950000000B0707756E6B
310
6E6F776E110D06636F656467650CFFFFFFFF04FFFFFFFF0CFFFFFFFF0C610000000C600000000CFFFFFFFF0C960000000A0C2E00000004000000000CFFFFFFFF110D04656467650CFFFFFFFF04FFFFFFFF0CFFFFFFFF0C7D0000000600000000000000000C97000000069A9999999999B93F0C770000000C980000000B0707
310
756E6B6E6F776E110E09706572737562656E740E1061636164536F6C6964486973746F72790D066174747269620CFFFFFFFF04FFFFFFFF0C990000000CFFFFFFFF0C62000000040100000004010000000400CA9A3B043DC70000110D067665727465780CFFFFFFFF04FFFFFFFF0CFFFFFFFF0C6200000004010000000C9A00
310
0000110E0873747261696768740D0563757276650CFFFFFFFF04FFFFFFFF0CFFFFFFFF136C73BB059CEB2140B5A238A98AA962C000000000000000001400000000000024C0000000000000000000000000000000000A0600000000000000000A062D02B694C2F3E83F110D04656467650C9B00000004FFFFFFFF0CFFFFFFFF
310
0C800000000600000000000000000C6900000006309D5CFA05FBE43F0C630000000C9C0000000B0707756E6B6E6F776E110D067665727465780CFFFFFFFF04FFFFFFFF0CFFFFFFFF0C7F00000004000000000C9D000000110E0873747261696768740D0563757276650CFFFFFFFF04FFFFFFFF0CFFFFFFFF136C73BB059CEB
310
2140B5A238A98AA962C00000000000000000140000000000000000000000000000000000000000000024400B0B110E0D4154545249425F435553544F4D0D066174747269620CFFFFFFFF04FFFFFFFF0CFFFFFFFF0C650000000C4A000000071667656E657269635F7461675F6174747269625F646566040300000004030000
310
0004FFFFFFFF071767656E657269635F7461675F6174747269625F646566200401000000040300000007032D343204000000000401000000042D0100000400000000110D05706F696E740CFFFFFFFF04FFFFFFFF0CFFFFFFFF136C73BB059CEB2140B5A238A98AA962C00000000000000000110E09706572737562656E740E
310
1061636164536F6C6964486973746F72790D066174747269620CFFFFFFFF04FFFFFFFF0C9E0000000CFFFFFFFF0C68000000040100000004010000000400CA9A3B04DB4D0200110E0873747261696768740D0563757276650CFFFFFFFF04FFFFFFFF0CFFFFFFFF136C73BB059CEB2140D94000E5587B63C0000000000000F0
310
3F1400000000000024C0000000000000000000000000000000000B0B110D05706F696E740CFFFFFFFF04FFFFFFFF0CFFFFFFFF137873BB059CEB2140D94000E5587B63C0000000000000F03F110E0D4154545249425F435553544F4D0D066174747269620CFFFFFFFF04FFFFFFFF0CFFFFFFFF0C6D0000000C500000000716
310
67656E657269635F7461675F6174747269625F6465660403000000040300000004FFFFFFFF071767656E657269635F7461675F6174747269625F64656620040100000004020000000702343604000000000401000000042D0100000400000000110E0D4154545249425F435553544F4D0D066174747269620CFFFFFFFF04FF
310
FFFFFF0CFFFFFFFF0C720000000C5C000000071667656E657269635F7461675F6174747269625F6465660403000000040300000004FFFFFFFF071767656E657269635F7461675F6174747269625F6465662004010000000403000000070331323504000000000401000000042D0100000400000000110E0970657273756265
310
6E740E1061636164536F6C6964486973746F72790D066174747269620CFFFFFFFF04FFFFFFFF0C9F0000000CFFFFFFFF0C73000000040100000004010000000400CA9A3B04F1030000110D04666163650CA000000004FFFFFFFF0CFFFFFFFF0CA10000000CA20000000C060000000CFFFFFFFF0CA30000000B0A0B110D046C
310
6F6F700CFFFFFFFF04FFFFFFFF0CFFFFFFFF0CFFFFFFFF0CA40000000C73000000110E05706C616E650D07737572666163650CFFFFFFFF04FFFFFFFF0CFFFFFFFF13A166725115536640C5711CC7711263C0000000000000000014000000000000F03F00000000000000000000000000000000140000000000000000000000
310
000000244000000000000000000B0B0B0B0B110D06636F656467650CFFFFFFFF04FFFFFFFF0CFFFFFFFF0CA50000000CA60000000CFFFFFFFF0CA70000000B0C7400000004000000000CFFFFFFFF110D06636F656467650CFFFFFFFF04FFFFFFFF0CFFFFFFFF0CA80000000C760000000C780000000C920000000B0C5D0000
310
0004000000000CFFFFFFFF110D06636F656467650CFFFFFFFF04FFFFFFFF0CFFFFFFFF0C760000000CA80000000CA50000000CA90000000A0C5D00000004000000000CFFFFFFFF110D04656467650CAA00000004FFFFFFFF0CFFFFFFFF0CAB0000000600000000000000000C94000000060E9F7D11C8F3E83F0C760000000C
310
AC0000000B0707756E6B6E6F776E110D06636F656467650CFFFFFFFF04FFFFFFFF0CFFFFFFFF0C780000000C770000000CFFFFFFFF0CAD0000000A0C4500000004000000000CFFFFFFFF110D04656467650CFFFFFFFF04FFFFFFFF0CFFFFFFFF0C940000000600000000000000000CAE000000069A9999999999B93F0C8E00
310
00000CAF0000000B0707756E6B6E6F776E110E09706572737562656E740E1061636164536F6C6964486973746F72790D066174747269620CFFFFFFFF04FFFFFFFF0CB00000000CFFFFFFFF0C79000000040100000004010000000400CA9A3B043EC70000110D067665727465780CFFFFFFFF04FFFFFFFF0CFFFFFFFF0C7900
310
000004000000000CB1000000110E0873747261696768740D0563757276650CFFFFFFFF04FFFFFFFF0CFFFFFFFF1380904D46139AF23F2AC56652FB7259C0000000000000000014000000000000000000000000000024C000000000000000000A0600000000000000000A06CE66AA9929001340110D04656467650CB2000000
310
04FFFFFFFF0CFFFFFFFF0C97000000062D02B694C2F3E8BF0C800000000600000000000000800C7A0000000CB30000000B0707756E6B6E6F776E110D067665727465780CFFFFFFFF04FFFFFFFF0CFFFFFFFF0C9600000004000000000CB4000000110E0873747261696768740D0563757276650CFFFFFFFF04FFFFFFFF0CFF
310
FFFFFF1380904D46139AF23FB5A238A98AA962C00000000000000000140000000000000000000000000000000000000000000024400B0B110E0D4154545249425F435553544F4D0D066174747269620CFFFFFFFF04FFFFFFFF0CFFFFFFFF0C7C0000000C62000000071667656E657269635F7461675F6174747269625F6465
310
660403000000040300000004FFFFFFFF071767656E657269635F7461675F6174747269625F646566200401000000040300000007032D343004000000000401000000042D0100000400000000110D05706F696E740CFFFFFFFF04FFFFFFFF0CFFFFFFFF1380904D46139AF23FB5A238A98AA962C00000000000000000110E09
310
706572737562656E740E1061636164536F6C6964486973746F72790D066174747269620CFFFFFFFF04FFFFFFFF0CB50000000CFFFFFFFF0C7F000000040100000004010000000400CA9A3B04DC4D0200110E0873747261696768740D0563757276650CFFFFFFFF04FFFFFFFF0CFFFFFFFF136C73BB059CEB2140B5A238A98A
310
A962C0000000000000F03F14000000000000000000000000000024C000000000000000000B0B110D05706F696E740CFFFFFFFF04FFFFFFFF0CFFFFFFFF137873BB059CEB2140B5A238A98AA962C0000000000000F03F110E0D4154545249425F435553544F4D0D066174747269620CFFFFFFFF04FFFFFFFF0CFFFFFFFF0C84
310
0000000C68000000071667656E657269635F7461675F6174747269625F6465660403000000040300000004FFFFFFFF071767656E657269635F7461675F6174747269625F64656620040100000004020000000702343404000000000401000000042D0100000400000000110E0D4154545249425F435553544F4D0D06617474
310
7269620CFFFFFFFF04FFFFFFFF0CFFFFFFFF0C890000000C73000000071667656E657269635F7461675F6174747269625F6465660403000000040300000004FFFFFFFF071767656E657269635F7461675F6174747269625F6465662004010000000403000000070331323404000000000401000000042D0100000400000000
310
110E09706572737562656E740E1061636164536F6C6964486973746F72790D066174747269620CFFFFFFFF04FFFFFFFF0CB60000000CFFFFFFFF0C8A000000040100000004010000000400CA9A3B04F2030000110D04666163650CB700000004FFFFFFFF0CFFFFFFFF0CB80000000CB90000000C060000000CFFFFFFFF0CBA
310
0000000B0A0B110D046C6F6F700CFFFFFFFF04FFFFFFFF0CFFFFFFFF0CFFFFFFFF0CBB0000000C8A000000110E05706C616E650D07737572666163650CFFFFFFFF04FFFFFFFF0CFFFFFFFF13600BB6600B6C6940C5711CC7711263C00000000000000000140000000000000000000000000000F03F00000000000000001400
310
000000000024C0000000000000008000000000000000800B0B0B0B0B110D06636F656467650CFFFFFFFF04FFFFFFFF0CFFFFFFFF0CBC0000000CBD0000000CFFFFFFFF0CBE0000000B0C8B00000004000000000CFFFFFFFF110D06636F656467650CFFFFFFFF04FFFFFFFF0CFFFFFFFF0CBF0000000C8D0000000C8F000000
310
0CA90000000B0C7400000004000000000CFFFFFFFF110D06636F656467650CFFFFFFFF04FFFFFFFF0CFFFFFFFF0C8D0000000CBF0000000CBC0000000CC00000000A0C7400000004000000000CFFFFFFFF110D04656467650CC100000004FFFFFFFF0CFFFFFFFF0CC20000000600000000000000000CAB00000006225945A7
310
AFF630400C8D0000000CC30000000B0707756E6B6E6F776E110D06636F656467650CFFFFFFFF04FFFFFFFF0CFFFFFFFF0C8F0000000C8E0000000CFFFFFFFF0CC40000000A0C5D00000004000000000CFFFFFFFF110D04656467650CFFFFFFFF04FFFFFFFF0CFFFFFFFF0CAB0000000600000000000000000CC5000000069A
310
9999999999B93F0CA50000000CC60000000B070774616E67656E74110E09706572737562656E740E1061636164536F6C6964486973746F72790D066174747269620CFFFFFFFF04FFFFFFFF0CC70000000CFFFFFFFF0C90000000040100000004010000000400CA9A3B043FC70000110D067665727465780CFFFFFFFF04FFFF
310
FFFF0CFFFFFFFF0C9000000004000000000CC8000000110E0873747261696768740D0563757276650CFFFFFFFF04FFFFFFFF0CFFFFFFFF136C73BB059CEB2140CAD9C749467459C000000000000000001461CD069AFBFF23C0FC51CCD427879A3F00000000000000000A0600000000000000000A060E9F7D11C8F3E83F110D
310
04656467650CC900000004FFFFFFFF0CFFFFFFFF0CAE0000000600000000000000000C9700000006CE66AA99290013400C910000000CCA0000000B0707756E6B6E6F776E110D067665727465780CFFFFFFFF04FFFFFFFF0CFFFFFFFF0CAD00000004000000000CCB000000110E0873747261696768740D0563757276650CFF
310
FFFFFF04FFFFFFFF0CFFFFFFFF1380904D46139AF23F2AC56652FB7259C00000000000000000140000000000000000000000000000000000000000000024400B0B110E0D4154545249425F435553544F4D0D066174747269620CFFFFFFFF04FFFFFFFF0CFFFFFFFF0C930000000C79000000071667656E657269635F746167
310
5F6174747269625F6465660403000000040300000004FFFFFFFF071767656E657269635F7461675F6174747269625F646566200401000000040300000007032D333804000000000401000000042D0100000400000000110D05706F696E740CFFFFFFFF04FFFFFFFF0CFFFFFFFF1380904D46139AF23F2AC56652FB7259C000
310
00000000000000110E09706572737562656E740E1061636164536F6C6964486973746F72790D066174747269620CFFFFFFFF04FFFFFFFF0CCC0000000CFFFFFFFF0C96000000040100000004010000000400CA9A3B04DD4D0200110E0873747261696768740D0563757276650CFFFFFFFF04FFFFFFFF0CFFFFFFFF136C73BB
310
059CEB2140B5A238A98AA962C0000000000000F03F140000000000002440000000000000000000000000000000000B0B110D05706F696E740CFFFFFFFF04FFFFFFFF0CFFFFFFFF1380904D46139AF23FB5A238A98AA962C0000000000000F03F110E0D4154545249425F435553544F4D0D066174747269620CFFFFFFFF04FF
310
FFFFFF0CFFFFFFFF0C9B0000000C7F000000071667656E657269635F7461675F6174747269625F6465660403000000040300000004FFFFFFFF071767656E657269635F7461675F6174747269625F64656620040100000004020000000702343204000000000401000000042D0100000400000000110E0D4154545249425F43
310
5553544F4D0D066174747269620CFFFFFFFF04FFFFFFFF0CFFFFFFFF0CA00000000C8A000000071667656E657269635F7461675F6174747269625F6465660403000000040300000004FFFFFFFF071767656E657269635F7461675F6174747269625F6465662004010000000403000000070331323304000000000401000000
310
042D0100000400000000110E09706572737562656E740E1061636164536F6C6964486973746F72790D066174747269620CFFFFFFFF04FFFFFFFF0CCD0000000CFFFFFFFF0CA1000000040100000004010000000400CA9A3B04F3030000110D04666163650CCE00000004FFFFFFFF0CFFFFFFFF0CCF0000000CD00000000C06
310
0000000CFFFFFFFF0CD10000000B0A0B110D046C6F6F700CFFFFFFFF04FFFFFFFF0CFFFFFFFF0CFFFFFFFF0CD20000000CA1000000110E05706C616E650D07737572666163650CFFFFFFFF04FFFFFFFF0CFFFFFFFF13600BB6600B6C6940123DB1BCCC4856C0000000000000000014000000000000F0BF0000000000000000
310
000000000000000014000000000000008000000000000024C000000000000000800B0B0B0B0B110D06636F656467650CFFFFFFFF04FFFFFFFF0CFFFFFFFF0CD30000000CD40000000CFFFFFFFF0CD50000000A0CA200000004000000000CFFFFFFFF110D06636F656467650CFFFFFFFF04FFFFFFFF0CFFFFFFFF0CD6000000
310
0CA40000000CA60000000CC00000000B0C8B00000004000000000CFFFFFFFF110D06636F656467650CFFFFFFFF04FFFFFFFF0CFFFFFFFF0CA40000000CD60000000CD30000000CD70000000A0C8B00000004000000000CFFFFFFFF110D04656467650CD800000004FFFFFFFF0CFFFFFFFF0CD9000000060000000000000000
310
0CC20000000632A9816DC84D14400CA40000000CDA0000000B0707756E6B6E6F776E110D06636F656467650CFFFFFFFF04FFFFFFFF0CFFFFFFFF0CA60000000CA50000000CFFFFFFFF0CDB0000000A0C7400000004000000000CFFFFFFFF110D04656467650CFFFFFFFF04FFFFFFFF0CFFFFFFFF0CC2000000060000000000
310
0000000CDC000000069A9999999999B93F0CBC0000000CDD0000000B0707756E6B6E6F776E110E09706572737562656E740E1061636164536F6C6964486973746F72790D066174747269620CFFFFFFFF04FFFFFFFF0CDE0000000CFFFFFFFF0CA7000000040100000004010000000400CA9A3B0440C70000110D0676657274
310
65780CFFFFFFFF04FFFFFFFF0CFFFFFFFF0CA700000004000000000CDF000000110E0873747261696768740D0563757276650CFFFFFFFF04FFFFFFFF0CFFFFFFFF13A166725115536640CAD9C749467459C000000000000000001400000000000024C0000000000000000000000000000000000A0600000000000000000A06
310
225945A7AFF63040110D04656467650CE000000004FFFFFFFF0CFFFFFFFF0CC50000000600000000000000000CAE000000060E9F7D11C8F3E83F0CA80000000CE10000000B0707756E6B6E6F776E110D067665727465780CFFFFFFFF04FFFFFFFF0CFFFFFFFF0CC400000004000000000CE2000000110E0873747261696768
310
740D0563757276650CFFFFFFFF04FFFFFFFF0CFFFFFFFF136473BB059CEB2140CAD9C749467459C00000000000000000140000000000000000000000000000000000000000000024400B0B110E0D4154545249425F435553544F4D0D066174747269620CFFFFFFFF04FFFFFFFF0CFFFFFFFF0CAA0000000C90000000071667
310
656E657269635F7461675F6174747269625F6465660403000000040300000004FFFFFFFF071767656E657269635F7461675F6174747269625F646566200401000000040300000007032D333604000000000401000000042D0100000400000000110D05706F696E740CFFFFFFFF04FFFFFFFF0CFFFFFFFF136473BB059CEB21
310
40CAD9C749467459C00000000000000000110E09706572737562656E740E1061636164536F6C6964486973746F72790D066174747269620CFFFFFFFF04FFFFFFFF0CE30000000CFFFFFFFF0CAD000000040100000004010000000400CA9A3B04DE4D0200110E0873747261696768740D0563757276650CFFFFFFFF04FFFFFF
310
FF0CFFFFFFFF1380904D46139AF23F2AC56652FB7259C0000000000000F03F14000000000000000000000000000024C000000000000000000B0B110D05706F696E740CFFFFFFFF04FFFFFFFF0CFFFFFFFF1380904D46139AF23F2AC56652FB7259C0000000000000F03F110E0D4154545249425F435553544F4D0D06617474
310
7269620CFFFFFFFF04FFFFFFFF0CFFFFFFFF0CB20000000C96000000071667656E657269635F7461675F6174747269625F6465660403000000040300000004FFFFFFFF071767656E657269635F7461675F6174747269625F64656620040100000004020000000702343004000000000401000000042D010000040000000011
310
0E0D4154545249425F435553544F4D0D066174747269620CFFFFFFFF04FFFFFFFF0CFFFFFFFF0CB70000000CA1000000071667656E657269635F7461675F6174747269625F6465660403000000040300000004FFFFFFFF071767656E657269635F7461675F6174747269625F64656620040100000004030000000703313232
310
04000000000401000000042D0100000400000000110E09706572737562656E740E1061636164536F6C6964486973746F72790D066174747269620CFFFFFFFF04FFFFFFFF0CE40000000CFFFFFFFF0CB8000000040100000004010000000400CA9A3B04F4030000110D04666163650CE500000004FFFFFFFF0CFFFFFFFF0CE6
310
0000000CE70000000C060000000CFFFFFFFF0CE80000000B0A0B110D046C6F6F700CFFFFFFFF04FFFFFFFF0CFFFFFFFF0CFFFFFFFF0CE90000000CB8000000110E05706C616E650D07737572666163650CFFFFFFFF04FFFFFFFF0CFFFFFFFF13E8933EE993637940FB3CB1BCCC4856C000000000000000001406B4EAFA29F9
310
DDBC000000000000F03F00000000000000001400000000000024C084B0D23CBABB12BD00000000000000800B0B0B0B0B110D06636F656467650CFFFFFFFF04FFFFFFFF0CFFFFFFFF0CEA0000000CEB0000000CFFFFFFFF0CEC0000000A0CB900000004000000000CFFFFFFFF110D06636F656467650CFFFFFFFF04FFFFFFFF
310
0CFFFFFFFF0CED0000000CBB0000000CBD0000000CD70000000B0CA200000004000000000CFFFFFFFF110D06636F656467650CFFFFFFFF04FFFFFFFF0CFFFFFFFF0CBB0000000CED0000000CEA0000000CEE0000000A0CA200000004000000000CFFFFFFFF110D04656467650CEF00000004FFFFFFFF0CFFFFFFFF0CD90000
310
000600000000000000000CF000000006601EE494F3D203400CBB0000000CF10000000B0707756E6B6E6F776E110D06636F656467650CFFFFFFFF04FFFFFFFF0CFFFFFFFF0CBD0000000CBC0000000CFFFFFFFF0CF20000000A0C8B00000004000000000CFFFFFFFF110D04656467650CFFFFFFFF04FFFFFFFF0CFFFFFFFF0C
310
D90000000600000000000000000CF3000000069A9999999999B93F0CD30000000CF40000000B0707756E6B6E6F776E110E09706572737562656E740E1061636164536F6C6964486973746F72790D066174747269620CFFFFFFFF04FFFFFFFF0CF50000000CFFFFFFFF0CBE000000040100000004010000000400CA9A3B0441
310
C70000110D067665727465780CFFFFFFFF04FFFFFFFF0CFFFFFFFF0CBE00000004000000000CF6000000110E0873747261696768740D0563757276650CFFFFFFFF04FFFFFFFF0CFFFFFFFF13A166725115536640C5711CC7711263C00000000000000000140000000000000000000000000000244000000000000000000A06
310
00000000000000000A0632A9816DC84D1440110D04656467650CF700000004FFFFFFFF0CFFFFFFFF0CDC0000000600000000000000000CC500000006225945A7AFF630400CBF0000000CF80000000B0707756E6B6E6F776E110D067665727465780CFFFFFFFF04FFFFFFFF0CFFFFFFFF0CDB00000004000000000CF9000000
310
110E0873747261696768740D0563757276650CFFFFFFFF04FFFFFFFF0CFFFFFFFF13A166725115536640CAD9C749467459C00000000000000000140000000000000000000000000000000000000000000024400B0B110E0D4154545249425F435553544F4D0D066174747269620CFFFFFFFF04FFFFFFFF0CFFFFFFFF0CC100
310
00000CA7000000071667656E657269635F7461675F6174747269625F6465660403000000040300000004FFFFFFFF071767656E657269635F7461675F6174747269625F646566200401000000040300000007032D333404000000000401000000042D0100000400000000110D05706F696E740CFFFFFFFF04FFFFFFFF0CFFFF
310
FFFF13A166725115536640CAD9C749467459C00000000000000000110E09706572737562656E740E1061636164536F6C6964486973746F72790D066174747269620CFFFFFFFF04FFFFFFFF0CFA0000000CFFFFFFFF0CC4000000040100000004010000000400CA9A3B04DF4D0200110E0873747261696768740D0563757276
310
650CFFFFFFFF04FFFFFFFF0CFFFFFFFF136C73BB059CEB2140CAD9C749467459C0000000000000F03F1461CD069AFBFF23C0FC51CCD427879A3F00000000000000000B0B110D05706F696E740CFFFFFFFF04FFFFFFFF0CFFFFFFFF135073BB059CEB2140CAD9C749467459C0000000000000F03F110E0D4154545249425F43
310
5553544F4D0D066174747269620CFFFFFFFF04FFFFFFFF0CFFFFFFFF0CC90000000CAD000000071667656E657269635F7461675F6174747269625F6465660403000000040300000004FFFFFFFF071767656E657269635F7461675F6174747269625F6465662004010000000402000000070233380400000000040100000004
310
2D0100000400000000110E0D4154545249425F435553544F4D0D066174747269620CFFFFFFFF04FFFFFFFF0CFFFFFFFF0CCE0000000CB8000000071667656E657269635F7461675F6174747269625F6465660403000000040300000004FFFFFFFF071767656E657269635F7461675F6174747269625F646566200401000000
310
0403000000070331323104000000000401000000042D0100000400000000110E09706572737562656E740E1061636164536F6C6964486973746F72790D066174747269620CFFFFFFFF04FFFFFFFF0CFB0000000CFFFFFFFF0CCF000000040100000004010000000400CA9A3B04F5030000110D04666163650CFC00000004FF
310
FFFFFF0CFFFFFFFF0CFD0000000CFE0000000C060000000CFFFFFFFF0CFF0000000B0A0B110D046C6F6F700CFFFFFFFF04FFFFFFFF0CFFFFFFFF0CFFFFFFFF0C000100000CCF000000110E05706C616E650D07737572666163650CFFFFFFFF04FFFFFFFF0CFFFFFFFF13E8933EE993637940C5711CC7711263C00000000000
310
00000014000000000000F03F00000000000000000000000000000000140000000000000000000000000000244000000000000000000B0B0B0B0B110D06636F656467650CFFFFFFFF04FFFFFFFF0CFFFFFFFF0C010100000C020100000CFFFFFFFF0C030100000A0CD000000004000000000CFFFFFFFF110D06636F65646765
310
0CFFFFFFFF04FFFFFFFF0CFFFFFFFF0C040100000CD20000000CD40000000CEE0000000B0CB900000004000000000CFFFFFFFF110D06636F656467650CFFFFFFFF04FFFFFFFF0CFFFFFFFF0CD20000000C040100000C010100000C050100000A0CB900000004000000000CFFFFFFFF110D04656467650C0601000004FFFFFF
310
FF0CFFFFFFFF0CF00000000600000000000000000C0701000006F2A37282246019400CD20000000C080100000B0707756E6B6E6F776E110D06636F656467650CFFFFFFFF04FFFFFFFF0CFFFFFFFF0CD40000000CD30000000CFFFFFFFF0C090100000A0CA200000004000000000CFFFFFFFF110D04656467650CFFFFFFFF04
310
FFFFFFFF0CFFFFFFFF0CF00000000600000000000000000C0A010000069A9999999999B93F0CEA0000000C0B0100000B0707756E6B6E6F776E110E09706572737562656E740E1061636164536F6C6964486973746F72790D066174747269620CFFFFFFFF04FFFFFFFF0C0C0100000CFFFFFFFF0CD500000004010000000401
310
0000000400CA9A3B0442C70000110D067665727465780CFFFFFFFF04FFFFFFFF0CFFFFFFFF0CD500000004010000000C0D010000110E0873747261696768740D0563757276650CFFFFFFFF04FFFFFFFF0CFFFFFFFF13A166725115536640C5711CC7711263C000000000000000001400000000000024400000000000000000
310
00000000000000000A0600000000000000000A06601EE494F3D20340110D04656467650C0E01000004FFFFFFFF0CFFFFFFFF0CF30000000600000000000000000CDC0000000632A9816DC84D14400CD60000000C0F0100000B0707756E6B6E6F776E110D067665727465780CFFFFFFFF04FFFFFFFF0CFFFFFFFF0CF2000000
310
04000000000C10010000110E0873747261696768740D0563757276650CFFFFFFFF04FFFFFFFF0CFFFFFFFF13A166725115536640C5711CC7711263C00000000000000000140000000000000000000000000000000000000000000024400B0B110E0D4154545249425F435553544F4D0D066174747269620CFFFFFFFF04FFFF
310
FFFF0CFFFFFFFF0CD80000000CBE000000071667656E657269635F7461675F6174747269625F6465660403000000040300000004FFFFFFFF071767656E657269635F7461675F6174747269625F646566200401000000040300000007032D333204000000000401000000042D0100000400000000110D05706F696E740CFFFF
310
FFFF04FFFFFFFF0CFFFFFFFF13A166725115536640C5711CC7711263C00000000000000000110E09706572737562656E740E1061636164536F6C6964486973746F72790D066174747269620CFFFFFFFF04FFFFFFFF0C110100000CFFFFFFFF0CDB000000040100000004010000000400CA9A3B04E04D0200110E0873747261
310
696768740D0563757276650CFFFFFFFF04FFFFFFFF0CFFFFFFFF13A166725115536640CAD9C749467459C0000000000000F03F1400000000000024C0000000000000000000000000000000000B0B110D05706F696E740CFFFFFFFF04FFFFFFFF0CFFFFFFFF13A266725115536640CAD9C749467459C0000000000000F03F11
310
0E0D4154545249425F435553544F4D0D066174747269620CFFFFFFFF04FFFFFFFF0CFFFFFFFF0CE00000000CC4000000071667656E657269635F7461675F6174747269625F6465660403000000040300000004FFFFFFFF071767656E657269635F7461675F6174747269625F64656620040100000004020000000702333604
310
000000000401000000042D0100000400000000110E0D4154545249425F435553544F4D0D066174747269620CFFFFFFFF04FFFFFFFF0CFFFFFFFF0CE50000000CCF000000071667656E657269635F7461675F6174747269625F6465660403000000040300000004FFFFFFFF071767656E657269635F7461675F617474726962
310
5F6465662004010000000403000000070331323004000000000401000000042D0100000400000000110E09706572737562656E740E1061636164536F6C6964486973746F72790D066174747269620CFFFFFFFF04FFFFFFFF0C120100000CFFFFFFFF0CE6000000040100000004010000000400CA9A3B04F6030000110D0466
310
6163650C1301000004FFFFFFFF0CFFFFFFFF0C140100000C150100000C060000000CFFFFFFFF0C160100000B0A0B110D046C6F6F700CFFFFFFFF04FFFFFFFF0CFFFFFFFF0CFFFFFFFF0C170100000CE6000000110E05706C616E650D07737572666163650CFFFFFFFF04FFFFFFFF0CFFFFFFFF134066E0F00EF07A40D3711C
310
C7711263C00000000000000000147C4D873698C1113D000000000000F03F00000000000000001400000000000024C0DB202944FE31463D00000000000000000B0B0B0B0B110D06636F656467650CFFFFFFFF04FFFFFFFF0CFFFFFFFF0C180100000C190100000CFFFFFFFF0C1A0100000B0CE700000004000000000CFFFFFF
310
FF110D06636F656467650CFFFFFFFF04FFFFFFFF0CFFFFFFFF0C1B0100000CE90000000CEB0000000C050100000B0CD000000004000000000CFFFFFFFF110D06636F656467650CFFFFFFFF04FFFFFFFF0CFFFFFFFF0CE90000000C1B0100000C180100000C1C0100000A0CD000000004000000000CFFFFFFFF110D04656467
310
650C1D01000004FFFFFFFF0CFFFFFFFF0C070100000600000000000000000C1E010000068DE3388EE34834400CE90000000C1F0100000B0707756E6B6E6F776E110D06636F656467650CFFFFFFFF04FFFFFFFF0CFFFFFFFF0CEB0000000CEA0000000CFFFFFFFF0C200100000A0CB900000004000000000CFFFFFFFF110D04
310
656467650CFFFFFFFF04FFFFFFFF0CFFFFFFFF0C070100000600000000000000000C21010000069A9999999999B93F0C010100000C220100000B0707756E6B6E6F776E110E09706572737562656E740E1061636164536F6C6964486973746F72790D066174747269620CFFFFFFFF04FFFFFFFF0C230100000CFFFFFFFF0CEC
310
000000040100000004010000000400CA9A3B0443C70000110D067665727465780CFFFFFFFF04FFFFFFFF0CFFFFFFFF0CEC00000004010000000C24010000110E0873747261696768740D0563757276650CFFFFFFFF04FFFFFFFF0CFFFFFFFF13600BB6600B6C6940C5711CC7711263C0000000000000000014000000000000
310
0000000000000000244000000000000000000A0600000000000000000A06F2A3728224601940110D04656467650C2501000004FFFFFFFF0CFFFFFFFF0C0A01000006601EE494F3D203C00CF30000000600000000000000800CED0000000C260100000B0707756E6B6E6F776E110D067665727465780CFFFFFFFF04FFFFFFFF
310
0CFFFFFFFF0C0901000004000000000C27010000110E0873747261696768740D0563757276650CFFFFFFFF04FFFFFFFF0CFFFFFFFF13600BB6600B6C6940C5711CC7711263C00000000000000000140000000000000000000000000000000000000000000024400B0B110E0D4154545249425F435553544F4D0D0661747472
310
69620CFFFFFFFF04FFFFFFFF0CFFFFFFFF0CEF0000000CD5000000071667656E657269635F7461675F6174747269625F6465660403000000040300000004FFFFFFFF071767656E657269635F7461675F6174747269625F646566200401000000040300000007032D333004000000000401000000042D010000040000000011
310
0D05706F696E740CFFFFFFFF04FFFFFFFF0CFFFFFFFF13600BB6600B6C6940C5711CC7711263C00000000000000000110E09706572737562656E740E1061636164536F6C6964486973746F72790D066174747269620CFFFFFFFF04FFFFFFFF0C280100000CFFFFFFFF0CF2000000040100000004010000000400CA9A3B04E1
310
4D0200110E0873747261696768740D0563757276650CFFFFFFFF04FFFFFFFF0CFFFFFFFF13A166725115536640C5711CC7711263C0000000000000F03F140000000000000000000000000000244000000000000000000B0B110D05706F696E740CFFFFFFFF04FFFFFFFF0CFFFFFFFF13A266725115536640C5711CC7711263
310
C0000000000000F03F110E0D4154545249425F435553544F4D0D066174747269620CFFFFFFFF04FFFFFFFF0CFFFFFFFF0CF70000000CDB000000071667656E657269635F7461675F6174747269625F6465660403000000040300000004FFFFFFFF071767656E657269635F7461675F6174747269625F646566200401000000
310
04020000000702333404000000000401000000042D0100000400000000110E0D4154545249425F435553544F4D0D066174747269620CFFFFFFFF04FFFFFFFF0CFFFFFFFF0CFC0000000CE6000000071667656E657269635F7461675F6174747269625F6465660403000000040300000004FFFFFFFF071767656E657269635F
310
7461675F6174747269625F6465662004010000000403000000070331313904000000000401000000042D0100000400000000110E09706572737562656E740E1061636164536F6C6964486973746F72790D066174747269620CFFFFFFFF04FFFFFFFF0C290100000CFFFFFFFF0CFD000000040100000004010000000400CA9A
310
3B04F7030000110D04666163650C2A01000004FFFFFFFF0CFFFFFFFF0C2B0100000C2C0100000C060000000CFFFFFFFF0C2D0100000B0A0B110D046C6F6F700CFFFFFFFF04FFFFFFFF0CFFFFFFFF0CFFFFFFFF0C2E0100000CFD000000110E05706C616E650D07737572666163650CFFFFFFFF04FFFFFFFF0CFFFFFFFF1340
310
66E0F00EF07A40E1D9C749467459C0000000000000000014000000000000F0BF0000000000000000000000000000000014000000000000008000000000000024C000000000000000800B0B0B0B0B110D06636F656467650CFFFFFFFF04FFFFFFFF0CFFFFFFFF0C2F0100000C300100000CFFFFFFFF0C310100000B0CFE0000
310
0004000000000CFFFFFFFF110D06636F656467650CFFFFFFFF04FFFFFFFF0CFFFFFFFF0C320100000C000100000C020100000C1C0100000B0CE700000004000000000CFFFFFFFF110D06636F656467650CFFFFFFFF04FFFFFFFF0CFFFFFFFF0C000100000C320100000C2F0100000C330100000A0CE700000004000000000C
310
FFFFFFFF110D04656467650C3401000004FFFFFFFF0CFFFFFFFF0C350100000600000000000000000C1E0100000618A47282246019400C000100000C360100000B0707756E6B6E6F776E110D06636F656467650CFFFFFFFF04FFFFFFFF0CFFFFFFFF0C020100000C010100000CFFFFFFFF0C370100000A0CD0000000040000
310
00000CFFFFFFFF110D04656467650CFFFFFFFF04FFFFFFFF0CFFFFFFFF0C1E0100000600000000000000000C38010000069A9999999999B93F0C180100000C390100000B0707756E6B6E6F776E110E09706572737562656E740E1061636164536F6C6964486973746F72790D066174747269620CFFFFFFFF04FFFFFFFF0C3A
310
0100000CFFFFFFFF0C03010000040100000004010000000400CA9A3B0444C70000110D067665727465780CFFFFFFFF04FFFFFFFF0CFFFFFFFF0C0301000004010000000C3B010000110E0873747261696768740D0563757276650CFFFFFFFF04FFFFFFFF0CFFFFFFFF13600BB6600B6C6940123DB1BCCC4856C00000000000
310
00000014000000000000244084B0D23CBABB123D00000000000000000A0600000000000000000A068DE3388EE3483440110D04656467650C3C01000004FFFFFFFF0CFFFFFFFF0C2101000006F2A37282246019C00C0A0100000600000000000000800C040100000C3D0100000B0707756E6B6E6F776E110D06766572746578
310
0CFFFFFFFF04FFFFFFFF0CFFFFFFFF0C2001000004000000000C3E010000110E0873747261696768740D0563757276650CFFFFFFFF04FFFFFFFF0CFFFFFFFF13600BB6600B6C6940123DB1BCCC4856C00000000000000000140000000000000000000000000000000000000000000024400B0B110E0D4154545249425F4355
310
53544F4D0D066174747269620CFFFFFFFF04FFFFFFFF0CFFFFFFFF0C060100000CEC000000071667656E657269635F7461675F6174747269625F6465660403000000040300000004FFFFFFFF071767656E657269635F7461675F6174747269625F646566200401000000040300000007032D32380400000000040100000004
310
2D0100000400000000110D05706F696E740CFFFFFFFF04FFFFFFFF0CFFFFFFFF13600BB6600B6C6940123DB1BCCC4856C00000000000000000110E09706572737562656E740E1061636164536F6C6964486973746F72790D066174747269620CFFFFFFFF04FFFFFFFF0C3F0100000CFFFFFFFF0C0901000004010000000401
310
0000000400CA9A3B04E24D0200110E0873747261696768740D0563757276650CFFFFFFFF04FFFFFFFF0CFFFFFFFF13A166725115536640C5711CC7711263C0000000000000F03F1400000000000024C0000000000000008000000000000000800B0B110D05706F696E740CFFFFFFFF04FFFFFFFF0CFFFFFFFF13610BB6600B
310
6C6940C5711CC7711263C0000000000000F03F110E0D4154545249425F435553544F4D0D066174747269620CFFFFFFFF04FFFFFFFF0CFFFFFFFF0C0E0100000CF2000000071667656E657269635F7461675F6174747269625F6465660403000000040300000004FFFFFFFF071767656E657269635F7461675F617474726962
310
5F64656620040100000004020000000702333204000000000401000000042D0100000400000000110E0D4154545249425F435553544F4D0D066174747269620CFFFFFFFF04FFFFFFFF0CFFFFFFFF0C130100000CFD000000071667656E657269635F7461675F6174747269625F6465660403000000040300000004FFFFFFFF
310
071767656E657269635F7461675F6174747269625F6465662004010000000403000000070331313804000000000401000000042D0100000400000000110E09706572737562656E740E1061636164536F6C6964486973746F72790D066174747269620CFFFFFFFF04FFFFFFFF0C400100000CFFFFFFFF0C1401000004010000
310
0004010000000400CA9A3B04F8030000110D04666163650C4101000004FFFFFFFF0CFFFFFFFF0C420100000C430100000C060000000CFFFFFFFF0C440100000B0A0B110D046C6F6F700CFFFFFFFF04FFFFFFFF0CFFFFFFFF0CFFFFFFFF0C450100000C14010000110E05706C616E650D07737572666163650CFFFFFFFF04FF
310
FFFFFF0CFFFFFFFF13FCDEB55C1EC58240E1D9C749467459C00000000000000000140000000000000000000000000000F03F00000000000000001400000000000024C0000000000000000000000000000000000B0B0B0B0B110D06636F656467650CFFFFFFFF04FFFFFFFF0CFFFFFFFF0C460100000C470100000CFFFFFFFF
310
0C480100000A0C1501000004000000000CFFFFFFFF110D06636F656467650CFFFFFFFF04FFFFFFFF0CFFFFFFFF0C490100000C170100000C190100000C330100000B0CFE00000004000000000CFFFFFFFF110D06636F656467650CFFFFFFFF04FFFFFFFF0CFFFFFFFF0C170100000C490100000C460100000C4A0100000A0C
310
FE00000004000000000CFFFFFFFF110D04656467650C4B01000004FFFFFFFF0CFFFFFFFF0C4C0100000600000000000000000C3501000006001EE494F3D203400C170100000C4D0100000B0707756E6B6E6F776E110D06636F656467650CFFFFFFFF04FFFFFFFF0CFFFFFFFF0C190100000C180100000CFFFFFFFF0C4E0100
310
000A0CE700000004000000000CFFFFFFFF110D04656467650CFFFFFFFF04FFFFFFFF0CFFFFFFFF0C350100000600000000000000000C4F010000069A9999999999B93F0C2F0100000C500100000B0707756E6B6E6F776E110E09706572737562656E740E1061636164536F6C6964486973746F72790D066174747269620CFF
310
FFFFFF04FFFFFFFF0C510100000CFFFFFFFF0C1A010000040100000004010000000400CA9A3B0445C70000110D067665727465780CFFFFFFFF04FFFFFFFF0CFFFFFFFF0C1A01000004000000000C52010000110E0873747261696768740D0563757276650CFFFFFFFF04FFFFFFFF0CFFFFFFFF13E8933EE993637940C5711C
310
C7711263C00000000000000000140000000000000000000000000000244000000000000000000A0600000000000000000A0618A4728224601940110D04656467650C5301000004FFFFFFFF0CFFFFFFFF0C38010000068DE3388EE34834C00C210100000600000000000000800C1B0100000C540100000B0707756E6B6E6F77
310
6E110D067665727465780CFFFFFFFF04FFFFFFFF0CFFFFFFFF0C3701000004000000000C55010000110E0873747261696768740D0563757276650CFFFFFFFF04FFFFFFFF0CFFFFFFFF13E8933EE993637940FB3CB1BCCC4856C00000000000000000140000000000000000000000000000000000000000000024400B0B110E
310
0D4154545249425F435553544F4D0D066174747269620CFFFFFFFF04FFFFFFFF0CFFFFFFFF0C1D0100000C03010000071667656E657269635F7461675F6174747269625F6465660403000000040300000004FFFFFFFF071767656E657269635F7461675F6174747269625F646566200401000000040300000007032D323604
310
000000000401000000042D0100000400000000110D05706F696E740CFFFFFFFF04FFFFFFFF0CFFFFFFFF13E8933EE993637940FB3CB1BCCC4856C00000000000000000110E09706572737562656E740E1061636164536F6C6964486973746F72790D066174747269620CFFFFFFFF04FFFFFFFF0C560100000CFFFFFFFF0C20
310
010000040100000004010000000400CA9A3B04E34D0200110E0873747261696768740D0563757276650CFFFFFFFF04FFFFFFFF0CFFFFFFFF13600BB6600B6C6940C5711CC7711263C0000000000000F03F14000000000000008000000000000024C000000000000000800B0B110D05706F696E740CFFFFFFFF04FFFFFFFF0C
310
FFFFFFFF13610BB6600B6C6940123DB1BCCC4856C0000000000000F03F110E0D4154545249425F435553544F4D0D066174747269620CFFFFFFFF04FFFFFFFF0CFFFFFFFF0C250100000C09010000071667656E657269635F7461675F6174747269625F6465660403000000040300000004FFFFFFFF071767656E657269635F
310
7461675F6174747269625F64656620040100000004020000000702333004000000000401000000042D0100000400000000110E0D4154545249425F435553544F4D0D066174747269620CFFFFFFFF04FFFFFFFF0CFFFFFFFF0C2A0100000C14010000071667656E657269635F7461675F6174747269625F6465660403000000
310
040300000004FFFFFFFF071767656E657269635F7461675F6174747269625F6465662004010000000403000000070331313704000000000401000000042D0100000400000000110E09706572737562656E740E1061636164536F6C6964486973746F72790D066174747269620CFFFFFFFF04FFFFFFFF0C570100000CFFFFFF
310
FF0C2B010000040100000004010000000400CA9A3B04F9030000110D04666163650C5801000004FFFFFFFF0CFFFFFFFF0C590100000C5A0100000C060000000CFFFFFFFF0C5B0100000B0A0B110D046C6F6F700CFFFFFFFF04FFFFFFFF0CFFFFFFFF0CFFFFFFFF0C5C0100000C2B010000110E05706C616E650D0773757266
310
6163650CFFFFFFFF04FFFFFFFF0CFFFFFFFF13B5422AC37F0383402AC56652FB7259C0000000000000000014163009AAEC3865BFBD4871F6F8FFEF3F00000000000000001476CD069AFBFF23C01C7C8BD427879ABF00000000000000800B0B0B0B0B110D06636F656467650CFFFFFFFF04FFFFFFFF0CFFFFFFFF0C5D010000
310
0C5E0100000CFFFFFFFF0C5F0100000B0C2C01000004000000000CFFFFFFFF110D06636F656467650CFFFFFFFF04FFFFFFFF0CFFFFFFFF0C600100000C2E0100000C300100000C4A0100000B0C1501000004000000000CFFFFFFFF110D06636F656467650CFFFFFFFF04FFFFFFFF0CFFFFFFFF0C2E0100000C600100000C5D
310
0100000C610100000A0C1501000004000000000CFFFFFFFF110D04656467650C6201000004FFFFFFFF0CFFFFFFFF0C4C0100000600000000000000000C63010000063AA9816DC84D14400C2E0100000C640100000B0707756E6B6E6F776E110D06636F656467650CFFFFFFFF04FFFFFFFF0CFFFFFFFF0C300100000C2F0100
310
000CFFFFFFFF0C650100000A0CFE00000004000000000CFFFFFFFF110D04656467650CFFFFFFFF04FFFFFFFF0CFFFFFFFF0C4C0100000600000000000000000C66010000069A9999999999B93F0C460100000C670100000B0707756E6B6E6F776E110E09706572737562656E740E1061636164536F6C6964486973746F7279
310
0D066174747269620CFFFFFFFF04FFFFFFFF0C680100000CFFFFFFFF0C31010000040100000004010000000400CA9A3B0446C70000110D067665727465780CFFFFFFFF04FFFFFFFF0CFFFFFFFF0C3101000004000000000C69010000110E0873747261696768740D0563757276650CFFFFFFFF04FFFFFFFF0CFFFFFFFF1340
310
66E0F00EF07A40D3711CC7711263C000000000000000001400000000000024C0DB202944FE31463D00000000000000000A0600000000000000000A06001EE494F3D20340110D04656467650C6A01000004FFFFFFFF0CFFFFFFFF0C4F0100000600000000000000000C380100000618A47282246019400C320100000C6B0100
310
000B0707756E6B6E6F776E110D067665727465780CFFFFFFFF04FFFFFFFF0CFFFFFFFF0C4E01000004000000000C6C010000110E0873747261696768740D0563757276650CFFFFFFFF04FFFFFFFF0CFFFFFFFF13E8933EE993637940C5711CC7711263C0000000000000000014000000000000000000000000000000000000
310
0000000024400B0B110E0D4154545249425F435553544F4D0D066174747269620CFFFFFFFF04FFFFFFFF0CFFFFFFFF0C340100000C1A010000071667656E657269635F7461675F6174747269625F6465660403000000040300000004FFFFFFFF071767656E657269635F7461675F6174747269625F64656620040100000004
310
0300000007032D323404000000000401000000042D0100000400000000110D05706F696E740CFFFFFFFF04FFFFFFFF0CFFFFFFFF13E8933EE993637940C5711CC7711263C00000000000000000110E09706572737562656E740E1061636164536F6C6964486973746F72790D066174747269620CFFFFFFFF04FFFFFFFF0C6D
310
0100000CFFFFFFFF0C37010000040100000004010000000400CA9A3B04E44D0200110E0873747261696768740D0563757276650CFFFFFFFF04FFFFFFFF0CFFFFFFFF13600BB6600B6C6940123DB1BCCC4856C0000000000000F03F1400000000000024C084B0D23CBABB12BD00000000000000800B0B110D05706F696E740C
310
FFFFFFFF04FFFFFFFF0CFFFFFFFF13E8933EE993637940FB3CB1BCCC4856C0000000000000F03F110E0D4154545249425F435553544F4D0D066174747269620CFFFFFFFF04FFFFFFFF0CFFFFFFFF0C3C0100000C20010000071667656E657269635F7461675F6174747269625F6465660403000000040300000004FFFFFFFF
310
071767656E657269635F7461675F6174747269625F64656620040100000004020000000702323804000000000401000000042D0100000400000000110E0D4154545249425F435553544F4D0D066174747269620CFFFFFFFF04FFFFFFFF0CFFFFFFFF0C410100000C2B010000071667656E657269635F7461675F6174747269
310
625F6465660403000000040300000004FFFFFFFF071767656E657269635F7461675F6174747269625F6465662004010000000403000000070331313604000000000401000000042D0100000400000000110E09706572737562656E740E1061636164536F6C6964486973746F72790D066174747269620CFFFFFFFF04FFFFFF
310
FF0C6E0100000CFFFFFFFF0C42010000040100000004010000000400CA9A3B04FA030000110D04666163650C6F01000004FFFFFFFF0CFFFFFFFF0C700100000C710100000C060000000CFFFFFFFF0C720100000B0A0B110D046C6F6F700CFFFFFFFF04FFFFFFFF0CFFFFFFFF0CFFFFFFFF0C730100000C42010000110E0570
310
6C616E650D07737572666163650CFFFFFFFF04FFFFFFFF0CFFFFFFFF136AF929C37F038340B5A238A98AA962C0000000000000000014000000000000F03FD8B97ED7FFAFC8BD0000000000000000144E685ECDFFDBFE3D000000000000244000000000000000000B0B0B0B0B110D06636F656467650CFFFFFFFF04FFFFFFFF
310
0CFFFFFFFF0C740100000C750100000CFFFFFFFF0C760100000A0C4301000004000000000CFFFFFFFF110D06636F656467650CFFFFFFFF04FFFFFFFF0CFFFFFFFF0C770100000C450100000C470100000C610100000B0C2C01000004000000000CFFFFFFFF110D06636F656467650CFFFFFFFF04FFFFFFFF0CFFFFFFFF0C45
310
0100000C770100000C740100000C780100000A0C2C01000004000000000CFFFFFFFF110D04656467650C7901000004FFFFFFFF0CFFFFFFFF0C7A0100000600000000000000000C6301000006265945A7AFF630400C450100000C7B0100000B0707756E6B6E6F776E110D06636F656467650CFFFFFFFF04FFFFFFFF0CFFFFFF
310
FF0C470100000C460100000CFFFFFFFF0C7C0100000A0C1501000004000000000CFFFFFFFF110D04656467650CFFFFFFFF04FFFFFFFF0CFFFFFFFF0C630100000600000000000000000C7D010000069A9999999999B93F0C5D0100000C7E0100000B0707756E6B6E6F776E110E09706572737562656E740E1061636164536F
310
6C6964486973746F72790D066174747269620CFFFFFFFF04FFFFFFFF0C7F0100000CFFFFFFFF0C48010000040100000004010000000400CA9A3B0447C70000110D067665727465780CFFFFFFFF04FFFFFFFF0CFFFFFFFF0C4801000004010000000C80010000110E0873747261696768740D0563757276650CFFFFFFFF04FF
310
FFFFFF0CFFFFFFFF134066E0F00EF07A40D3711CC7711263C00000000000000000140000000000000000000000000000244000000000000000000A0600000000000000000A063AA9816DC84D1440110D04656467650C8101000004FFFFFFFF0CFFFFFFFF0C660100000600000000000000000C4F01000006001EE494F3D203
310
400C490100000C820100000B0707756E6B6E6F776E110D067665727465780CFFFFFFFF04FFFFFFFF0CFFFFFFFF0C6501000004000000000C83010000110E0873747261696768740D0563757276650CFFFFFFFF04FFFFFFFF0CFFFFFFFF134066E0F00EF07A40D3711CC7711263C00000000000000000140000000000000000
310
000000000000000000000000000024400B0B110E0D4154545249425F435553544F4D0D066174747269620CFFFFFFFF04FFFFFFFF0CFFFFFFFF0C4B0100000C31010000071667656E657269635F7461675F6174747269625F6465660403000000040300000004FFFFFFFF071767656E657269635F7461675F6174747269625F
310
646566200401000000040300000007032D323204000000000401000000042D0100000400000000110D05706F696E740CFFFFFFFF04FFFFFFFF0CFFFFFFFF134066E0F00EF07A40D3711CC7711263C00000000000000000110E09706572737562656E740E1061636164536F6C6964486973746F72790D066174747269620CFF
310
FFFFFF04FFFFFFFF0C840100000CFFFFFFFF0C4E010000040100000004010000000400CA9A3B04E54D0200110E0873747261696768740D0563757276650CFFFFFFFF04FFFFFFFF0CFFFFFFFF13E8933EE993637940C5711CC7711263C0000000000000F03F140000000000000000000000000000244000000000000000000B
310
0B110D05706F696E740CFFFFFFFF04FFFFFFFF0CFFFFFFFF13E8933EE993637940C5711CC7711263C0000000000000F03F110E0D4154545249425F435553544F4D0D066174747269620CFFFFFFFF04FFFFFFFF0CFFFFFFFF0C530100000C37010000071667656E657269635F7461675F6174747269625F6465660403000000
310
040300000004FFFFFFFF071767656E657269635F7461675F6174747269625F64656620040100000004020000000702323604000000000401000000042D0100000400000000110E0D4154545249425F435553544F4D0D066174747269620CFFFFFFFF04FFFFFFFF0CFFFFFFFF0C580100000C42010000071667656E65726963
310
5F7461675F6174747269625F6465660403000000040300000004FFFFFFFF071767656E657269635F7461675F6174747269625F6465662004010000000403000000070331313504000000000401000000042D0100000400000000110E09706572737562656E740E1061636164536F6C6964486973746F72790D066174747269
310
620CFFFFFFFF04FFFFFFFF0C850100000CFFFFFFFF0C59010000040100000004010000000400CA9A3B04FB030000110D04666163650C8601000004FFFFFFFF0CFFFFFFFF0C870100000C880100000C060000000CFFFFFFFF0C890100000B0A0B110D046C6F6F700CFFFFFFFF04FFFFFFFF0CFFFFFFFF0CFFFFFFFF0C8A0100
310
000C59010000110E05706C616E650D07737572666163650CFFFFFFFF04FFFFFFFF0CFFFFFFFF136132B65C1EC58240987238A98AA962C00000000000000000149337E3DE52AEC8BD000000000000F0BF000000000000000014000000000000244078059C96E7D9FEBD00000000000000000B0B0B0B0B110D06636F65646765
310
0CFFFFFFFF04FFFFFFFF0CFFFFFFFF0C8B0100000C8C0100000CFFFFFFFF0C8D0100000A0C5A01000004000000000CFFFFFFFF110D06636F656467650CFFFFFFFF04FFFFFFFF0CFFFFFFFF0C8E0100000C5C0100000C5E0100000C780100000B0C4301000004000000000CFFFFFFFF110D06636F656467650CFFFFFFFF04FF
310
FFFFFF0CFFFFFFFF0C5C0100000C8E0100000C8B0100000C8F0100000A0C4301000004000000000CFFFFFFFF110D04656467650C9001000004FFFFFFFF0CFFFFFFFF0C7A0100000600000000000000000C9101000006554DBC11C8F3E83F0C5C0100000C920100000B0707756E6B6E6F776E110D06636F656467650CFFFFFF
310
FF04FFFFFFFF0CFFFFFFFF0C5E0100000C5D0100000CFFFFFFFF0C930100000A0C2C01000004000000000CFFFFFFFF110D04656467650CFFFFFFFF04FFFFFFFF0CFFFFFFFF0C7A0100000600000000000000000C94010000069A9999999999B93F0C740100000C950100000B070774616E67656E74110E0970657273756265
310
6E740E1061636164536F6C6964486973746F72790D066174747269620CFFFFFFFF04FFFFFFFF0C960100000CFFFFFFFF0C5F010000040100000004010000000400CA9A3B0448C70000110D067665727465780CFFFFFFFF04FFFFFFFF0CFFFFFFFF0C5F01000004000000000C97010000110E0873747261696768740D056375
310
7276650CFFFFFFFF04FFFFFFFF0CFFFFFFFF13FCDEB55C1EC58240E1D9C749467459C000000000000000001400000000000024C0000000000000000000000000000000000A0600000000000000000A06265945A7AFF63040110D04656467650C9801000004FFFFFFFF0CFFFFFFFF0C7D010000063AA9816DC84D14C00C6601
310
00000600000000000000800C600100000C990100000B0707756E6B6E6F776E110D067665727465780CFFFFFFFF04FFFFFFFF0CFFFFFFFF0C7C01000004000000000C9A010000110E0873747261696768740D0563757276650CFFFFFFFF04FFFFFFFF0CFFFFFFFF134066E0F00EF07A40E1D9C749467459C000000000000000
310
00140000000000000000000000000000000000000000000024400B0B110E0D4154545249425F435553544F4D0D066174747269620CFFFFFFFF04FFFFFFFF0CFFFFFFFF0C620100000C48010000071667656E657269635F7461675F6174747269625F6465660403000000040300000004FFFFFFFF071767656E657269635F74
310
61675F6174747269625F646566200401000000040300000007032D323004000000000401000000042D0100000400000000110D05706F696E740CFFFFFFFF04FFFFFFFF0CFFFFFFFF134066E0F00EF07A40E1D9C749467459C00000000000000000110E09706572737562656E740E1061636164536F6C6964486973746F7279
310
0D066174747269620CFFFFFFFF04FFFFFFFF0C9B0100000CFFFFFFFF0C65010000040100000004010000000400CA9A3B04E64D0200110E0873747261696768740D0563757276650CFFFFFFFF04FFFFFFFF0CFFFFFFFF134066E0F00EF07A40D3711CC7711263C0000000000000F03F1400000000000024C0DB202944FE3146
310
3D00000000000000000B0B110D05706F696E740CFFFFFFFF04FFFFFFFF0CFFFFFFFF134066E0F00EF07A40D3711CC7711263C0000000000000F03F110E0D4154545249425F435553544F4D0D066174747269620CFFFFFFFF04FFFFFFFF0CFFFFFFFF0C6A0100000C4E010000071667656E657269635F7461675F6174747269
310
625F6465660403000000040300000004FFFFFFFF071767656E657269635F7461675F6174747269625F64656620040100000004020000000702323404000000000401000000042D0100000400000000110E0D4154545249425F435553544F4D0D066174747269620CFFFFFFFF04FFFFFFFF0CFFFFFFFF0C6F0100000C590100
310
00071667656E657269635F7461675F6174747269625F6465660403000000040300000004FFFFFFFF071767656E657269635F7461675F6174747269625F6465662004010000000403000000070331313404000000000401000000042D0100000400000000110E09706572737562656E740E1061636164536F6C696448697374
310
6F72790D066174747269620CFFFFFFFF04FFFFFFFF0C9C0100000CFFFFFFFF0C70010000040100000004010000000400CA9A3B04FC030000110D04666163650C9D01000004FFFFFFFF0CFFFFFFFF0C9E0100000C9F0100000C060000000CFFFFFFFF0CA00100000B0A0B110D046C6F6F700CFFFFFFFF04FFFFFFFF0CFFFFFF
310
FF0CFFFFFFFF0CA10100000C70010000110E05706C616E650D07737572666163650CFFFFFFFF04FFFFFFFF0CFFFFFFFF134628B65C1EC58240BC1000E5587B63C0000000000000000014000000000000F03FAAE78EC85DA7C8BD00000000000000001494A1B23A35D1FE3D000000000000244000000000000000000B0B0B0B
310
0B110D06636F656467650CFFFFFFFF04FFFFFFFF0CFFFFFFFF0CA20100000CA30100000CFFFFFFFF0CA40100000B0C7101000004000000000CFFFFFFFF110D06636F656467650CFFFFFFFF04FFFFFFFF0CFFFFFFFF0CA50100000C730100000C750100000C8F0100000B0C5A01000004000000000CFFFFFFFF110D06636F65
310
6467650CFFFFFFFF04FFFFFFFF0CFFFFFFFF0C730100000CA50100000CA20100000CA60100000A0C5A01000004000000000CFFFFFFFF110D04656467650CA701000004FFFFFFFF0CFFFFFFFF0C910100000600000000000000000CA801000006CE66AA99290013400C730100000CA90100000B0707756E6B6E6F776E110D06
310
636F656467650CFFFFFFFF04FFFFFFFF0CFFFFFFFF0C750100000C740100000CFFFFFFFF0CAA0100000A0C4301000004000000000CFFFFFFFF110D04656467650CFFFFFFFF04FFFFFFFF0CFFFFFFFF0C910100000600000000000000000CAB010000069A9999999999B93F0C8B0100000CAC0100000B0707756E6B6E6F776E
310
110E09706572737562656E740E1061636164536F6C6964486973746F72790D066174747269620CFFFFFFFF04FFFFFFFF0CAD0100000CFFFFFFFF0C76010000040100000004010000000400CA9A3B0449C70000110D067665727465780CFFFFFFFF04FFFFFFFF0CFFFFFFFF0C7601000004010000000CAE010000110E087374
310
7261696768740D0563757276650CFFFFFFFF04FFFFFFFF0CFFFFFFFF13FCDEB55C1EC58240E1D9C749467459C000000000000000001476CD069AFBFF23401A7C8BD427879A3F00000000000000000A0600000000000000000A06554DBC11C8F3E83F110D04656467650CAF01000004FFFFFFFF0CFFFFFFFF0C940100000600
310
000000000000000C7D01000006265945A7AFF630400C770100000CB00100000B0707756E6B6E6F776E110D067665727465780CFFFFFFFF04FFFFFFFF0CFFFFFFFF0C9301000004000000000CB1010000110E0873747261696768740D0563757276650CFFFFFFFF04FFFFFFFF0CFFFFFFFF13FCDEB55C1EC58240E1D9C74946
310
7459C00000000000000000140000000000000000000000000000000000000000000024400B0B110E0D4154545249425F435553544F4D0D066174747269620CFFFFFFFF04FFFFFFFF0CFFFFFFFF0C790100000C5F010000071667656E657269635F7461675F6174747269625F6465660403000000040300000004FFFFFFFF07
310
1767656E657269635F7461675F6174747269625F646566200401000000040300000007032D313804000000000401000000042D0100000400000000110D05706F696E740CFFFFFFFF04FFFFFFFF0CFFFFFFFF13FCDEB55C1EC58240E1D9C749467459C00000000000000000110E09706572737562656E740E1061636164536F
310
6C6964486973746F72790D066174747269620CFFFFFFFF04FFFFFFFF0CB20100000CFFFFFFFF0C7C010000040100000004010000000400CA9A3B04E74D0200110E0873747261696768740D0563757276650CFFFFFFFF04FFFFFFFF0CFFFFFFFF134066E0F00EF07A40D3711CC7711263C0000000000000F03F140000000000
310
00008000000000000024C000000000000000800B0B110D05706F696E740CFFFFFFFF04FFFFFFFF0CFFFFFFFF134066E0F00EF07A40E1D9C749467459C0000000000000F03F110E0D4154545249425F435553544F4D0D066174747269620CFFFFFFFF04FFFFFFFF0CFFFFFFFF0C810100000C65010000071667656E65726963
310
5F7461675F6174747269625F6465660403000000040300000004FFFFFFFF071767656E657269635F7461675F6174747269625F64656620040100000004020000000702323204000000000401000000042D0100000400000000110E0D4154545249425F435553544F4D0D066174747269620CFFFFFFFF04FFFFFFFF0CFFFFFF
310
FF0C860100000C70010000071667656E657269635F7461675F6174747269625F6465660403000000040300000004FFFFFFFF071767656E657269635F7461675F6174747269625F6465662004010000000403000000070331313304000000000401000000042D0100000400000000110E09706572737562656E740E10616361
310
64536F6C6964486973746F72790D066174747269620CFFFFFFFF04FFFFFFFF0CB30100000CFFFFFFFF0C87010000040100000004010000000400CA9A3B04FD030000110D04666163650CB401000004FFFFFFFF0CFFFFFFFF0CB50100000CB60100000C060000000CFFFFFFFF0CB70100000B0A0B110D046C6F6F700CFFFFFF
310
FF04FFFFFFFF0CFFFFFFFF0CFFFFFFFF0CB80100000C87010000110E05706C616E650D07737572666163650CFFFFFFFF04FFFFFFFF0CFFFFFFFF1350EF29C37F038340D94000E5587B63C00000000000000000145337E3DE52AEC83D000000000000F03F00000000000000001400000000000024C028059C96E7D9FE3D0000
310
0000000000000B0B0B0B0B110D06636F656467650CFFFFFFFF04FFFFFFFF0CFFFFFFFF0CB90100000CBA0100000CFFFFFFFF0CBB0100000A0C8801000004000000000CFFFFFFFF110D06636F656467650CFFFFFFFF04FFFFFFFF0CFFFFFFFF0CBC0100000C8A0100000C8C0100000CA60100000B0C7101000004000000000C
310
FFFFFFFF110D06636F656467650CFFFFFFFF04FFFFFFFF0CFFFFFFFF0C8A0100000CBC0100000CB90100000CBD0100000A0C7101000004000000000CFFFFFFFF110D04656467650CBE01000004FFFFFFFF0CFFFFFFFF0CBF0100000600000000000000000CA801000006C003B694C2F3E83F0C8A0100000CC00100000B0707
310
756E6B6E6F776E110D06636F656467650CFFFFFFFF04FFFFFFFF0CFFFFFFFF0C8C0100000C8B0100000CFFFFFFFF0CC10100000A0C5A01000004000000000CFFFFFFFF110D04656467650CFFFFFFFF04FFFFFFFF0CFFFFFFFF0CA80100000600000000000000000CC2010000069A9999999999B93F0CA20100000CC3010000
310
0B0707756E6B6E6F776E110E09706572737562656E740E1061636164536F6C6964486973746F72790D066174747269620CFFFFFFFF04FFFFFFFF0CC40100000CFFFFFFFF0C8D010000040100000004010000000400CA9A3B044AC70000110D067665727465780CFFFFFFFF04FFFFFFFF0CFFFFFFFF0C8D0100000401000000
310
0CC5010000110E0873747261696768740D0563757276650CFFFFFFFF04FFFFFFFF0CFFFFFFFF13B5422AC37F0383402AC56652FB7259C00000000000000000144E685ECDFFDBFEBD00000000000024C000000000000000000A0600000000000000000A06CE66AA9929001340110D04656467650CC601000004FFFFFFFF0CFF
310
FFFFFF0CAB01000006554DBC11C8F3E8BF0C940100000600000000000000800C8E0100000CC70100000B0707756E6B6E6F776E110D067665727465780CFFFFFFFF04FFFFFFFF0CFFFFFFFF0CAA01000004000000000CC8010000110E0873747261696768740D0563757276650CFFFFFFFF04FFFFFFFF0CFFFFFFFF13B5422A
310
C37F0383402AC56652FB7259C00000000000000000140000000000000000000000000000000000000000000024400B0B110E0D4154545249425F435553544F4D0D066174747269620CFFFFFFFF04FFFFFFFF0CFFFFFFFF0C900100000C76010000071667656E657269635F7461675F6174747269625F646566040300000004
310
0300000004FFFFFFFF071767656E657269635F7461675F6174747269625F646566200401000000040300000007032D313604000000000401000000042D0100000400000000110D05706F696E740CFFFFFFFF04FFFFFFFF0CFFFFFFFF13B5422AC37F0383402AC56652FB7259C00000000000000000110E0970657273756265
310
6E740E1061636164536F6C6964486973746F72790D066174747269620CFFFFFFFF04FFFFFFFF0CC90100000CFFFFFFFF0C93010000040100000004010000000400CA9A3B04E84D0200110E0873747261696768740D0563757276650CFFFFFFFF04FFFFFFFF0CFFFFFFFF13FCDEB55C1EC58240E1D9C749467459C000000000
310
0000F03F1400000000000024C0000000000000000000000000000000000B0B110D05706F696E740CFFFFFFFF04FFFFFFFF0CFFFFFFFF13FCDEB55C1EC58240E1D9C749467459C0000000000000F03F110E0D4154545249425F435553544F4D0D066174747269620CFFFFFFFF04FFFFFFFF0CFFFFFFFF0C980100000C7C0100
310
00071667656E657269635F7461675F6174747269625F6465660403000000040300000004FFFFFFFF071767656E657269635F7461675F6174747269625F64656620040100000004020000000702323004000000000401000000042D0100000400000000110E0D4154545249425F435553544F4D0D066174747269620CFFFFFF
310
FF04FFFFFFFF0CFFFFFFFF0C9D0100000C87010000071667656E657269635F7461675F6174747269625F6465660403000000040300000004FFFFFFFF071767656E657269635F7461675F6174747269625F6465662004010000000403000000070331313204000000000401000000042D0100000400000000110E0970657273
310
7562656E740E1061636164536F6C6964486973746F72790D066174747269620CFFFFFFFF04FFFFFFFF0CCA0100000CFFFFFFFF0C9E010000040100000004010000000400CA9A3B04FE030000110D04666163650CCB01000004FFFFFFFF0CFFFFFFFF0CFFFFFFFF0CCC0100000C060000000CFFFFFFFF0CCD0100000B0A0B11
310
0D046C6F6F700CFFFFFFFF04FFFFFFFF0CFFFFFFFF0CFFFFFFFF0CCE0100000C9E010000110E05706C616E650D07737572666163650CFFFFFFFF04FFFFFFFF0CFFFFFFFF1308A629C37F038340048105E5656B69C0000000000000000014000000000000F03FA9588960F2AEC8BD000000000000000014D3AEABF8AEDAFE3D
310
000000000000244000000000000000000B0B0B0B0B110D06636F656467650CFFFFFFFF04FFFFFFFF0CFFFFFFFF0CCF0100000CD00100000CFFFFFFFF0CD10100000A0C9F01000004000000000CFFFFFFFF110D06636F656467650CFFFFFFFF04FFFFFFFF0CFFFFFFFF0CD20100000CA10100000CA30100000CBD0100000B0C
310
8801000004000000000CFFFFFFFF110D06636F656467650CFFFFFFFF04FFFFFFFF0CFFFFFFFF0CA10100000CD20100000CCF0100000CD30100000A0C8801000004000000000CFFFFFFFF110D04656467650CD401000004FFFFFFFF0CFFFFFFFF0CBF0100000600000000000000000CD501000006309D5CFA05FBE43F0CA101
310
00000CD60100000B0707756E6B6E6F776E110D06636F656467650CFFFFFFFF04FFFFFFFF0CFFFFFFFF0CA30100000CA20100000CFFFFFFFF0CD70100000A0C7101000004000000000CFFFFFFFF110D04656467650CFFFFFFFF04FFFFFFFF0CFFFFFFFF0CBF0100000600000000000000000CD8010000069A9999999999B93F
310
0CB90100000CD90100000B0707756E6B6E6F776E110E09706572737562656E740E1061636164536F6C6964486973746F72790D066174747269620CFFFFFFFF04FFFFFFFF0CDA0100000CFFFFFFFF0CA4010000040100000004010000000400CA9A3B044BC70000110D067665727465780CFFFFFFFF04FFFFFFFF0CFFFFFFFF
310
0CA401000004000000000CDB010000110E0873747261696768740D0563757276650CFFFFFFFF04FFFFFFFF0CFFFFFFFF136132B65C1EC58240987238A98AA962C0000000000000000014000000000000244078059C96E7D9FEBD00000000000000000A0600000000000000000A06C003B694C2F3E83F110D04656467650CDC
310
01000004FFFFFFFF0CFFFFFFFF0CC201000006CE66AA99290013C00CAB0100000600000000000000800CA50100000CDD0100000B0707756E6B6E6F776E110D067665727465780CFFFFFFFF04FFFFFFFF0CFFFFFFFF0CC101000004000000000CDE010000110E0873747261696768740D0563757276650CFFFFFFFF04FFFFFF
310
FF0CFFFFFFFF136AF929C37F038340B5A238A98AA962C00000000000000000140000000000000000000000000000000000000000000024400B0B110E0D4154545249425F435553544F4D0D066174747269620CFFFFFFFF04FFFFFFFF0CFFFFFFFF0CA70100000C8D010000071667656E657269635F7461675F617474726962
310
5F6465660403000000040300000004FFFFFFFF071767656E657269635F7461675F6174747269625F646566200401000000040300000007032D313404000000000401000000042D0100000400000000110D05706F696E740CFFFFFFFF04FFFFFFFF0CFFFFFFFF136AF929C37F038340B5A238A98AA962C00000000000000000
310
110E09706572737562656E740E1061636164536F6C6964486973746F72790D066174747269620CFFFFFFFF04FFFFFFFF0CDF0100000CFFFFFFFF0CAA010000040100000004010000000400CA9A3B04E94D0200110E0873747261696768740D0563757276650CFFFFFFFF04FFFFFFFF0CFFFFFFFF13FCDEB55C1EC58240E1D9
310
C749467459C0000000000000F03F1476CD069AFBFF23C01A7C8BD427879ABF00000000000000800B0B110D05706F696E740CFFFFFFFF04FFFFFFFF0CFFFFFFFF13B5422AC37F0383402AC56652FB7259C0000000000000F03F110E0D4154545249425F435553544F4D0D066174747269620CFFFFFFFF04FFFFFFFF0CFFFFFF
310
FF0CAF0100000C93010000071667656E657269635F7461675F6174747269625F6465660403000000040300000004FFFFFFFF071767656E657269635F7461675F6174747269625F64656620040100000004020000000702313804000000000401000000042D0100000400000000110E0D4154545249425F435553544F4D0D06
310
6174747269620CFFFFFFFF04FFFFFFFF0CFFFFFFFF0CB40100000C9E010000071667656E657269635F7461675F6174747269625F6465660403000000040300000004FFFFFFFF071767656E657269635F7461675F6174747269625F6465662004010000000403000000070331313104000000000401000000042D0100000400
310
000000110E09706572737562656E740E1061636164536F6C6964486973746F72790D066174747269620CFFFFFFFF04FFFFFFFF0CE00100000CFFFFFFFF0CB5010000040100000004010000000400CA9A3B04FF030000110D046C6F6F700CFFFFFFFF04FFFFFFFF0CFFFFFFFF0CFFFFFFFF0CE10100000CB5010000110E0570
310
6C616E650D07737572666163650CFFFFFFFF04FFFFFFFF0CFFFFFFFF132170EA2216C58240600BB6600B6C69C00000000000000000144A232BA12036653F6B094CF8F8FFEFBF000000000000000014E3852F9BFBFF23401CEC75C9A8839A3F00000000000000000B0B0B0B0B110D06636F656467650CFFFFFFFF04FFFFFFFF
310
0CFFFFFFFF0CE20100000CE30100000CFFFFFFFF0CE40100000B0CB601000004000000000CFFFFFFFF110D06636F656467650CFFFFFFFF04FFFFFFFF0CFFFFFFFF0CE50100000CB80100000CBA0100000CD30100000B0C9F01000004000000000CFFFFFFFF110D06636F656467650CFFFFFFFF04FFFFFFFF0CFFFFFFFF0CB8
310
0100000CE50100000CE20100000CE60100000A0C9F01000004000000000CFFFFFFFF110D04656467650CE701000004FFFFFFFF0CFFFFFFFF0CD50100000600000000000000000CE8010000060004B694C2F3E83F0CB80100000CE90100000B0707756E6B6E6F776E110D06636F656467650CFFFFFFFF04FFFFFFFF0CFFFFFF
310
FF0CBA0100000CB90100000CFFFFFFFF0CEA0100000A0C8801000004000000000CFFFFFFFF110D04656467650CFFFFFFFF04FFFFFFFF0CFFFFFFFF0CD50100000600000000000000000CEB010000069A9999999999B93F0CCF0100000CEC0100000B0707756E6B6E6F776E110E09706572737562656E740E1061636164536F
310
6C6964486973746F72790D066174747269620CFFFFFFFF04FFFFFFFF0CED0100000CFFFFFFFF0CBB010000040100000004010000000400CA9A3B044CC70000110D067665727465780CFFFFFFFF04FFFFFFFF0CFFFFFFFF0CBB01000004010000000CEE010000110E0873747261696768740D0563757276650CFFFFFFFF04FF
310
FFFFFF0CFFFFFFFF136132B65C1EC58240987238A98AA962C000000000000000001494A1B23A35D1FEBD00000000000024C000000000000000000A0600000000000000000A06309D5CFA05FBE43F110D04656467650CEF01000004FFFFFFFF0CFFFFFFFF0CD80100000600000000000000000CC201000006C003B694C2F3E8
310
3F0CBC0100000CF00100000B0707756E6B6E6F776E110D067665727465780CFFFFFFFF04FFFFFFFF0CFFFFFFFF0CD701000004000000000CF1010000110E0873747261696768740D0563757276650CFFFFFFFF04FFFFFFFF0CFFFFFFFF136132B65C1EC58240987238A98AA962C00000000000000000140000000000000000
310
000000000000000000000000000024400B0B110E0D4154545249425F435553544F4D0D066174747269620CFFFFFFFF04FFFFFFFF0CFFFFFFFF0CBE0100000CA4010000071667656E657269635F7461675F6174747269625F6465660403000000040300000004FFFFFFFF071767656E657269635F7461675F6174747269625F
310
646566200401000000040300000007032D313204000000000401000000042D0100000400000000110D05706F696E740CFFFFFFFF04FFFFFFFF0CFFFFFFFF136132B65C1EC58240987238A98AA962C00000000000000000110E09706572737562656E740E1061636164536F6C6964486973746F72790D066174747269620CFF
310
FFFFFF04FFFFFFFF0CF20100000CFFFFFFFF0CC1010000040100000004010000000400CA9A3B04EA4D0200110E0873747261696768740D0563757276650CFFFFFFFF04FFFFFFFF0CFFFFFFFF13B5422AC37F0383402AC56652FB7259C0000000000000F03F144E685ECDFFDBFE3D000000000000244000000000000000000B
310
0B110D05706F696E740CFFFFFFFF04FFFFFFFF0CFFFFFFFF136AF929C37F038340B5A238A98AA962C0000000000000F03F110E0D4154545249425F435553544F4D0D066174747269620CFFFFFFFF04FFFFFFFF0CFFFFFFFF0CC60100000CAA010000071667656E657269635F7461675F6174747269625F6465660403000000
310
040300000004FFFFFFFF071767656E657269635F7461675F6174747269625F64656620040100000004020000000702313604000000000401000000042D0100000400000000110E0D4154545249425F435553544F4D0D066174747269620CFFFFFFFF04FFFFFFFF0CFFFFFFFF0CCB0100000CB5010000071667656E65726963
310
5F7461675F6174747269625F6465660403000000040300000004FFFFFFFF071767656E657269635F7461675F6174747269625F6465662004010000000403000000070331313004000000000401000000042D0100000400000000110D06636F656467650CFFFFFFFF04FFFFFFFF0CFFFFFFFF0CF30100000CF40100000CFFFF
310
FFFF0CF50100000B0CCC01000004000000000CFFFFFFFF110D06636F656467650CFFFFFFFF04FFFFFFFF0CFFFFFFFF0CF60100000CCE0100000CD00100000CE60100000B0CB601000004000000000CFFFFFFFF110D06636F656467650CFFFFFFFF04FFFFFFFF0CFFFFFFFF0CCE0100000CF60100000CF30100000CF7010000
310
0A0CB601000004000000000CFFFFFFFF110D04656467650CF801000004FFFFFFFF0CFFFFFFFF0CF90100000600000000000000000CE801000006F066AA99290013400CCE0100000CFA0100000B0707756E6B6E6F776E110D06636F656467650CFFFFFFFF04FFFFFFFF0CFFFFFFFF0CD00100000CCF0100000CFFFFFFFF0CFB
310
0100000A0C9F01000004000000000CFFFFFFFF110D04656467650CFFFFFFFF04FFFFFFFF0CFFFFFFFF0CE80100000600000000000000000CFC010000069A9999999999B93F0CE20100000CFD0100000B0707756E6B6E6F776E110E09706572737562656E740E1061636164536F6C6964486973746F72790D06617474726962
310
0CFFFFFFFF04FFFFFFFF0CFE0100000CFFFFFFFF0CD1010000040100000004010000000400CA9A3B044DC70000110D067665727465780CFFFFFFFF04FFFFFFFF0CFFFFFFFF0CD101000004010000000CFF010000110E0873747261696768740D0563757276650CFFFFFFFF04FFFFFFFF0CFFFFFFFF134628B65C1EC58240BC
310
1000E5587B63C0000000000000000014000000000000244028059C96E7D9FEBD00000000000000000A0600000000000000000A060004B694C2F3E83F110D04656467650C0002000004FFFFFFFF0CFFFFFFFF0CEB01000006309D5CFA05FBE4BF0CD80100000600000000000000800CD20100000C010200000B0707756E6B6E
310
6F776E110D067665727465780CFFFFFFFF04FFFFFFFF0CFFFFFFFF0CEA01000004000000000C02020000110E0873747261696768740D0563757276650CFFFFFFFF04FFFFFFFF0CFFFFFFFF134628B65C1EC58240BC1000E5587B63C00000000000000000140000000000000000000000000000000000000000000024400B0B
310
110E0D4154545249425F435553544F4D0D066174747269620CFFFFFFFF04FFFFFFFF0CFFFFFFFF0CD40100000CBB010000071667656E657269635F7461675F6174747269625F6465660403000000040300000004FFFFFFFF071767656E657269635F7461675F6174747269625F646566200401000000040300000007032D31
310
3004000000000401000000042D0100000400000000110D05706F696E740CFFFFFFFF04FFFFFFFF0CFFFFFFFF134628B65C1EC58240BC1000E5587B63C00000000000000000110E09706572737562656E740E1061636164536F6C6964486973746F72790D066174747269620CFFFFFFFF04FFFFFFFF0C030200000CFFFFFFFF
310
0CD7010000040100000004010000000400CA9A3B04EB4D0200110E0873747261696768740D0563757276650CFFFFFFFF04FFFFFFFF0CFFFFFFFF136132B65C1EC58240987238A98AA962C0000000000000F03F14000000000000244078059C96E7D9FEBD00000000000000000B0B110D05706F696E740CFFFFFFFF04FFFFFF
310
FF0CFFFFFFFF136132B65C1EC58240987238A98AA962C0000000000000F03F110E0D4154545249425F435553544F4D0D066174747269620CFFFFFFFF04FFFFFFFF0CFFFFFFFF0CDC0100000CC1010000071667656E657269635F7461675F6174747269625F6465660403000000040300000004FFFFFFFF071767656E657269
310
635F7461675F6174747269625F64656620040100000004020000000702313404000000000401000000042D0100000400000000110D06636F656467650CFFFFFFFF04FFFFFFFF0CFFFFFFFF0C040200000CE10100000CE30100000CF70100000B0CCC01000004000000000CFFFFFFFF110D06636F656467650CFFFFFFFF04FF
310
FFFFFF0CFFFFFFFF0CE10100000C040200000CFFFFFFFF0C050200000A0CCC01000004000000000CFFFFFFFF110D04656467650C0602000004FFFFFFFF0CFFFFFFFF0C070200000600000000000000000CF901000006AC07246212F7E83F0CE10100000C080200000B0707756E6B6E6F776E110D06636F656467650CFFFFFF
310
FF04FFFFFFFF0CFFFFFFFF0CE30100000CE20100000CFFFFFFFF0C090200000A0CB601000004000000000CFFFFFFFF110D04656467650CFFFFFFFF04FFFFFFFF0CFFFFFFFF0CF90100000600000000000000000C0A020000069A9999999999B93F0CF30100000C0B0200000B0707756E6B6E6F776E110E0970657273756265
310
6E740E1061636164536F6C6964486973746F72790D066174747269620CFFFFFFFF04FFFFFFFF0C0C0200000CFFFFFFFF0CE4010000040100000004010000000400CA9A3B044EC70000110D067665727465780CFFFFFFFF04FFFFFFFF0CFFFFFFFF0CE401000004000000000C0D020000110E0873747261696768740D056375
310
7276650CFFFFFFFF04FFFFFFFF0CFFFFFFFF1308A629C37F038340048105E5656B69C0000000000000000014D3AEABF8AEDAFE3D000000000000244000000000000000000A0600000000000000000A06F066AA9929001340110D04656467650C0E02000004FFFFFFFF0CFFFFFFFF0CFC010000060004B694C2F3E8BF0CEB01
310
00000600000000000000800CE50100000C0F0200000B0707756E6B6E6F776E110D067665727465780CFFFFFFFF04FFFFFFFF0CFFFFFFFF0CFB01000004000000000C10020000110E0873747261696768740D0563757276650CFFFFFFFF04FFFFFFFF0CFFFFFFFF1350EF29C37F038340D94000E5587B63C000000000000000
310
00140000000000000000000000000000000000000000000024400B0B110E0D4154545249425F435553544F4D0D066174747269620CFFFFFFFF04FFFFFFFF0CFFFFFFFF0CE70100000CD1010000071667656E657269635F7461675F6174747269625F6465660403000000040300000004FFFFFFFF071767656E657269635F74
310
61675F6174747269625F646566200401000000040200000007022D3804000000000401000000042D0100000400000000110D05706F696E740CFFFFFFFF04FFFFFFFF0CFFFFFFFF1350EF29C37F038340D94000E5587B63C00000000000000000110E09706572737562656E740E1061636164536F6C6964486973746F72790D
310
066174747269620CFFFFFFFF04FFFFFFFF0C110200000CFFFFFFFF0CEA010000040100000004010000000400CA9A3B04EC4D0200110E0873747261696768740D0563757276650CFFFFFFFF04FFFFFFFF0CFFFFFFFF136132B65C1EC58240987238A98AA962C0000000000000F03F1494A1B23A35D1FE3D0000000000002440
310
00000000000000000B0B110D05706F696E740CFFFFFFFF04FFFFFFFF0CFFFFFFFF134628B65C1EC58240BC1000E5587B63C0000000000000F03F110E0D4154545249425F435553544F4D0D066174747269620CFFFFFFFF04FFFFFFFF0CFFFFFFFF0CEF0100000CD7010000071667656E657269635F7461675F617474726962
310
5F6465660403000000040300000004FFFFFFFF071767656E657269635F7461675F6174747269625F64656620040100000004020000000702313204000000000401000000042D0100000400000000110D06636F656467650CFFFFFFFF04FFFFFFFF0CFFFFFFFF0CF40100000CF30100000CFFFFFFFF0C120200000A0CCC0100
310
0004000000000CFFFFFFFF110D04656467650C1302000004FFFFFFFF0CFFFFFFFF0C070200000600000000000000000C14020000069A9999999999B93F0CF40100000C150200000B0707756E6B6E6F776E110E09706572737562656E740E1061636164536F6C6964486973746F72790D066174747269620CFFFFFFFF04FFFF
310
FFFF0C160200000CFFFFFFFF0CF5010000040100000004010000000400CA9A3B044FC70000110D067665727465780CFFFFFFFF04FFFFFFFF0CFFFFFFFF0CF501000004000000000C17020000110E0873747261696768740D0563757276650CFFFFFFFF04FFFFFFFF0CFFFFFFFF132170EA2216C58240600BB6600B6C69C000
310
0000000000000014E3852F9BFBFF23401CEC75C9A8839A3F00000000000000000A0600000000000000000A06AC07246212F7E83F110D04656467650C1802000004FFFFFFFF0CFFFFFFFF0C0A0200000600000000000000000CFC01000006F066AA99290013400CF60100000C190200000B0707756E6B6E6F776E110D067665
310
727465780CFFFFFFFF04FFFFFFFF0CFFFFFFFF0C0902000004000000000C1A020000110E0873747261696768740D0563757276650CFFFFFFFF04FFFFFFFF0CFFFFFFFF1308A629C37F038340048105E5656B69C00000000000000000140000000000000000000000000000000000000000000024400B0B110E0D4154545249
310
425F435553544F4D0D066174747269620CFFFFFFFF04FFFFFFFF0CFFFFFFFF0CF80100000CE4010000071667656E657269635F7461675F6174747269625F6465660403000000040300000004FFFFFFFF071767656E657269635F7461675F6174747269625F646566200401000000040200000007022D360400000000040100
310
0000042D0100000400000000110D05706F696E740CFFFFFFFF04FFFFFFFF0CFFFFFFFF1308A629C37F038340048105E5656B69C00000000000000000110E09706572737562656E740E1061636164536F6C6964486973746F72790D066174747269620CFFFFFFFF04FFFFFFFF0C1B0200000CFFFFFFFF0CFB01000004010000
310
0004010000000400CA9A3B04ED4D0200110E0873747261696768740D0563757276650CFFFFFFFF04FFFFFFFF0CFFFFFFFF134628B65C1EC58240BC1000E5587B63C0000000000000F03F1400000000000024C028059C96E7D9FE3D00000000000000000B0B110D05706F696E740CFFFFFFFF04FFFFFFFF0CFFFFFFFF1350EF
310
29C37F038340D94000E5587B63C0000000000000F03F110E0D4154545249425F435553544F4D0D066174747269620CFFFFFFFF04FFFFFFFF0CFFFFFFFF0C000200000CEA010000071667656E657269635F7461675F6174747269625F6465660403000000040300000004FFFFFFFF071767656E657269635F7461675F617474
310
7269625F64656620040100000004020000000702313004000000000401000000042D0100000400000000110D04656467650C1C02000004FFFFFFFF0CFFFFFFFF0C140200000600000000000000000C0A02000006AC07246212F7E83F0C040200000C1D0200000B0707756E6B6E6F776E110E09706572737562656E740E1061
310
636164536F6C6964486973746F72790D066174747269620CFFFFFFFF04FFFFFFFF0C1E0200000CFFFFFFFF0C05020000040100000004010000000400CA9A3B048FD40300110D067665727465780CFFFFFFFF04FFFFFFFF0CFFFFFFFF0C1202000004000000000C1F020000110E0873747261696768740D0563757276650CFF
310
FFFFFF04FFFFFFFF0CFFFFFFFF132170EA2216C58240600BB6600B6C69C00000000000000000140000000000000000000000000000000000000000000024400B0B110E0D4154545249425F435553544F4D0D066174747269620CFFFFFFFF04FFFFFFFF0CFFFFFFFF0C060200000CF5010000071667656E657269635F746167
310
5F6174747269625F6465660403000000040300000004FFFFFFFF071767656E657269635F7461675F6174747269625F646566200401000000040200000007022D3304000000000401000000042D0100000400000000110D05706F696E740CFFFFFFFF04FFFFFFFF0CFFFFFFFF132170EA2216C58240600BB6600B6C69C00000
310
000000000000110E09706572737562656E740E1061636164536F6C6964486973746F72790D066174747269620CFFFFFFFF04FFFFFFFF0C200200000CFFFFFFFF0C09020000040100000004010000000400CA9A3B04EE4D0200110E0873747261696768740D0563757276650CFFFFFFFF04FFFFFFFF0CFFFFFFFF1308A629C3
310
7F038340048105E5656B69C0000000000000F03F14D3AEABF8AEDAFE3D000000000000244000000000000000000B0B110D05706F696E740CFFFFFFFF04FFFFFFFF0CFFFFFFFF1308A629C37F038340048105E5656B69C0000000000000F03F110E0D4154545249425F435553544F4D0D066174747269620CFFFFFFFF04FFFF
310
FFFF0CFFFFFFFF0C0E0200000CFB010000071667656E657269635F7461675F6174747269625F6465660403000000040300000004FFFFFFFF071767656E657269635F7461675F6174747269625F646566200401000000040100000007013804000000000401000000042D0100000400000000110E09706572737562656E740E
310
1061636164536F6C6964486973746F72790D066174747269620CFFFFFFFF04FFFFFFFF0C210200000CFFFFFFFF0C12020000040100000004010000000400CA9A3B04EF4D0200110E0873747261696768740D0563757276650CFFFFFFFF04FFFFFFFF0CFFFFFFFF132170EA2216C58240600BB6600B6C69C0000000000000F0
310
3F14E3852F9BFBFF23401CEC75C9A8839A3F00000000000000000B0B110E0D4154545249425F435553544F4D0D066174747269620CFFFFFFFF04FFFFFFFF0CFFFFFFFF0C130200000C05020000071667656E657269635F7461675F6174747269625F6465660403000000040300000004FFFFFFFF071767656E657269635F74
310
61675F6174747269625F6465662004010000000403000000070331333304000000000401000000042D0100000400000000110D05706F696E740CFFFFFFFF04FFFFFFFF0CFFFFFFFF132170EA2216C58240600BB6600B6C69C0000000000000F03F110E0D4154545249425F435553544F4D0D066174747269620CFFFFFFFF04
310
FFFFFFFF0CFFFFFFFF0C180200000C09020000071667656E657269635F7461675F6174747269625F6465660403000000040300000004FFFFFFFF071767656E657269635F7461675F6174747269625F646566200401000000040100000007013604000000000401000000042D0100000400000000110E0D4154545249425F43
310
5553544F4D0D066174747269620CFFFFFFFF04FFFFFFFF0CFFFFFFFF0C1C0200000C12020000071667656E657269635F7461675F6174747269625F6465660403000000040300000004FFFFFFFF071767656E657269635F7461675F6174747269625F646566200401000000040100000007013304000000000401000000042D
310
0100000400000000110E03456E640E026F660E0341534D0D0464617461
  0
ACDSRECORD
 90
        0
  2
AcDbDs::ID
280
    10
320
87
  2
ASM_Data
280
    15
 94
    44488
310
414349532042696E61727946696C652855000000000000020000000C00000007104175746F6465736B204175746F434144071441534D203233322E342E302E3635353335204E540718467269204A756C2020332031393A34313A30362032303236066666666666663940068DEDB5A0F7C6B03E06BBBDD7D9DF7CDB3D0D0961
310
736D6865616465720CFFFFFFFF04FFFFFFFF070D3233322E342E302E3635353335110D04626F64790C0200000004FFFFFFFF0CFFFFFFFF0C030000000CFFFFFFFF0C04000000110E0D4154545249425F435553544F4D0D066174747269620CFFFFFFFF04FFFFFFFF0C050000000CFFFFFFFF0C01000000071454696D657374
310
616D705F6174747269625F646566040100000006FCCC6C8614CB1843110D046C756D700CFFFFFFFF04FFFFFFFF0CFFFFFFFF0CFFFFFFFF0C060000000C01000000110D097472616E73666F726D0CFFFFFFFF04FFFFFFFF14000000000000F03F00000000000000000000000000000000140000000000000000000000000000
310
F03F00000000000000001400000000000000000000000000000000000000000000F03F1400000000000000000000000000000000000000000000000006000000000000F03F0B0B0B110E0D4154545249425F435553544F4D0D066174747269620CFFFFFFFF04FFFFFFFF0CFFFFFFFF0C020000000C01000000071667656E65
310
7269635F7461675F6174747269625F6465660403000000040300000004FFFFFFFF071767656E657269635F7461675F6174747269625F6465662004010000000403000000070333303104A900000004000000000400000000110D057368656C6C0CFFFFFFFF04FFFFFFFF0CFFFFFFFF0CFFFFFFFF0CFFFFFFFF0C070000000C
310
FFFFFFFF0C03000000110D04666163650C0800000004FFFFFFFF0CFFFFFFFF0C090000000C0A0000000C060000000CFFFFFFFF0C0B0000000B0A0B110E09706572737562656E740E1061636164536F6C6964486973746F72790D066174747269620CFFFFFFFF04FFFFFFFF0C0C0000000CFFFFFFFF0C070000000401000000
310
04020000000400CA9A3B04E9030000110D04666163650C0D00000004FFFFFFFF0CFFFFFFFF0C0E0000000C0F0000000C060000000CFFFFFFFF0C100000000B0A0B110D046C6F6F700CFFFFFFFF04FFFFFFFF0CFFFFFFFF0CFFFFFFFF0C110000000C07000000110E05706C616E650D07737572666163650CFFFFFFFF04FFFF
310
FFFF0CFFFFFFFF13895E29C37F0383402336B2134D0A73C00000000000000000143588F2EDB82D653F3D35DDFDF8FFEF3F0000000000000000144641AA9EFBFF23C0422A6F2927799A3F00000000000000000B0B0B0B0B110E0D4154545249425F435553544F4D0D066174747269620CFFFFFFFF04FFFFFFFF0CFFFFFFFF0C
310
080000000C07000000071667656E657269635F7461675F6174747269625F6465660403000000040300000004FFFFFFFF071767656E657269635F7461675F6174747269625F6465662004010000000403000000070331363004000000000401000000042D0100000400000000110E09706572737562656E740E106163616453
310
6F6C6964486973746F72790D066174747269620CFFFFFFFF04FFFFFFFF0C120000000CFFFFFFFF0C09000000040100000004020000000400CA9A3B04EA030000110D04666163650C1300000004FFFFFFFF0CFFFFFFFF0C140000000C150000000C060000000CFFFFFFFF0C160000000B0A0B110D046C6F6F700CFFFFFFFF04
310
FFFFFFFF0CFFFFFFFF0CFFFFFFFF0C170000000C09000000110E05706C616E650D07737572666163650CFFFFFFFF04FFFFFFFF0CFFFFFFFF13F5F728C37F0383409AEB7F8D530276C0000000000000000014000000000000F03F305499F29646D1BD0000000000000000143CA93FAF3C98053E000000000000244000000000
310
000000000B0B0B0B0B110D06636F656467650CFFFFFFFF04FFFFFFFF0CFFFFFFFF0C180000000C190000000CFFFFFFFF0C1A0000000A0C0A00000004000000000CFFFFFFFF110E0D4154545249425F435553544F4D0D066174747269620CFFFFFFFF04FFFFFFFF0CFFFFFFFF0C0D0000000C09000000071667656E65726963
310
5F7461675F6174747269625F6465660403000000040300000004FFFFFFFF071767656E657269635F7461675F6174747269625F6465662004010000000403000000070331353904000000000401000000042D0100000400000000110E09706572737562656E740E1061636164536F6C6964486973746F72790D066174747269
310
620CFFFFFFFF04FFFFFFFF0C1B0000000CFFFFFFFF0C0E000000040100000004020000000400CA9A3B04EB030000110D04666163650C1C00000004FFFFFFFF0CFFFFFFFF0C1D0000000C1E0000000C060000000CFFFFFFFF0C1F0000000B0A0B110D046C6F6F700CFFFFFFFF04FFFFFFFF0CFFFFFFFF0CFFFFFFFF0C200000
310
000C0E000000110E05706C616E650D07737572666163650CFFFFFFFF04FFFFFFFF0CFFFFFFFF136132B65C1EC5824092D37F8D530276C0000000000000000014592D141AF3A6C8BD000000000000F0BF0000000000000000140000000000002440AF3899E0AFD0FEBD00000000000000000B0B0B0B0B110D06636F65646765
310
0CFFFFFFFF04FFFFFFFF0CFFFFFFFF0C210000000C220000000CFFFFFFFF0C230000000A0C0F00000004000000000CFFFFFFFF110D06636F656467650CFFFFFFFF04FFFFFFFF0CFFFFFFFF0C240000000C110000000CFFFFFFFF0C250000000B0C0A00000004000000000CFFFFFFFF110D06636F656467650CFFFFFFFF04FF
310
FFFFFF0CFFFFFFFF0C110000000C240000000C210000000C260000000A0C0A00000004000000000CFFFFFFFF110D04656467650C2700000004FFFFFFFF0CFFFFFFFF0C280000000600000000000000000C2900000006A09C3283C104E93F0C110000000C2A0000000B0707756E6B6E6F776E110E0D4154545249425F435553
310
544F4D0D066174747269620CFFFFFFFF04FFFFFFFF0CFFFFFFFF0C130000000C0E000000071667656E657269635F7461675F6174747269625F6465660403000000040300000004FFFFFFFF071767656E657269635F7461675F6174747269625F6465662004010000000403000000070331353804000000000401000000042D
310
0100000400000000110E09706572737562656E740E1061636164536F6C6964486973746F72790D066174747269620CFFFFFFFF04FFFFFFFF0C2B0000000CFFFFFFFF0C14000000040100000004020000000400CA9A3B04EC030000110D04666163650C2C00000004FFFFFFFF0CFFFFFFFF0C2D0000000C2E0000000C060000
310
000CFFFFFFFF0C2F0000000B0A0B110D046C6F6F700CFFFFFFFF04FFFFFFFF0CFFFFFFFF0CFFFFFFFF0C300000000C14000000110E05706C616E650D07737572666163650CFFFFFFFF04FFFFFFFF0CFFFFFFFF134628B65C1EC58240A6A263AB3A6B76C0000000000000000014000000000000F03F4CE78EC85DA7C8BD0000
310
000000000000141FA1B23A35D1FE3D000000000000244000000000000000000B0B0B0B0B110D06636F656467650CFFFFFFFF04FFFFFFFF0CFFFFFFFF0C310000000C320000000CFFFFFFFF0C330000000B0C1500000004000000000CFFFFFFFF110D06636F656467650CFFFFFFFF04FFFFFFFF0CFFFFFFFF0C340000000C17
310
0000000C190000000C260000000B0C0F00000004000000000CFFFFFFFF110D06636F656467650CFFFFFFFF04FFFFFFFF0CFFFFFFFF0C170000000C340000000C310000000C350000000A0C0F00000004000000000CFFFFFFFF110D04656467650C3600000004FFFFFFFF0CFFFFFFFF0C290000000600000000000000000C37
310
000000062C56F171290013400C170000000C380000000B0707756E6B6E6F776E110D06636F656467650CFFFFFFFF04FFFFFFFF0CFFFFFFFF0C190000000C180000000CFFFFFFFF0C390000000A0C0A00000004000000000CFFFFFFFF110D04656467650C3A00000004FFFFFFFF0CFFFFFFFF0C280000000600000000000000
310
000C3B000000069A9999999999B93F0C180000000C3C0000000B0707756E6B6E6F776E110D04656467650CFFFFFFFF04FFFFFFFF0CFFFFFFFF0C290000000600000000000000000C3D000000069A9999999999B93F0C210000000C3E0000000B0707756E6B6E6F776E110E09706572737562656E740E1061636164536F6C69
310
64486973746F72790D066174747269620CFFFFFFFF04FFFFFFFF0C3F0000000CFFFFFFFF0C1A000000040100000004020000000400CA9A3B0439C70000110D067665727465780CFFFFFFFF04FFFFFFFF0CFFFFFFFF0C1A00000004000000000C40000000110D067665727465780CFFFFFFFF04FFFFFFFF0CFFFFFFFF0C1A00
310
000004010000000C41000000110E0873747261696768740D0563757276650CFFFFFFFF04FFFFFFFF0CFFFFFFFF13942614EDF3C482401BE45A49FA0973C00000000000000000144641AA9EFBFF2340412A6F2927799ABF00000000000000000A0600000000000000000A06A09C3283C104E93F110E0D4154545249425F4355
310
53544F4D0D066174747269620CFFFFFFFF04FFFFFFFF0CFFFFFFFF0C1C0000000C14000000071667656E657269635F7461675F6174747269625F6465660403000000040300000004FFFFFFFF071767656E657269635F7461675F6174747269625F646566200401000000040300000007033135370400000000040100000004
310
2D0100000400000000110E09706572737562656E740E1061636164536F6C6964486973746F72790D066174747269620CFFFFFFFF04FFFFFFFF0C420000000CFFFFFFFF0C1D000000040100000004020000000400CA9A3B04ED030000110D04666163650C4300000004FFFFFFFF0CFFFFFFFF0C440000000C450000000C0600
310
00000CFFFFFFFF0C460000000B0A0B110D046C6F6F700CFFFFFFFF04FFFFFFFF0CFFFFFFFF0CFFFFFFFF0C470000000C1D000000110E05706C616E650D07737572666163650CFFFFFFFF04FFFFFFFF0CFFFFFFFF1350EF29C37F038340B1BA63AB3A6B76C0000000000000000014BC032306CCAAC83D000000000000F03F00
310
000000000000001400000000000024C0ABC4AB077FD5FE3D00000000000000000B0B0B0B0B110D06636F656467650CFFFFFFFF04FFFFFFFF0CFFFFFFFF0C480000000C490000000CFFFFFFFF0C4A0000000A0C1E00000004000000000CFFFFFFFF110D06636F656467650CFFFFFFFF04FFFFFFFF0CFFFFFFFF0C4B0000000C
310
200000000C220000000C350000000B0C1500000004000000000CFFFFFFFF110D06636F656467650CFFFFFFFF04FFFFFFFF0CFFFFFFFF0C200000000C4B0000000C480000000C4C0000000A0C1500000004000000000CFFFFFFFF110D04656467650C4D00000004FFFFFFFF0CFFFFFFFF0C4E0000000600000000000000000C
310
370000000600084F94C2F3E83F0C200000000C4F0000000B0707756E6B6E6F776E110D06636F656467650CFFFFFFFF04FFFFFFFF0CFFFFFFFF0C220000000C210000000CFFFFFFFF0C500000000A0C0F00000004000000000CFFFFFFFF110D04656467650CFFFFFFFF04FFFFFFFF0CFFFFFFFF0C3700000006000000000000
310
00000C51000000069A9999999999B93F0C310000000C520000000B0707756E6B6E6F776E110E09706572737562656E740E1061636164536F6C6964486973746F72790D066174747269620CFFFFFFFF04FFFFFFFF0C530000000CFFFFFFFF0C23000000040100000004020000000400CA9A3B043AC70000110D067665727465
310
780CFFFFFFFF04FFFFFFFF0CFFFFFFFF0C2300000004010000000C54000000110E0873747261696768740D0563757276650CFFFFFFFF04FFFFFFFF0CFFFFFFFF13895E29C37F0383402336B2134D0A73C00000000000000000143CA93FAF3C9805BE00000000000024C000000000000000000A0600000000000000000A062C
310
56F17129001340110D04656467650C5500000004FFFFFFFF0CFFFFFFFF0C3D00000006A09C3283C104E9BF0C3B0000000600000000000000800C240000000C560000000B0707756E6B6E6F776E110E09706572737562656E740E1061636164536F6C6964486973746F72790D066174747269620CFFFFFFFF04FFFFFFFF0C57
310
0000000CFFFFFFFF0C25000000040100000004020000000400CA9A3B04D94D0200110D067665727465780CFFFFFFFF04FFFFFFFF0CFFFFFFFF0C2500000004010000000C58000000110E0873747261696768740D0563757276650CFFFFFFFF04FFFFFFFF0CFFFFFFFF13942614EDF3C482401BE45A49FA0973C00000000000
310
000000140000000000000000000000000000000000000000000024400B0B110D067665727465780CFFFFFFFF04FFFFFFFF0CFFFFFFFF0C3900000004000000000C59000000110E0873747261696768740D0563757276650CFFFFFFFF04FFFFFFFF0CFFFFFFFF13895E29C37F0383402336B2134D0A73C00000000000000000
310
140000000000000000000000000000000000000000000024400B0B110E0D4154545249425F435553544F4D0D066174747269620CFFFFFFFF04FFFFFFFF0CFFFFFFFF0C270000000C1A000000071667656E657269635F7461675F6174747269625F6465660403000000040300000004FFFFFFFF071767656E657269635F7461
310
675F6174747269625F646566200401000000040400000007042D31303104000000000401000000042D0100000400000000110D05706F696E740CFFFFFFFF04FFFFFFFF0CFFFFFFFF13942614EDF3C482401BE45A49FA0973C00000000000000000110D05706F696E740CFFFFFFFF04FFFFFFFF0CFFFFFFFF13895E29C37F03
310
83402336B2134D0A73C00000000000000000110E0D4154545249425F435553544F4D0D066174747269620CFFFFFFFF04FFFFFFFF0CFFFFFFFF0C2C0000000C1D000000071667656E657269635F7461675F6174747269625F6465660403000000040300000004FFFFFFFF071767656E657269635F7461675F6174747269625F
310
6465662004010000000403000000070331353604000000000401000000042D0100000400000000110E09706572737562656E740E1061636164536F6C6964486973746F72790D066174747269620CFFFFFFFF04FFFFFFFF0C5A0000000CFFFFFFFF0C2D000000040100000004020000000400CA9A3B04EE030000110D046661
310
63650C5B00000004FFFFFFFF0CFFFFFFFF0C5C0000000C5D0000000C060000000CFFFFFFFF0C5E0000000B0A0B110D046C6F6F700CFFFFFFFF04FFFFFFFF0CFFFFFFFF0CFFFFFFFF0C5F0000000C2D000000110E05706C616E650D07737572666163650CFFFFFFFF04FFFFFFFF0CFFFFFFFF1308A629C37F038340BE5A662B
310
416379C0000000000000000014000000000000F03FF1588960F2AEC8BD0000000000000000142DAFABF8AEDAFE3D000000000000244000000000000000000B0B0B0B0B110D06636F656467650CFFFFFFFF04FFFFFFFF0CFFFFFFFF0C600000000C610000000CFFFFFFFF0C620000000A0C2E00000004000000000CFFFFFFFF
310
110D06636F656467650CFFFFFFFF04FFFFFFFF0CFFFFFFFF0C630000000C300000000C320000000C4C0000000B0C1E00000004000000000CFFFFFFFF110D06636F656467650CFFFFFFFF04FFFFFFFF0CFFFFFFFF0C300000000C630000000C600000000C640000000A0C1E00000004000000000CFFFFFFFF110D0465646765
310
0C6500000004FFFFFFFF0CFFFFFFFF0C4E0000000600000000000000000C6600000006809D5CFA05FBE43F0C300000000C670000000B0707756E6B6E6F776E110D06636F656467650CFFFFFFFF04FFFFFFFF0CFFFFFFFF0C320000000C310000000CFFFFFFFF0C680000000A0C1500000004000000000CFFFFFFFF110D0465
310
6467650CFFFFFFFF04FFFFFFFF0CFFFFFFFF0C4E0000000600000000000000000C69000000069A9999999999B93F0C480000000C6A0000000B0707756E6B6E6F776E110E09706572737562656E740E1061636164536F6C6964486973746F72790D066174747269620CFFFFFFFF04FFFFFFFF0C6B0000000CFFFFFFFF0C3300
310
0000040100000004020000000400CA9A3B043BC70000110D067665727465780CFFFFFFFF04FFFFFFFF0CFFFFFFFF0C3300000004000000000C6C000000110E0873747261696768740D0563757276650CFFFFFFFF04FFFFFFFF0CFFFFFFFF136132B65C1EC5824092D37F8D530276C000000000000000001400000000000024
310
40AF3899E0AFD0FEBD00000000000000000A0600000000000000000A0600084F94C2F3E83F110D04656467650C6D00000004FFFFFFFF0CFFFFFFFF0C51000000062C56F171290013C00C3D0000000600000000000000800C340000000C6E0000000B0707756E6B6E6F776E110D067665727465780CFFFFFFFF04FFFFFFFF0C
310
FFFFFFFF0C5000000004000000000C6F000000110E0873747261696768740D0563757276650CFFFFFFFF04FFFFFFFF0CFFFFFFFF13F5F728C37F0383409AEB7F8D530276C00000000000000000140000000000000000000000000000000000000000000024400B0B110E0D4154545249425F435553544F4D0D066174747269
310
620CFFFFFFFF04FFFFFFFF0CFFFFFFFF0C360000000C23000000071667656E657269635F7461675F6174747269625F6465660403000000040300000004FFFFFFFF071767656E657269635F7461675F6174747269625F646566200401000000040300000007032D393904000000000401000000042D0100000400000000110D
310
05706F696E740CFFFFFFFF04FFFFFFFF0CFFFFFFFF13F5F728C37F0383409AEB7F8D530276C00000000000000000110E09706572737562656E740E1061636164536F6C6964486973746F72790D066174747269620CFFFFFFFF04FFFFFFFF0C700000000CFFFFFFFF0C39000000040100000004020000000400CA9A3B0479D4
310
0300110E0873747261696768740D0563757276650CFFFFFFFF04FFFFFFFF0CFFFFFFFF13942614EDF3C482401BE45A49FA0973C0000000000000F03F144641AA9EFBFF23C0412A6F2927799A3F00000000000000000B0B110E0D4154545249425F435553544F4D0D066174747269620CFFFFFFFF04FFFFFFFF0CFFFFFFFF0C
310
3A0000000C25000000071667656E657269635F7461675F6174747269625F6465660403000000040300000004FFFFFFFF071767656E657269635F7461675F6174747269625F6465662004010000000403000000070331363204000000000401000000042D0100000400000000110D05706F696E740CFFFFFFFF04FFFFFFFF0C
310
FFFFFFFF13942614EDF3C482401BE45A49FA0973C0000000000000F03F110D05706F696E740CFFFFFFFF04FFFFFFFF0CFFFFFFFF13895E29C37F0383402336B2134D0A73C0000000000000F03F110E0D4154545249425F435553544F4D0D066174747269620CFFFFFFFF04FFFFFFFF0CFFFFFFFF0C430000000C2D00000007
310
1667656E657269635F7461675F6174747269625F6465660403000000040300000004FFFFFFFF071767656E657269635F7461675F6174747269625F6465662004010000000403000000070331353504000000000401000000042D0100000400000000110E09706572737562656E740E1061636164536F6C6964486973746F72
310
790D066174747269620CFFFFFFFF04FFFFFFFF0C710000000CFFFFFFFF0C44000000040100000004020000000400CA9A3B04EF030000110D04666163650C7200000004FFFFFFFF0CFFFFFFFF0C730000000C740000000C060000000CFFFFFFFF0C750000000B0A0B110D046C6F6F700CFFFFFFFF04FFFFFFFF0CFFFFFFFF0C
310
FFFFFFFF0C760000000C44000000110E05706C616E650D07737572666163650CFFFFFFFF04FFFFFFFF0CFFFFFFFF13FCDEB55C1EC5824082098E6DEE6279C00000000000000000144AEA55ADEC3865BF8D4671F6F8FFEFBF00000000000000001418CC069AFBFF2340DC64ABD827879ABF00000000000000000B0B0B0B0B11
310
0D06636F656467650CFFFFFFFF04FFFFFFFF0CFFFFFFFF0C770000000C780000000CFFFFFFFF0C790000000B0C4500000004000000000CFFFFFFFF110D06636F656467650CFFFFFFFF04FFFFFFFF0CFFFFFFFF0C7A0000000C470000000C490000000C640000000B0C2E00000004000000000CFFFFFFFF110D06636F656467
310
650CFFFFFFFF04FFFFFFFF0CFFFFFFFF0C470000000C7A0000000C770000000C7B0000000A0C2E00000004000000000CFFFFFFFF110D04656467650C7C00000004FFFFFFFF0CFFFFFFFF0C660000000600000000000000000C7D000000060004B694C2F3E83F0C470000000C7E0000000B0707756E6B6E6F776E110D06636F
310
656467650CFFFFFFFF04FFFFFFFF0CFFFFFFFF0C490000000C480000000CFFFFFFFF0C7F0000000A0C1E00000004000000000CFFFFFFFF110D04656467650CFFFFFFFF04FFFFFFFF0CFFFFFFFF0C660000000600000000000000000C80000000069A9999999999B93F0C600000000C810000000B0707756E6B6E6F776E110E
310
09706572737562656E740E1061636164536F6C6964486973746F72790D066174747269620CFFFFFFFF04FFFFFFFF0C820000000CFFFFFFFF0C4A000000040100000004020000000400CA9A3B043CC70000110D067665727465780CFFFFFFFF04FFFFFFFF0CFFFFFFFF0C4A00000004010000000C83000000110E0873747261
310
696768740D0563757276650CFFFFFFFF04FFFFFFFF0CFFFFFFFF136132B65C1EC5824092D37F8D530276C00000000000000000141FA1B23A35D1FEBD00000000000024C000000000000000000A0600000000000000000A06809D5CFA05FBE43F110D04656467650C8400000004FFFFFFFF0CFFFFFFFF0C6900000006000000
310
00000000000C510000000600084F94C2F3E83F0C4B0000000C850000000B0707756E6B6E6F776E110D067665727465780CFFFFFFFF04FFFFFFFF0CFFFFFFFF0C6800000004000000000C86000000110E0873747261696768740D0563757276650CFFFFFFFF04FFFFFFFF0CFFFFFFFF136132B65C1EC5824092D37F8D530276
310
C00000000000000000140000000000000000000000000000000000000000000024400B0B110E0D4154545249425F435553544F4D0D066174747269620CFFFFFFFF04FFFFFFFF0CFFFFFFFF0C4D0000000C33000000071667656E657269635F7461675F6174747269625F6465660403000000040300000004FFFFFFFF071767
310
656E657269635F7461675F6174747269625F646566200401000000040300000007032D393704000000000401000000042D0100000400000000110D05706F696E740CFFFFFFFF04FFFFFFFF0CFFFFFFFF136132B65C1EC5824092D37F8D530276C00000000000000000110E09706572737562656E740E1061636164536F6C69
310
64486973746F72790D066174747269620CFFFFFFFF04FFFFFFFF0C870000000CFFFFFFFF0C50000000040100000004020000000400CA9A3B04DA4D0200110E0873747261696768740D0563757276650CFFFFFFFF04FFFFFFFF0CFFFFFFFF13895E29C37F0383402336B2134D0A73C0000000000000F03F143CA93FAF3C9805
310
3E000000000000244000000000000000000B0B110D05706F696E740CFFFFFFFF04FFFFFFFF0CFFFFFFFF13F5F728C37F0383409AEB7F8D530276C0000000000000F03F110E0D4154545249425F435553544F4D0D066174747269620CFFFFFFFF04FFFFFFFF0CFFFFFFFF0C550000000C39000000071667656E657269635F74
310
61675F6174747269625F6465660403000000040300000004FFFFFFFF071767656E657269635F7461675F6174747269625F6465662004010000000403000000070331303104000000000401000000042D0100000400000000110E0D4154545249425F435553544F4D0D066174747269620CFFFFFFFF04FFFFFFFF0CFFFFFFFF
310
0C5B0000000C44000000071667656E657269635F7461675F6174747269625F6465660403000000040300000004FFFFFFFF071767656E657269635F7461675F6174747269625F6465662004010000000403000000070331353404000000000401000000042D0100000400000000110E09706572737562656E740E1061636164
310
536F6C6964486973746F72790D066174747269620CFFFFFFFF04FFFFFFFF0C880000000CFFFFFFFF0C5C000000040100000004020000000400CA9A3B04F0030000110D04666163650C8900000004FFFFFFFF0CFFFFFFFF0C8A0000000C8B0000000C060000000CFFFFFFFF0C8C0000000B0A0B110D046C6F6F700CFFFFFFFF
310
04FFFFFFFF0CFFFFFFFF0CFFFFFFFF0C8D0000000C5C000000110E05706C616E650D07737572666163650CFFFFFFFF04FFFFFFFF0CFFFFFFFF134066E0F00EF07A4082098E6DEE6279C00000000000000000140000000000000000000000000000F0BF00000000000000001400000000000024400000000000000000000000
310
00000000000B0B0B0B0B110D06636F656467650CFFFFFFFF04FFFFFFFF0CFFFFFFFF0C8E0000000C8F0000000CFFFFFFFF0C900000000B0C5D00000004000000000CFFFFFFFF110D06636F656467650CFFFFFFFF04FFFFFFFF0CFFFFFFFF0C910000000C5F0000000C610000000C7B0000000B0C4500000004000000000CFF
310
FFFFFF110D06636F656467650CFFFFFFFF04FFFFFFFF0CFFFFFFFF0C5F0000000C910000000C8E0000000C920000000A0C4500000004000000000CFFFFFFFF110D04656467650C9300000004FFFFFFFF0CFFFFFFFF0C940000000600000000000000000C7D00000006B866AA99290013400C5F0000000C950000000B070775
310
6E6B6E6F776E110D06636F656467650CFFFFFFFF04FFFFFFFF0CFFFFFFFF0C610000000C600000000CFFFFFFFF0C960000000A0C2E00000004000000000CFFFFFFFF110D04656467650CFFFFFFFF04FFFFFFFF0CFFFFFFFF0C7D0000000600000000000000000C97000000069A9999999999B93F0C770000000C980000000B
310
0707756E6B6E6F776E110E09706572737562656E740E1061636164536F6C6964486973746F72790D066174747269620CFFFFFFFF04FFFFFFFF0C990000000CFFFFFFFF0C62000000040100000004020000000400CA9A3B043DC70000110D067665727465780CFFFFFFFF04FFFFFFFF0CFFFFFFFF0C6200000004010000000C
310
9A000000110E0873747261696768740D0563757276650CFFFFFFFF04FFFFFFFF0CFFFFFFFF134628B65C1EC58240A6A263AB3A6B76C00000000000000000140000000000002440ABC4AB077FD5FEBD00000000000000000A0600000000000000000A060004B694C2F3E83F110D04656467650C9B00000004FFFFFFFF0CFFFF
310
FFFF0C8000000006809D5CFA05FBE4BF0C690000000600000000000000800C630000000C9C0000000B0707756E6B6E6F776E110D067665727465780CFFFFFFFF04FFFFFFFF0CFFFFFFFF0C7F00000004000000000C9D000000110E0873747261696768740D0563757276650CFFFFFFFF04FFFFFFFF0CFFFFFFFF134628B65C
310
1EC58240A6A263AB3A6B76C00000000000000000140000000000000000000000000000000000000000000024400B0B110E0D4154545249425F435553544F4D0D066174747269620CFFFFFFFF04FFFFFFFF0CFFFFFFFF0C650000000C4A000000071667656E657269635F7461675F6174747269625F64656604030000000403
310
00000004FFFFFFFF071767656E657269635F7461675F6174747269625F646566200401000000040300000007032D393504000000000401000000042D0100000400000000110D05706F696E740CFFFFFFFF04FFFFFFFF0CFFFFFFFF134628B65C1EC58240A6A263AB3A6B76C00000000000000000110E09706572737562656E
310
740E1061636164536F6C6964486973746F72790D066174747269620CFFFFFFFF04FFFFFFFF0C9E0000000CFFFFFFFF0C68000000040100000004020000000400CA9A3B04DB4D0200110E0873747261696768740D0563757276650CFFFFFFFF04FFFFFFFF0CFFFFFFFF136132B65C1EC5824092D37F8D530276C00000000000
310
00F03F140000000000002440AF3899E0AFD0FEBD00000000000000000B0B110D05706F696E740CFFFFFFFF04FFFFFFFF0CFFFFFFFF136132B65C1EC5824092D37F8D530276C0000000000000F03F110E0D4154545249425F435553544F4D0D066174747269620CFFFFFFFF04FFFFFFFF0CFFFFFFFF0C6D0000000C50000000
310
071667656E657269635F7461675F6174747269625F6465660403000000040300000004FFFFFFFF071767656E657269635F7461675F6174747269625F64656620040100000004020000000702393904000000000401000000042D0100000400000000110E0D4154545249425F435553544F4D0D066174747269620CFFFFFFFF
310
04FFFFFFFF0CFFFFFFFF0C720000000C5C000000071667656E657269635F7461675F6174747269625F6465660403000000040300000004FFFFFFFF071767656E657269635F7461675F6174747269625F6465662004010000000403000000070331353304000000000401000000042D0100000400000000110E097065727375
310
62656E740E1061636164536F6C6964486973746F72790D066174747269620CFFFFFFFF04FFFFFFFF0C9F0000000CFFFFFFFF0C73000000040100000004020000000400CA9A3B04F1030000110D04666163650CA000000004FFFFFFFF0CFFFFFFFF0CA10000000CA20000000C060000000CFFFFFFFF0CA30000000B0A0B110D
310
046C6F6F700CFFFFFFFF04FFFFFFFF0CFFFFFFFF0CFFFFFFFF0CA40000000C73000000110E05706C616E650D07737572666163650CFFFFFFFF04FFFFFFFF0CFFFFFFFF134066E0F00EF07A401AC7711CC73676C0000000000000000014000000000000F0BF0000000000000000000000000000000014000000000000000000
310
000000000024C000000000000000000B0B0B0B0B110D06636F656467650CFFFFFFFF04FFFFFFFF0CFFFFFFFF0CA50000000CA60000000CFFFFFFFF0CA70000000A0C7400000004000000000CFFFFFFFF110D06636F656467650CFFFFFFFF04FFFFFFFF0CFFFFFFFF0CA80000000C760000000C780000000C920000000B0C5D
310
00000004000000000CFFFFFFFF110D06636F656467650CFFFFFFFF04FFFFFFFF0CFFFFFFFF0C760000000CA80000000CA50000000CA90000000A0C5D00000004000000000CFFFFFFFF110D04656467650CAA00000004FFFFFFFF0CFFFFFFFF0CAB0000000600000000000000000C94000000067CA37D11C8F3E83F0C760000
310
000CAC0000000B0707756E6B6E6F776E110D06636F656467650CFFFFFFFF04FFFFFFFF0CFFFFFFFF0C780000000C770000000CFFFFFFFF0CAD0000000A0C4500000004000000000CFFFFFFFF110D04656467650CFFFFFFFF04FFFFFFFF0CFFFFFFFF0C940000000600000000000000000CAE000000069A9999999999B93F0C
310
8E0000000CAF0000000B0707756E6B6E6F776E110E09706572737562656E740E1061636164536F6C6964486973746F72790D066174747269620CFFFFFFFF04FFFFFFFF0CB00000000CFFFFFFFF0C79000000040100000004020000000400CA9A3B043EC70000110D067665727465780CFFFFFFFF04FFFFFFFF0CFFFFFFFF0C
310
7900000004000000000CB1000000110E0873747261696768740D0563757276650CFFFFFFFF04FFFFFFFF0CFFFFFFFF1308A629C37F038340BE5A662B416379C00000000000000000142DAFABF8AEDAFE3D000000000000244000000000000000000A0600000000000000000A06B866AA9929001340110D04656467650CB200
310
000004FFFFFFFF0CFFFFFFFF0C97000000060004B694C2F3E8BF0C800000000600000000000000800C7A0000000CB30000000B0707756E6B6E6F776E110D067665727465780CFFFFFFFF04FFFFFFFF0CFFFFFFFF0C9600000004000000000CB4000000110E0873747261696768740D0563757276650CFFFFFFFF04FFFFFFFF
310
0CFFFFFFFF1350EF29C37F038340B1BA63AB3A6B76C00000000000000000140000000000000000000000000000000000000000000024400B0B110E0D4154545249425F435553544F4D0D066174747269620CFFFFFFFF04FFFFFFFF0CFFFFFFFF0C7C0000000C62000000071667656E657269635F7461675F6174747269625F
310
6465660403000000040300000004FFFFFFFF071767656E657269635F7461675F6174747269625F646566200401000000040300000007032D393304000000000401000000042D0100000400000000110D05706F696E740CFFFFFFFF04FFFFFFFF0CFFFFFFFF1350EF29C37F038340B1BA63AB3A6B76C0000000000000000011
310
0E09706572737562656E740E1061636164536F6C6964486973746F72790D066174747269620CFFFFFFFF04FFFFFFFF0CB50000000CFFFFFFFF0C7F000000040100000004020000000400CA9A3B04DC4D0200110E0873747261696768740D0563757276650CFFFFFFFF04FFFFFFFF0CFFFFFFFF136132B65C1EC5824092D37F
310
8D530276C0000000000000F03F141FA1B23A35D1FE3D000000000000244000000000000000000B0B110D05706F696E740CFFFFFFFF04FFFFFFFF0CFFFFFFFF134628B65C1EC58240A6A263AB3A6B76C0000000000000F03F110E0D4154545249425F435553544F4D0D066174747269620CFFFFFFFF04FFFFFFFF0CFFFFFFFF
310
0C840000000C68000000071667656E657269635F7461675F6174747269625F6465660403000000040300000004FFFFFFFF071767656E657269635F7461675F6174747269625F64656620040100000004020000000702393704000000000401000000042D0100000400000000110E0D4154545249425F435553544F4D0D0661
310
74747269620CFFFFFFFF04FFFFFFFF0CFFFFFFFF0C890000000C73000000071667656E657269635F7461675F6174747269625F6465660403000000040300000004FFFFFFFF071767656E657269635F7461675F6174747269625F6465662004010000000403000000070331353204000000000401000000042D010000040000
310
0000110E09706572737562656E740E1061636164536F6C6964486973746F72790D066174747269620CFFFFFFFF04FFFFFFFF0CB60000000CFFFFFFFF0C8A000000040100000004020000000400CA9A3B04F2030000110D04666163650CB700000004FFFFFFFF0CFFFFFFFF0CB80000000CB90000000C060000000CFFFFFFFF
310
0CBA0000000B0A0B110D046C6F6F700CFFFFFFFF04FFFFFFFF0CFFFFFFFF0CFFFFFFFF0CBB0000000C8A000000110E05706C616E650D07737572666163650CFFFFFFFF04FFFFFFFF0CFFFFFFFF13E8933EE9936379401AC7711CC73676C00000000000000000140000000000000000000000000000F0BF0000000000000000
310
140000000000002440000000000000000000000000000000000B0B0B0B0B110D06636F656467650CFFFFFFFF04FFFFFFFF0CFFFFFFFF0CBC0000000CBD0000000CFFFFFFFF0CBE0000000B0C8B00000004000000000CFFFFFFFF110D06636F656467650CFFFFFFFF04FFFFFFFF0CFFFFFFFF0CBF0000000C8D0000000C8F00
310
00000CA90000000B0C7400000004000000000CFFFFFFFF110D06636F656467650CFFFFFFFF04FFFFFFFF0CFFFFFFFF0C8D0000000CBF0000000CBC0000000CC00000000A0C7400000004000000000CFFFFFFFF110D04656467650CC100000004FFFFFFFF0CFFFFFFFF0CAB0000000600000000000000000CC2000000062659
310
45A7AFF630400C8D0000000CC30000000B0707756E6B6E6F776E110D06636F656467650CFFFFFFFF04FFFFFFFF0CFFFFFFFF0C8F0000000C8E0000000CFFFFFFFF0CC40000000A0C5D00000004000000000CFFFFFFFF110D04656467650CFFFFFFFF04FFFFFFFF0CFFFFFFFF0CAB0000000600000000000000000CC5000000
310
069A9999999999B93F0CA50000000CC60000000B070774616E67656E74110E09706572737562656E740E1061636164536F6C6964486973746F72790D066174747269620CFFFFFFFF04FFFFFFFF0CC70000000CFFFFFFFF0C90000000040100000004020000000400CA9A3B043FC70000110D067665727465780CFFFFFFFF04
310
FFFFFFFF0CFFFFFFFF0C9000000004000000000CC8000000110E0873747261696768740D0563757276650CFFFFFFFF04FFFFFFFF0CFFFFFFFF13FCDEB55C1EC5824082098E6DEE6279C000000000000000001418CC069AFBFF2340DB64ABD827879ABF00000000000000000A0600000000000000000A067CA37D11C8F3E83F
310
110D04656467650CC900000004FFFFFFFF0CFFFFFFFF0CAE0000000600000000000000000C9700000006B866AA99290013400C910000000CCA0000000B0707756E6B6E6F776E110D067665727465780CFFFFFFFF04FFFFFFFF0CFFFFFFFF0CAD00000004000000000CCB000000110E0873747261696768740D056375727665
310
0CFFFFFFFF04FFFFFFFF0CFFFFFFFF1308A629C37F038340BE5A662B416379C00000000000000000140000000000000000000000000000000000000000000024400B0B110E0D4154545249425F435553544F4D0D066174747269620CFFFFFFFF04FFFFFFFF0CFFFFFFFF0C930000000C79000000071667656E657269635F74
310
61675F6174747269625F6465660403000000040300000004FFFFFFFF071767656E657269635F7461675F6174747269625F646566200401000000040300000007032D393104000000000401000000042D0100000400000000110D05706F696E740CFFFFFFFF04FFFFFFFF0CFFFFFFFF1308A629C37F038340BE5A662B416379
310
C00000000000000000110E09706572737562656E740E1061636164536F6C6964486973746F72790D066174747269620CFFFFFFFF04FFFFFFFF0CCC0000000CFFFFFFFF0C96000000040100000004020000000400CA9A3B04DD4D0200110E0873747261696768740D0563757276650CFFFFFFFF04FFFFFFFF0CFFFFFFFF1346
310
28B65C1EC58240A6A263AB3A6B76C0000000000000F03F1400000000000024C0ABC4AB077FD5FE3D00000000000000000B0B110D05706F696E740CFFFFFFFF04FFFFFFFF0CFFFFFFFF1350EF29C37F038340B1BA63AB3A6B76C0000000000000F03F110E0D4154545249425F435553544F4D0D066174747269620CFFFFFFFF
310
04FFFFFFFF0CFFFFFFFF0C9B0000000C7F000000071667656E657269635F7461675F6174747269625F6465660403000000040300000004FFFFFFFF071767656E657269635F7461675F6174747269625F64656620040100000004020000000702393504000000000401000000042D0100000400000000110E0D415454524942
310
5F435553544F4D0D066174747269620CFFFFFFFF04FFFFFFFF0CFFFFFFFF0CA00000000C8A000000071667656E657269635F7461675F6174747269625F6465660403000000040300000004FFFFFFFF071767656E657269635F7461675F6174747269625F646566200401000000040300000007033135310400000000040100
310
0000042D0100000400000000110E09706572737562656E740E1061636164536F6C6964486973746F72790D066174747269620CFFFFFFFF04FFFFFFFF0CCD0000000CFFFFFFFF0CA1000000040100000004020000000400CA9A3B04F3030000110D04666163650CCE00000004FFFFFFFF0CFFFFFFFF0CCF0000000CD0000000
310
0C060000000CFFFFFFFF0CD10000000B0A0B110D046C6F6F700CFFFFFFFF04FFFFFFFF0CFFFFFFFF0CFFFFFFFF0CD20000000CA1000000110E05706C616E650D07737572666163650CFFFFFFFF04FFFFFFFF0CFFFFFFFF13E8933EE993637940B9B0D3D0CC2D7AC0000000000000000014000000000000F03F000000000000
310
00000000000000000000140000000000000000000000000000244000000000000000000B0B0B0B0B110D06636F656467650CFFFFFFFF04FFFFFFFF0CFFFFFFFF0CD30000000CD40000000CFFFFFFFF0CD50000000A0CA200000004000000000CFFFFFFFF110D06636F656467650CFFFFFFFF04FFFFFFFF0CFFFFFFFF0CD600
310
00000CA40000000CA60000000CC00000000B0C8B00000004000000000CFFFFFFFF110D06636F656467650CFFFFFFFF04FFFFFFFF0CFFFFFFFF0CA40000000CD60000000CD30000000CD70000000A0C8B00000004000000000CFFFFFFFF110D04656467650CD800000004FFFFFFFF0CFFFFFFFF0CD900000006000000000000
310
00000CC20000000600A9816DC84D14400CA40000000CDA0000000B0707756E6B6E6F776E110D06636F656467650CFFFFFFFF04FFFFFFFF0CFFFFFFFF0CA60000000CA50000000CFFFFFFFF0CDB0000000A0C7400000004000000000CFFFFFFFF110D04656467650CFFFFFFFF04FFFFFFFF0CFFFFFFFF0CC200000006000000
310
00000000000CDC000000069A9999999999B93F0CBC0000000CDD0000000B0707756E6B6E6F776E110E09706572737562656E740E1061636164536F6C6964486973746F72790D066174747269620CFFFFFFFF04FFFFFFFF0CDE0000000CFFFFFFFF0CA7000000040100000004020000000400CA9A3B0440C70000110D067665
310
727465780CFFFFFFFF04FFFFFFFF0CFFFFFFFF0CA700000004010000000CDF000000110E0873747261696768740D0563757276650CFFFFFFFF04FFFFFFFF0CFFFFFFFF13FCDEB55C1EC5824082098E6DEE6279C000000000000000001400000000000024C0000000000000000000000000000000000A060000000000000000
310
0A06265945A7AFF63040110D04656467650CE000000004FFFFFFFF0CFFFFFFFF0CC50000000600000000000000000CAE000000067CA37D11C8F3E83F0CA80000000CE10000000B0707756E6B6E6F776E110D067665727465780CFFFFFFFF04FFFFFFFF0CFFFFFFFF0CC400000004000000000CE2000000110E087374726169
310
6768740D0563757276650CFFFFFFFF04FFFFFFFF0CFFFFFFFF13FCDEB55C1EC5824082098E6DEE6279C00000000000000000140000000000000000000000000000000000000000000024400B0B110E0D4154545249425F435553544F4D0D066174747269620CFFFFFFFF04FFFFFFFF0CFFFFFFFF0CAA0000000C9000000007
310
1667656E657269635F7461675F6174747269625F6465660403000000040300000004FFFFFFFF071767656E657269635F7461675F6174747269625F646566200401000000040300000007032D383904000000000401000000042D0100000400000000110D05706F696E740CFFFFFFFF04FFFFFFFF0CFFFFFFFF13FCDEB55C1E
310
C5824082098E6DEE6279C00000000000000000110E09706572737562656E740E1061636164536F6C6964486973746F72790D066174747269620CFFFFFFFF04FFFFFFFF0CE30000000CFFFFFFFF0CAD000000040100000004020000000400CA9A3B04DE4D0200110E0873747261696768740D0563757276650CFFFFFFFF04FF
310
FFFFFF0CFFFFFFFF1308A629C37F038340BE5A662B416379C0000000000000F03F142DAFABF8AEDAFE3D000000000000244000000000000000000B0B110D05706F696E740CFFFFFFFF04FFFFFFFF0CFFFFFFFF1308A629C37F038340BE5A662B416379C0000000000000F03F110E0D4154545249425F435553544F4D0D0661
310
74747269620CFFFFFFFF04FFFFFFFF0CFFFFFFFF0CB20000000C96000000071667656E657269635F7461675F6174747269625F6465660403000000040300000004FFFFFFFF071767656E657269635F7461675F6174747269625F64656620040100000004020000000702393304000000000401000000042D01000004000000
310
00110E0D4154545249425F435553544F4D0D066174747269620CFFFFFFFF04FFFFFFFF0CFFFFFFFF0CB70000000CA1000000071667656E657269635F7461675F6174747269625F6465660403000000040300000004FFFFFFFF071767656E657269635F7461675F6174747269625F6465662004010000000403000000070331
310
353004000000000401000000042D0100000400000000110E09706572737562656E740E1061636164536F6C6964486973746F72790D066174747269620CFFFFFFFF04FFFFFFFF0CE40000000CFFFFFFFF0CB8000000040100000004020000000400CA9A3B04F4030000110D04666163650CE500000004FFFFFFFF0CFFFFFFFF
310
0CE60000000CE70000000C060000000CFFFFFFFF0CE80000000B0A0B110D046C6F6F700CFFFFFFFF04FFFFFFFF0CFFFFFFFF0CFFFFFFFF0CE90000000CB8000000110E05706C616E650D07737572666163650CFFFFFFFF04FFFFFFFF0CFFFFFFFF13600BB6600B6C6940B9B0D3D0CC2D7AC000000000000000001400000000
310
00000000000000000000F0BF0000000000000000140000000000002440000000000000000000000000000000000B0B0B0B0B110D06636F656467650CFFFFFFFF04FFFFFFFF0CFFFFFFFF0CEA0000000CEB0000000CFFFFFFFF0CEC0000000A0CB900000004000000000CFFFFFFFF110D06636F656467650CFFFFFFFF04FFFF
310
FFFF0CFFFFFFFF0CED0000000CBB0000000CBD0000000CD70000000B0CA200000004000000000CFFFFFFFF110D06636F656467650CFFFFFFFF04FFFFFFFF0CFFFFFFFF0CBB0000000CED0000000CEA0000000CEE0000000A0CA200000004000000000CFFFFFFFF110D04656467650CEF00000004FFFFFFFF0CFFFFFFFF0CD9
310
0000000600000000000000000CF000000006001EE494F3D203400CBB0000000CF10000000B0707756E6B6E6F776E110D06636F656467650CFFFFFFFF04FFFFFFFF0CFFFFFFFF0CBD0000000CBC0000000CFFFFFFFF0CF20000000A0C8B00000004000000000CFFFFFFFF110D04656467650CFFFFFFFF04FFFFFFFF0CFFFFFF
310
FF0CD90000000600000000000000000CF3000000069A9999999999B93F0CD30000000CF40000000B0707756E6B6E6F776E110E09706572737562656E740E1061636164536F6C6964486973746F72790D066174747269620CFFFFFFFF04FFFFFFFF0CF50000000CFFFFFFFF0CBE000000040100000004020000000400CA9A3B
310
0441C70000110D067665727465780CFFFFFFFF04FFFFFFFF0CFFFFFFFF0CBE00000004000000000CF6000000110E0873747261696768740D0563757276650CFFFFFFFF04FFFFFFFF0CFFFFFFFF134066E0F00EF07A401AC7711CC73676C0000000000000000014000000000000000000000000000024C00000000000000000
310
0A0600000000000000000A0600A9816DC84D1440110D04656467650CF700000004FFFFFFFF0CFFFFFFFF0CDC00000006265945A7AFF630C00CC50000000600000000000000800CBF0000000CF80000000B0707756E6B6E6F776E110D067665727465780CFFFFFFFF04FFFFFFFF0CFFFFFFFF0CDB00000004000000000CF900
310
0000110E0873747261696768740D0563757276650CFFFFFFFF04FFFFFFFF0CFFFFFFFF134066E0F00EF07A4082098E6DEE6279C00000000000000000140000000000000000000000000000000000000000000024400B0B110E0D4154545249425F435553544F4D0D066174747269620CFFFFFFFF04FFFFFFFF0CFFFFFFFF0C
310
C10000000CA7000000071667656E657269635F7461675F6174747269625F6465660403000000040300000004FFFFFFFF071767656E657269635F7461675F6174747269625F646566200401000000040300000007032D383704000000000401000000042D0100000400000000110D05706F696E740CFFFFFFFF04FFFFFFFF0C
310
FFFFFFFF134066E0F00EF07A4082098E6DEE6279C00000000000000000110E09706572737562656E740E1061636164536F6C6964486973746F72790D066174747269620CFFFFFFFF04FFFFFFFF0CFA0000000CFFFFFFFF0CC4000000040100000004020000000400CA9A3B04DF4D0200110E0873747261696768740D056375
310
7276650CFFFFFFFF04FFFFFFFF0CFFFFFFFF13FCDEB55C1EC5824082098E6DEE6279C0000000000000F03F1418CC069AFBFF2340DB64ABD827879ABF00000000000000000B0B110D05706F696E740CFFFFFFFF04FFFFFFFF0CFFFFFFFF13FCDEB55C1EC5824082098E6DEE6279C0000000000000F03F110E0D415454524942
310
5F435553544F4D0D066174747269620CFFFFFFFF04FFFFFFFF0CFFFFFFFF0CC90000000CAD000000071667656E657269635F7461675F6174747269625F6465660403000000040300000004FFFFFFFF071767656E657269635F7461675F6174747269625F646566200401000000040200000007023931040000000004010000
310
00042D0100000400000000110E0D4154545249425F435553544F4D0D066174747269620CFFFFFFFF04FFFFFFFF0CFFFFFFFF0CCE0000000CB8000000071667656E657269635F7461675F6174747269625F6465660403000000040300000004FFFFFFFF071767656E657269635F7461675F6174747269625F64656620040100
310
00000403000000070331343904000000000401000000042D0100000400000000110E09706572737562656E740E1061636164536F6C6964486973746F72790D066174747269620CFFFFFFFF04FFFFFFFF0CFB0000000CFFFFFFFF0CCF000000040100000004020000000400CA9A3B04F5030000110D04666163650CFC000000
310
04FFFFFFFF0CFFFFFFFF0CFD0000000CFE0000000C060000000CFFFFFFFF0CFF0000000B0A0B110D046C6F6F700CFFFFFFFF04FFFFFFFF0CFFFFFFFF0CFFFFFFFF0C000100000CCF000000110E05706C616E650D07737572666163650CFFFFFFFF04FFFFFFFF0CFFFFFFFF13600BB6600B6C69401AC7711CC73676C0000000
310
000000000014000000000000F0BF0000000000000000000000000000000014000000000000000000000000000024C000000000000000000B0B0B0B0B110D06636F656467650CFFFFFFFF04FFFFFFFF0CFFFFFFFF0C010100000C020100000CFFFFFFFF0C030100000B0CD000000004000000000CFFFFFFFF110D06636F6564
310
67650CFFFFFFFF04FFFFFFFF0CFFFFFFFF0C040100000CD20000000CD40000000CEE0000000B0CB900000004000000000CFFFFFFFF110D06636F656467650CFFFFFFFF04FFFFFFFF0CFFFFFFFF0CD20000000C040100000C010100000C050100000A0CB900000004000000000CFFFFFFFF110D04656467650C0601000004FF
310
FFFFFF0CFFFFFFFF0CF00000000600000000000000000C0701000006F8A37282246019400CD20000000C080100000B0707756E6B6E6F776E110D06636F656467650CFFFFFFFF04FFFFFFFF0CFFFFFFFF0CD40000000CD30000000CFFFFFFFF0C090100000A0CA200000004000000000CFFFFFFFF110D04656467650CFFFFFF
310
FF04FFFFFFFF0CFFFFFFFF0CF00000000600000000000000000C0A010000069A9999999999B93F0CEA0000000C0B0100000B0707756E6B6E6F776E110E09706572737562656E740E1061636164536F6C6964486973746F72790D066174747269620CFFFFFFFF04FFFFFFFF0C0C0100000CFFFFFFFF0CD50000000401000000
310
04020000000400CA9A3B0442C70000110D067665727465780CFFFFFFFF04FFFFFFFF0CFFFFFFFF0CD500000004010000000C0D010000110E0873747261696768740D0563757276650CFFFFFFFF04FFFFFFFF0CFFFFFFFF134066E0F00EF07A401AC7711CC73676C000000000000000001400000000000024C0000000000000
310
000000000000000000000A0600000000000000000A06001EE494F3D20340110D04656467650C0E01000004FFFFFFFF0CFFFFFFFF0CF30000000600000000000000000CDC0000000600A9816DC84D14400CD60000000C0F0100000B0707756E6B6E6F776E110D067665727465780CFFFFFFFF04FFFFFFFF0CFFFFFFFF0CF200
310
000004000000000C10010000110E0873747261696768740D0563757276650CFFFFFFFF04FFFFFFFF0CFFFFFFFF134066E0F00EF07A401AC7711CC73676C00000000000000000140000000000000000000000000000000000000000000024400B0B110E0D4154545249425F435553544F4D0D066174747269620CFFFFFFFF04
310
FFFFFFFF0CFFFFFFFF0CD80000000CBE000000071667656E657269635F7461675F6174747269625F6465660403000000040300000004FFFFFFFF071767656E657269635F7461675F6174747269625F646566200401000000040300000007032D383504000000000401000000042D0100000400000000110D05706F696E740C
310
FFFFFFFF04FFFFFFFF0CFFFFFFFF134066E0F00EF07A401AC7711CC73676C00000000000000000110E09706572737562656E740E1061636164536F6C6964486973746F72790D066174747269620CFFFFFFFF04FFFFFFFF0C110100000CFFFFFFFF0CDB000000040100000004020000000400CA9A3B04E04D0200110E087374
310
7261696768740D0563757276650CFFFFFFFF04FFFFFFFF0CFFFFFFFF13FCDEB55C1EC5824082098E6DEE6279C0000000000000F03F140000000000002440000000000000000000000000000000000B0B110D05706F696E740CFFFFFFFF04FFFFFFFF0CFFFFFFFF134066E0F00EF07A4082098E6DEE6279C0000000000000F0
310
3F110E0D4154545249425F435553544F4D0D066174747269620CFFFFFFFF04FFFFFFFF0CFFFFFFFF0CE00000000CC4000000071667656E657269635F7461675F6174747269625F6465660403000000040300000004FFFFFFFF071767656E657269635F7461675F6174747269625F6465662004010000000402000000070238
310
3904000000000401000000042D0100000400000000110E0D4154545249425F435553544F4D0D066174747269620CFFFFFFFF04FFFFFFFF0CFFFFFFFF0CE50000000CCF000000071667656E657269635F7461675F6174747269625F6465660403000000040300000004FFFFFFFF071767656E657269635F7461675F61747472
310
69625F6465662004010000000403000000070331343804000000000401000000042D0100000400000000110E09706572737562656E740E1061636164536F6C6964486973746F72790D066174747269620CFFFFFFFF04FFFFFFFF0C120100000CFFFFFFFF0CE6000000040100000004020000000400CA9A3B04F6030000110D
310
04666163650C1301000004FFFFFFFF0CFFFFFFFF0C140100000C150100000C060000000CFFFFFFFF0C160100000B0A0B110D046C6F6F700CFFFFFFFF04FFFFFFFF0CFFFFFFFF0CFFFFFFFF0C170100000CE6000000110E05706C616E650D07737572666163650CFFFFFFFF04FFFFFFFF0CFFFFFFFF13A1667251155366401A
310
C7711CC73676C00000000000000000140000000000000000000000000000F0BF0000000000000000140000000000002440000000000000000000000000000000000B0B0B0B0B110D06636F656467650CFFFFFFFF04FFFFFFFF0CFFFFFFFF0C180100000C190100000CFFFFFFFF0C1A0100000B0CE700000004000000000CFF
310
FFFFFF110D06636F656467650CFFFFFFFF04FFFFFFFF0CFFFFFFFF0C1B0100000CE90000000CEB0000000C050100000B0CD000000004000000000CFFFFFFFF110D06636F656467650CFFFFFFFF04FFFFFFFF0CFFFFFFFF0CE90000000C1B0100000C180100000C1C0100000A0CD000000004000000000CFFFFFFFF110D0465
310
6467650C1D01000004FFFFFFFF0CFFFFFFFF0C1E0100000600000000000000000C07010000068DE3388EE34834400CE90000000C1F0100000B0707756E6B6E6F776E110D06636F656467650CFFFFFFFF04FFFFFFFF0CFFFFFFFF0CEB0000000CEA0000000CFFFFFFFF0C200100000A0CB900000004000000000CFFFFFFFF11
310
0D04656467650CFFFFFFFF04FFFFFFFF0CFFFFFFFF0C070100000600000000000000000C21010000069A9999999999B93F0C010100000C220100000B0707756E6B6E6F776E110E09706572737562656E740E1061636164536F6C6964486973746F72790D066174747269620CFFFFFFFF04FFFFFFFF0C230100000CFFFFFFFF
310
0CEC000000040100000004020000000400CA9A3B0443C70000110D067665727465780CFFFFFFFF04FFFFFFFF0CFFFFFFFF0CEC00000004010000000C24010000110E0873747261696768740D0563757276650CFFFFFFFF04FFFFFFFF0CFFFFFFFF13E8933EE9936379401AC7711CC73676C000000000000000001400000000
310
0000000000000000000024C000000000000000000A0600000000000000000A06F8A3728224601940110D04656467650C2501000004FFFFFFFF0CFFFFFFFF0C0A01000006001EE494F3D203C00CF30000000600000000000000800CED0000000C260100000B0707756E6B6E6F776E110D067665727465780CFFFFFFFF04FFFF
310
FFFF0CFFFFFFFF0C0901000004000000000C27010000110E0873747261696768740D0563757276650CFFFFFFFF04FFFFFFFF0CFFFFFFFF13E8933EE9936379401AC7711CC73676C00000000000000000140000000000000000000000000000000000000000000024400B0B110E0D4154545249425F435553544F4D0D066174
310
747269620CFFFFFFFF04FFFFFFFF0CFFFFFFFF0CEF0000000CD5000000071667656E657269635F7461675F6174747269625F6465660403000000040300000004FFFFFFFF071767656E657269635F7461675F6174747269625F646566200401000000040300000007032D383304000000000401000000042D01000004000000
310
00110D05706F696E740CFFFFFFFF04FFFFFFFF0CFFFFFFFF13E8933EE9936379401AC7711CC73676C00000000000000000110E09706572737562656E740E1061636164536F6C6964486973746F72790D066174747269620CFFFFFFFF04FFFFFFFF0C280100000CFFFFFFFF0CF2000000040100000004020000000400CA9A3B
310
04E14D0200110E0873747261696768740D0563757276650CFFFFFFFF04FFFFFFFF0CFFFFFFFF134066E0F00EF07A401AC7711CC73676C0000000000000F03F14000000000000000000000000000024C000000000000000000B0B110D05706F696E740CFFFFFFFF04FFFFFFFF0CFFFFFFFF134066E0F00EF07A401AC7711CC7
310
3676C0000000000000F03F110E0D4154545249425F435553544F4D0D066174747269620CFFFFFFFF04FFFFFFFF0CFFFFFFFF0CF70000000CDB000000071667656E657269635F7461675F6174747269625F6465660403000000040300000004FFFFFFFF071767656E657269635F7461675F6174747269625F64656620040100
310
000004020000000702383704000000000401000000042D0100000400000000110E0D4154545249425F435553544F4D0D066174747269620CFFFFFFFF04FFFFFFFF0CFFFFFFFF0CFC0000000CE6000000071667656E657269635F7461675F6174747269625F6465660403000000040300000004FFFFFFFF071767656E657269
310
635F7461675F6174747269625F6465662004010000000403000000070331343704000000000401000000042D0100000400000000110E09706572737562656E740E1061636164536F6C6964486973746F72790D066174747269620CFFFFFFFF04FFFFFFFF0C290100000CFFFFFFFF0CFD000000040100000004020000000400
310
CA9A3B04F7030000110D04666163650C2A01000004FFFFFFFF0CFFFFFFFF0C2B0100000C2C0100000C060000000CFFFFFFFF0C2D0100000B0A0B110D046C6F6F700CFFFFFFFF04FFFFFFFF0CFFFFFFFF0CFFFFFFFF0C2E0100000CFD000000110E05706C616E650D07737572666163650CFFFFFFFF04FFFFFFFF0CFFFFFFFF
310
13A16672511553664082098E6DEE6279C0000000000000000014000000000000F03F00000000000000000000000000000000140000000000000000000000000000244000000000000000000B0B0B0B0B110D06636F656467650CFFFFFFFF04FFFFFFFF0CFFFFFFFF0C2F0100000C300100000CFFFFFFFF0C310100000B0CFE
310
00000004000000000CFFFFFFFF110D06636F656467650CFFFFFFFF04FFFFFFFF0CFFFFFFFF0C320100000C000100000C020100000C1C0100000B0CE700000004000000000CFFFFFFFF110D06636F656467650CFFFFFFFF04FFFFFFFF0CFFFFFFFF0C000100000C320100000C2F0100000C330100000A0CE700000004000000
310
000CFFFFFFFF110D04656467650C3401000004FFFFFFFF0CFFFFFFFF0C350100000600000000000000000C1E01000006F8A37282246019400C000100000C360100000B0707756E6B6E6F776E110D06636F656467650CFFFFFFFF04FFFFFFFF0CFFFFFFFF0C020100000C010100000CFFFFFFFF0C370100000A0CD000000004
310
000000000CFFFFFFFF110D04656467650CFFFFFFFF04FFFFFFFF0CFFFFFFFF0C1E0100000600000000000000000C38010000069A9999999999B93F0C180100000C390100000B0707756E6B6E6F776E110E09706572737562656E740E1061636164536F6C6964486973746F72790D066174747269620CFFFFFFFF04FFFFFFFF
310
0C3A0100000CFFFFFFFF0C03010000040100000004020000000400CA9A3B0444C70000110D067665727465780CFFFFFFFF04FFFFFFFF0CFFFFFFFF0C0301000004000000000C3B010000110E0873747261696768740D0563757276650CFFFFFFFF04FFFFFFFF0CFFFFFFFF13600BB6600B6C6940B9B0D3D0CC2D7AC0000000
310
0000000000140000000000002440000000000000000000000000000000000A0600000000000000000A068DE3388EE3483440110D04656467650C3C01000004FFFFFFFF0CFFFFFFFF0C2101000006F8A37282246019C00C0A0100000600000000000000800C040100000C3D0100000B0707756E6B6E6F776E110D0676657274
310
65780CFFFFFFFF04FFFFFFFF0CFFFFFFFF0C2001000004000000000C3E010000110E0873747261696768740D0563757276650CFFFFFFFF04FFFFFFFF0CFFFFFFFF13E8933EE993637940B9B0D3D0CC2D7AC00000000000000000140000000000000000000000000000000000000000000024400B0B110E0D4154545249425F
310
435553544F4D0D066174747269620CFFFFFFFF04FFFFFFFF0CFFFFFFFF0C060100000CEC000000071667656E657269635F7461675F6174747269625F6465660403000000040300000004FFFFFFFF071767656E657269635F7461675F6174747269625F646566200401000000040300000007032D3831040000000004010000
310
00042D0100000400000000110D05706F696E740CFFFFFFFF04FFFFFFFF0CFFFFFFFF13E8933EE993637940B9B0D3D0CC2D7AC00000000000000000110E09706572737562656E740E1061636164536F6C6964486973746F72790D066174747269620CFFFFFFFF04FFFFFFFF0C3F0100000CFFFFFFFF0C090100000401000000
310
04020000000400CA9A3B04E24D0200110E0873747261696768740D0563757276650CFFFFFFFF04FFFFFFFF0CFFFFFFFF134066E0F00EF07A401AC7711CC73676C0000000000000F03F140000000000002440000000000000000000000000000000000B0B110D05706F696E740CFFFFFFFF04FFFFFFFF0CFFFFFFFF13E8933E
310
E9936379401AC7711CC73676C0000000000000F03F110E0D4154545249425F435553544F4D0D066174747269620CFFFFFFFF04FFFFFFFF0CFFFFFFFF0C0E0100000CF2000000071667656E657269635F7461675F6174747269625F6465660403000000040300000004FFFFFFFF071767656E657269635F7461675F61747472
310
69625F64656620040100000004020000000702383504000000000401000000042D0100000400000000110E0D4154545249425F435553544F4D0D066174747269620CFFFFFFFF04FFFFFFFF0CFFFFFFFF0C130100000CFD000000071667656E657269635F7461675F6174747269625F6465660403000000040300000004FFFF
310
FFFF071767656E657269635F7461675F6174747269625F6465662004010000000403000000070331343604000000000401000000042D0100000400000000110E09706572737562656E740E1061636164536F6C6964486973746F72790D066174747269620CFFFFFFFF04FFFFFFFF0C400100000CFFFFFFFF0C140100000401
310
00000004020000000400CA9A3B04F8030000110D04666163650C4101000004FFFFFFFF0CFFFFFFFF0C420100000C430100000C060000000CFFFFFFFF0C440100000B0A0B110D046C6F6F700CFFFFFFFF04FFFFFFFF0CFFFFFFFF0CFFFFFFFF0C450100000C14010000110E05706C616E650D07737572666163650CFFFFFFFF
310
04FFFFFFFF0CFFFFFFFF1380904D46139AF23F82098E6DEE6279C00000000000000000140000000000000000000000000000F0BF0000000000000000140000000000002440000000000000000000000000000000000B0B0B0B0B110D06636F656467650CFFFFFFFF04FFFFFFFF0CFFFFFFFF0C460100000C470100000CFFFF
310
FFFF0C480100000A0C1501000004000000000CFFFFFFFF110D06636F656467650CFFFFFFFF04FFFFFFFF0CFFFFFFFF0C490100000C170100000C190100000C330100000B0CFE00000004000000000CFFFFFFFF110D06636F656467650CFFFFFFFF04FFFFFFFF0CFFFFFFFF0C170100000C490100000C460100000C4A010000
310
0A0CFE00000004000000000CFFFFFFFF110D04656467650C4B01000004FFFFFFFF0CFFFFFFFF0C4C0100000600000000000000000C3501000006601EE494F3D203400C170100000C4D0100000B0707756E6B6E6F776E110D06636F656467650CFFFFFFFF04FFFFFFFF0CFFFFFFFF0C190100000C180100000CFFFFFFFF0C4E
310
0100000A0CE700000004000000000CFFFFFFFF110D04656467650CFFFFFFFF04FFFFFFFF0CFFFFFFFF0C350100000600000000000000000C4F010000069A9999999999B93F0C2F0100000C500100000B0707756E6B6E6F776E110E09706572737562656E740E1061636164536F6C6964486973746F72790D06617474726962
310
0CFFFFFFFF04FFFFFFFF0C510100000CFFFFFFFF0C1A010000040100000004020000000400CA9A3B0445C70000110D067665727465780CFFFFFFFF04FFFFFFFF0CFFFFFFFF0C1A01000004000000000C52010000110E0873747261696768740D0563757276650CFFFFFFFF04FFFFFFFF0CFFFFFFFF13600BB6600B6C69401A
310
C7711CC73676C0000000000000000014000000000000000000000000000024C000000000000000000A0600000000000000000A06F8A3728224601940110D04656467650C5301000004FFFFFFFF0CFFFFFFFF0C380100000600000000000000000C21010000068DE3388EE34834400C1B0100000C540100000B0707756E6B6E
310
6F776E110D067665727465780CFFFFFFFF04FFFFFFFF0CFFFFFFFF0C3701000004000000000C55010000110E0873747261696768740D0563757276650CFFFFFFFF04FFFFFFFF0CFFFFFFFF13600BB6600B6C6940B9B0D3D0CC2D7AC00000000000000000140000000000000000000000000000000000000000000024400B0B
310
110E0D4154545249425F435553544F4D0D066174747269620CFFFFFFFF04FFFFFFFF0CFFFFFFFF0C1D0100000C03010000071667656E657269635F7461675F6174747269625F6465660403000000040300000004FFFFFFFF071767656E657269635F7461675F6174747269625F646566200401000000040300000007032D37
310
3904000000000401000000042D0100000400000000110D05706F696E740CFFFFFFFF04FFFFFFFF0CFFFFFFFF13600BB6600B6C6940B9B0D3D0CC2D7AC00000000000000000110E09706572737562656E740E1061636164536F6C6964486973746F72790D066174747269620CFFFFFFFF04FFFFFFFF0C560100000CFFFFFFFF
310
0C20010000040100000004020000000400CA9A3B04E34D0200110E0873747261696768740D0563757276650CFFFFFFFF04FFFFFFFF0CFFFFFFFF13E8933EE9936379401AC7711CC73676C0000000000000F03F140000000000000000000000000000244000000000000000000B0B110D05706F696E740CFFFFFFFF04FFFFFF
310
FF0CFFFFFFFF13E8933EE993637940B9B0D3D0CC2D7AC0000000000000F03F110E0D4154545249425F435553544F4D0D066174747269620CFFFFFFFF04FFFFFFFF0CFFFFFFFF0C250100000C09010000071667656E657269635F7461675F6174747269625F6465660403000000040300000004FFFFFFFF071767656E657269
310
635F7461675F6174747269625F64656620040100000004020000000702383304000000000401000000042D0100000400000000110E0D4154545249425F435553544F4D0D066174747269620CFFFFFFFF04FFFFFFFF0CFFFFFFFF0C2A0100000C14010000071667656E657269635F7461675F6174747269625F646566040300
310
0000040300000004FFFFFFFF071767656E657269635F7461675F6174747269625F6465662004020000000403000000070331343404000000000401000000042D01000004000000000403000000070331343504000000000401000000042D0100000400000000110E09706572737562656E740E1061636164536F6C69644869
310
73746F72790D066174747269620CFFFFFFFF04FFFFFFFF0C570100000CFFFFFFFF0C2B010000040100000004020000000400CA9A3B04F9030000110D04666163650C5801000004FFFFFFFF0CFFFFFFFF0C590100000C5A0100000C060000000CFFFFFFFF0C5B0100000B0A0B110D046C6F6F700CFFFFFFFF04FFFFFFFF0CFF
310
FFFFFF0CFFFFFFFF0C5C0100000C2B010000110E05706C616E650D07737572666163650CFFFFFFFF04FFFFFFFF0CFFFFFFFF1380904D46139AF23F6F698BEDE76A76C0000000000000000014000000000000F0BF0000000000000000000000000000000014000000000000008000000000000024C000000000000000800B0B
310
0B0B0B110D06636F656467650CFFFFFFFF04FFFFFFFF0CFFFFFFFF0C5D0100000C5E0100000CFFFFFFFF0C5F0100000A0C2C01000004000000000CFFFFFFFF110D06636F656467650CFFFFFFFF04FFFFFFFF0CFFFFFFFF0C600100000C2E0100000C300100000C4A0100000B0C1501000004000000000CFFFFFFFF110D0663
310
6F656467650CFFFFFFFF04FFFFFFFF0CFFFFFFFF0C2E0100000C600100000C5D0100000C610100000A0C1501000004000000000CFFFFFFFF110D04656467650C6201000004FFFFFFFF0CFFFFFFFF0C4C0100000600000000000000000C630100000600A9816DC84D14400C2E0100000C640100000B0707756E6B6E6F776E11
310
0D06636F656467650CFFFFFFFF04FFFFFFFF0CFFFFFFFF0C300100000C2F0100000CFFFFFFFF0C650100000A0CFE00000004000000000CFFFFFFFF110D04656467650CFFFFFFFF04FFFFFFFF0CFFFFFFFF0C4C0100000600000000000000000C66010000069A9999999999B93F0C460100000C670100000B0707756E6B6E6F
310
776E110E09706572737562656E740E1061636164536F6C6964486973746F72790D066174747269620CFFFFFFFF04FFFFFFFF0C680100000CFFFFFFFF0C31010000040100000004020000000400CA9A3B0446C70000110D067665727465780CFFFFFFFF04FFFFFFFF0CFFFFFFFF0C3101000004000000000C69010000110E08
310
73747261696768740D0563757276650CFFFFFFFF04FFFFFFFF0CFFFFFFFF13A1667251155366401AC7711CC73676C00000000000000000140000000000002440000000000000000000000000000000000A0600000000000000000A06601EE494F3D20340110D04656467650C6A01000004FFFFFFFF0CFFFFFFFF0C4F010000
310
0600000000000000000C3801000006F8A37282246019400C320100000C6B0100000B0707756E6B6E6F776E110D067665727465780CFFFFFFFF04FFFFFFFF0CFFFFFFFF0C4E01000004000000000C6C010000110E0873747261696768740D0563757276650CFFFFFFFF04FFFFFFFF0CFFFFFFFF13600BB6600B6C69401AC771
310
1CC73676C00000000000000000140000000000000000000000000000000000000000000024400B0B110E0D4154545249425F435553544F4D0D066174747269620CFFFFFFFF04FFFFFFFF0CFFFFFFFF0C340100000C1A010000071667656E657269635F7461675F6174747269625F6465660403000000040300000004FFFFFF
310
FF071767656E657269635F7461675F6174747269625F646566200401000000040300000007032D373704000000000401000000042D0100000400000000110D05706F696E740CFFFFFFFF04FFFFFFFF0CFFFFFFFF13600BB6600B6C69401AC7711CC73676C00000000000000000110E09706572737562656E740E1061636164
310
536F6C6964486973746F72790D066174747269620CFFFFFFFF04FFFFFFFF0C6D0100000CFFFFFFFF0C37010000040100000004020000000400CA9A3B04E44D0200110E0873747261696768740D0563757276650CFFFFFFFF04FFFFFFFF0CFFFFFFFF13600BB6600B6C6940B9B0D3D0CC2D7AC0000000000000F03F14000000
310
0000002440000000000000000000000000000000000B0B110D05706F696E740CFFFFFFFF04FFFFFFFF0CFFFFFFFF13600BB6600B6C6940B9B0D3D0CC2D7AC0000000000000F03F110E0D4154545249425F435553544F4D0D066174747269620CFFFFFFFF04FFFFFFFF0CFFFFFFFF0C3C0100000C20010000071667656E6572
310
69635F7461675F6174747269625F6465660403000000040300000004FFFFFFFF071767656E657269635F7461675F6174747269625F64656620040100000004020000000702383104000000000401000000042D0100000400000000110E0D4154545249425F435553544F4D0D066174747269620CFFFFFFFF04FFFFFFFF0CFF
310
FFFFFF0C410100000C2B010000071667656E657269635F7461675F6174747269625F6465660403000000040300000004FFFFFFFF071767656E657269635F7461675F6174747269625F6465662004010000000403000000070331343304000000000401000000042D0100000400000000110E09706572737562656E740E1061
310
636164536F6C6964486973746F72790D066174747269620CFFFFFFFF04FFFFFFFF0C6E0100000CFFFFFFFF0C42010000040100000004020000000400CA9A3B04FA030000110D04666163650C6F01000004FFFFFFFF0CFFFFFFFF0C700100000C710100000C060000000CFFFFFFFF0C720100000B0A0B110D046C6F6F700CFF
310
FFFFFF04FFFFFFFF0CFFFFFFFF0CFFFFFFFF0C730100000C42010000110E05706C616E650D07737572666163650CFFFFFFFF04FFFFFFFF0CFFFFFFFF136C73BB059CEB21406F698BEDE76A76C00000000000000000140000000000000000000000000000F03F00000000000000001400000000000024C00000000000000000
310
00000000000000000B0B0B0B0B110D06636F656467650CFFFFFFFF04FFFFFFFF0CFFFFFFFF0C740100000C750100000CFFFFFFFF0C760100000A0C4301000004000000000CFFFFFFFF110D06636F656467650CFFFFFFFF04FFFFFFFF0CFFFFFFFF0C770100000C450100000C470100000C610100000B0C2C01000004000000
310
000CFFFFFFFF110D06636F656467650CFFFFFFFF04FFFFFFFF0CFFFFFFFF0C450100000C770100000C740100000C780100000A0C2C01000004000000000CFFFFFFFF110D04656467650C7901000004FFFFFFFF0CFFFFFFFF0C6301000006225945A7AFF630C00C7A010000062D02B694C2F3E83F0C450100000C7B0100000B
310
0707756E6B6E6F776E110D06636F656467650CFFFFFFFF04FFFFFFFF0CFFFFFFFF0C470100000C460100000CFFFFFFFF0C7C0100000A0C1501000004000000000CFFFFFFFF110D04656467650CFFFFFFFF04FFFFFFFF0CFFFFFFFF0C630100000600000000000000000C7D010000069A9999999999B93F0C5D0100000C7E01
310
00000B0707756E6B6E6F776E110E09706572737562656E740E1061636164536F6C6964486973746F72790D066174747269620CFFFFFFFF04FFFFFFFF0C7F0100000CFFFFFFFF0C48010000040100000004020000000400CA9A3B0447C70000110D067665727465780CFFFFFFFF04FFFFFFFF0CFFFFFFFF0C48010000040100
310
00000C80010000110E0873747261696768740D0563757276650CFFFFFFFF04FFFFFFFF0CFFFFFFFF13A1667251155366401AC7711CC73676C0000000000000000014000000000000000000000000000024C000000000000000000A0600000000000000000A0600A9816DC84D1440110D04656467650C8101000004FFFFFFFF
310
0CFFFFFFFF0C660100000600000000000000000C4F01000006601EE494F3D203400C490100000C820100000B0707756E6B6E6F776E110D067665727465780CFFFFFFFF04FFFFFFFF0CFFFFFFFF0C6501000004000000000C83010000110E0873747261696768740D0563757276650CFFFFFFFF04FFFFFFFF0CFFFFFFFF13A1
310
667251155366401AC7711CC73676C00000000000000000140000000000000000000000000000000000000000000024400B0B110E0D4154545249425F435553544F4D0D066174747269620CFFFFFFFF04FFFFFFFF0CFFFFFFFF0C4B0100000C31010000071667656E657269635F7461675F6174747269625F64656604030000
310
00040300000004FFFFFFFF071767656E657269635F7461675F6174747269625F646566200401000000040300000007032D373504000000000401000000042D0100000400000000110D05706F696E740CFFFFFFFF04FFFFFFFF0CFFFFFFFF13A1667251155366401AC7711CC73676C00000000000000000110E097065727375
310
62656E740E1061636164536F6C6964486973746F72790D066174747269620CFFFFFFFF04FFFFFFFF0C840100000CFFFFFFFF0C4E010000040100000004020000000400CA9A3B04E54D0200110E0873747261696768740D0563757276650CFFFFFFFF04FFFFFFFF0CFFFFFFFF13600BB6600B6C69401AC7711CC73676C00000
310
00000000F03F14000000000000000000000000000024C000000000000000000B0B110D05706F696E740CFFFFFFFF04FFFFFFFF0CFFFFFFFF13600BB6600B6C69401AC7711CC73676C0000000000000F03F110E0D4154545249425F435553544F4D0D066174747269620CFFFFFFFF04FFFFFFFF0CFFFFFFFF0C530100000C37
310
010000071667656E657269635F7461675F6174747269625F6465660403000000040300000004FFFFFFFF071767656E657269635F7461675F6174747269625F64656620040100000004020000000702373904000000000401000000042D0100000400000000110E0D4154545249425F435553544F4D0D066174747269620CFF
310
FFFFFF04FFFFFFFF0CFFFFFFFF0C580100000C42010000071667656E657269635F7461675F6174747269625F6465660403000000040300000004FFFFFFFF071767656E657269635F7461675F6174747269625F6465662004010000000403000000070331343204000000000401000000042D0100000400000000110E097065
310
72737562656E740E1061636164536F6C6964486973746F72790D066174747269620CFFFFFFFF04FFFFFFFF0C850100000CFFFFFFFF0C59010000040100000004020000000400CA9A3B04FB030000110D04666163650C8601000004FFFFFFFF0CFFFFFFFF0C870100000C880100000C060000000CFFFFFFFF0C890100000B0A
310
0B110D046C6F6F700CFFFFFFFF04FFFFFFFF0CFFFFFFFF0CFFFFFFFF0C8A0100000C59010000110E05706C616E650D07737572666163650CFFFFFFFF04FFFFFFFF0CFFFFFFFF136C73BB059CEB2140609AA7CF000276C0000000000000000014000000000000F0BF0000000000000000000000000000000014000000000000
310
000000000000000024C000000000000000000B0B0B0B0B110D06636F656467650CFFFFFFFF04FFFFFFFF0CFFFFFFFF0C8B0100000C8C0100000CFFFFFFFF0C8D0100000B0C5A01000004000000000CFFFFFFFF110D06636F656467650CFFFFFFFF04FFFFFFFF0CFFFFFFFF0C8E0100000C5C0100000C5E0100000C78010000
310
0B0C4301000004000000000CFFFFFFFF110D06636F656467650CFFFFFFFF04FFFFFFFF0CFFFFFFFF0C5C0100000C8E0100000C8B0100000C8F0100000A0C4301000004000000000CFFFFFFFF110D04656467650C9001000004FFFFFFFF0CFFFFFFFF0C7A0100000600000000000000000C9101000006E066AA99290013400C
310
5C0100000C920100000B0707756E6B6E6F776E110D06636F656467650CFFFFFFFF04FFFFFFFF0CFFFFFFFF0C5E0100000C5D0100000CFFFFFFFF0C930100000A0C2C01000004000000000CFFFFFFFF110D04656467650CFFFFFFFF04FFFFFFFF0CFFFFFFFF0C7A0100000600000000000000000C94010000069A9999999999
310
B93F0C740100000C950100000B0707756E6B6E6F776E110E09706572737562656E740E1061636164536F6C6964486973746F72790D066174747269620CFFFFFFFF04FFFFFFFF0C960100000CFFFFFFFF0C5F010000040100000004020000000400CA9A3B0448C70000110D067665727465780CFFFFFFFF04FFFFFFFF0CFFFF
310
FFFF0C5F01000004010000000C97010000110E0873747261696768740D0563757276650CFFFFFFFF04FFFFFFFF0CFFFFFFFF136C73BB059CEB214082098E6DEE6279C000000000000000001400000000000024C0000000000000000000000000000000000A06225945A7AFF630C00A062D02B694C2F3E83F110D0465646765
310
0C9801000004FFFFFFFF0CFFFFFFFF0C7D0100000600A9816DC84D14C00C660100000600000000000000800C600100000C990100000B0707756E6B6E6F776E110D067665727465780CFFFFFFFF04FFFFFFFF0CFFFFFFFF0C7C01000004000000000C9A010000110E0873747261696768740D0563757276650CFFFFFFFF04FF
310
FFFFFF0CFFFFFFFF13A16672511553664082098E6DEE6279C00000000000000000140000000000000000000000000000000000000000000024400B0B110E0D4154545249425F435553544F4D0D066174747269620CFFFFFFFF04FFFFFFFF0CFFFFFFFF0C620100000C48010000071667656E657269635F7461675F61747472
310
69625F6465660403000000040300000004FFFFFFFF071767656E657269635F7461675F6174747269625F646566200401000000040300000007032D373304000000000401000000042D0100000400000000110D05706F696E740CFFFFFFFF04FFFFFFFF0CFFFFFFFF13A16672511553664082098E6DEE6279C0000000000000
310
0000110E09706572737562656E740E1061636164536F6C6964486973746F72790D066174747269620CFFFFFFFF04FFFFFFFF0C9B0100000CFFFFFFFF0C65010000040100000004020000000400CA9A3B04E64D0200110E0873747261696768740D0563757276650CFFFFFFFF04FFFFFFFF0CFFFFFFFF13A166725115536640
310
1AC7711CC73676C0000000000000F03F140000000000002440000000000000000000000000000000000B0B110D05706F696E740CFFFFFFFF04FFFFFFFF0CFFFFFFFF13A1667251155366401AC7711CC73676C0000000000000F03F110E0D4154545249425F435553544F4D0D066174747269620CFFFFFFFF04FFFFFFFF0CFF
310
FFFFFF0C6A0100000C4E010000071667656E657269635F7461675F6174747269625F6465660403000000040300000004FFFFFFFF071767656E657269635F7461675F6174747269625F64656620040100000004020000000702373704000000000401000000042D0100000400000000110E0D4154545249425F435553544F4D
310
0D066174747269620CFFFFFFFF04FFFFFFFF0CFFFFFFFF0C6F0100000C59010000071667656E657269635F7461675F6174747269625F6465660403000000040300000004FFFFFFFF071767656E657269635F7461675F6174747269625F6465662004010000000403000000070331343104000000000401000000042D010000
310
0400000000110E09706572737562656E740E1061636164536F6C6964486973746F72790D066174747269620CFFFFFFFF04FFFFFFFF0C9C0100000CFFFFFFFF0C70010000040100000004020000000400CA9A3B04FC030000110D04666163650C9D01000004FFFFFFFF0CFFFFFFFF0C9E0100000C9F0100000C060000000CFF
310
FFFFFF0CA00100000B0A0B110D046C6F6F700CFFFFFFFF04FFFFFFFF0CFFFFFFFF0CFFFFFFFF0CA10100000C70010000110E05706C616E650D07737572666163650CFFFFFFFF04FFFFFFFF0CFFFFFFFF1380904D46139AF23F609AA7CF000276C00000000000000000140000000000000000000000000000F0BF0000000000
310
000000140000000000002440000000000000000000000000000000000B0B0B0B0B110D06636F656467650CFFFFFFFF04FFFFFFFF0CFFFFFFFF0CA20100000CA30100000CFFFFFFFF0CA40100000B0C7101000004000000000CFFFFFFFF110D06636F656467650CFFFFFFFF04FFFFFFFF0CFFFFFFFF0CA50100000C73010000
310
0C750100000C8F0100000B0C5A01000004000000000CFFFFFFFF110D06636F656467650CFFFFFFFF04FFFFFFFF0CFFFFFFFF0C730100000CA50100000CA20100000CA60100000A0C5A01000004000000000CFFFFFFFF110D04656467650CA701000004FFFFFFFF0CFFFFFFFF0CA80100000600000000000000000C91010000
310
062D02B694C2F3E83F0C730100000CA90100000B0707756E6B6E6F776E110D06636F656467650CFFFFFFFF04FFFFFFFF0CFFFFFFFF0C750100000C740100000CFFFFFFFF0CAA0100000A0C4301000004000000000CFFFFFFFF110D04656467650CFFFFFFFF04FFFFFFFF0CFFFFFFFF0C910100000600000000000000000CAB
310
010000069A9999999999B93F0C8B0100000CAC0100000B0707756E6B6E6F776E110E09706572737562656E740E1061636164536F6C6964486973746F72790D066174747269620CFFFFFFFF04FFFFFFFF0CAD0100000CFFFFFFFF0C76010000040100000004020000000400CA9A3B0449C70000110D067665727465780CFFFF
310
FFFF04FFFFFFFF0CFFFFFFFF0C7601000004010000000CAE010000110E0873747261696768740D0563757276650CFFFFFFFF04FFFFFFFF0CFFFFFFFF1380904D46139AF23F82098E6DEE6279C00000000000000000140000000000000000000000000000244000000000000000000A0600000000000000000A06E066AA9929
310
001340110D04656467650CAF01000004FFFFFFFF0CFFFFFFFF0C94010000062D02B694C2F3E8BF0C7D01000006225945A7AFF630400C770100000CB00100000B0707756E6B6E6F776E110D067665727465780CFFFFFFFF04FFFFFFFF0CFFFFFFFF0C9301000004000000000CB1010000110E0873747261696768740D056375
310
7276650CFFFFFFFF04FFFFFFFF0CFFFFFFFF1380904D46139AF23F82098E6DEE6279C00000000000000000140000000000000000000000000000000000000000000024400B0B110E0D4154545249425F435553544F4D0D066174747269620CFFFFFFFF04FFFFFFFF0CFFFFFFFF0C790100000C5F010000071667656E657269
310
635F7461675F6174747269625F6465660403000000040300000004FFFFFFFF071767656E657269635F7461675F6174747269625F646566200401000000040300000007032D373104000000000401000000042D0100000400000000110D05706F696E740CFFFFFFFF04FFFFFFFF0CFFFFFFFF1380904D46139AF23F82098E6D
310
EE6279C00000000000000000110E09706572737562656E740E1061636164536F6C6964486973746F72790D066174747269620CFFFFFFFF04FFFFFFFF0CB20100000CFFFFFFFF0C7C010000040100000004020000000400CA9A3B04E74D0200110E0873747261696768740D0563757276650CFFFFFFFF04FFFFFFFF0CFFFFFF
310
FF13A1667251155366401AC7711CC73676C0000000000000F03F140000000000000000000000000000244000000000000000000B0B110D05706F696E740CFFFFFFFF04FFFFFFFF0CFFFFFFFF13A16672511553664082098E6DEE6279C0000000000000F03F110E0D4154545249425F435553544F4D0D066174747269620CFF
310
FFFFFF04FFFFFFFF0CFFFFFFFF0C810100000C65010000071667656E657269635F7461675F6174747269625F6465660403000000040300000004FFFFFFFF071767656E657269635F7461675F6174747269625F64656620040100000004020000000702373504000000000401000000042D0100000400000000110E0D415454
310
5249425F435553544F4D0D066174747269620CFFFFFFFF04FFFFFFFF0CFFFFFFFF0C860100000C70010000071667656E657269635F7461675F6174747269625F6465660403000000040300000004FFFFFFFF071767656E657269635F7461675F6174747269625F646566200401000000040300000007033134300400000000
310
0401000000042D0100000400000000110E09706572737562656E740E1061636164536F6C6964486973746F72790D066174747269620CFFFFFFFF04FFFFFFFF0CB30100000CFFFFFFFF0C87010000040100000004020000000400CA9A3B04FD030000110D04666163650CB401000004FFFFFFFF0CFFFFFFFF0CB50100000CB6
310
0100000C060000000CFFFFFFFF0CB70100000B0A0B110D046C6F6F700CFFFFFFFF04FFFFFFFF0CFFFFFFFF0CFFFFFFFF0CB80100000C87010000110E05706C616E650D07737572666163650CFFFFFFFF04FFFFFFFF0CFFFFFFFF1380904D46139AF23F4EFAA44FFA0973C0000000000000000014000000000000F0BF000000
310
0000000000000000000000000014000000000000000000000000000024C000000000000000000B0B0B0B0B110D06636F656467650CFFFFFFFF04FFFFFFFF0CFFFFFFFF0CB90100000CBA0100000CFFFFFFFF0CBB0100000A0C8801000004000000000CFFFFFFFF110D06636F656467650CFFFFFFFF04FFFFFFFF0CFFFFFFFF
310
0CBC0100000C8A0100000C8C0100000CA60100000B0C7101000004000000000CFFFFFFFF110D06636F656467650CFFFFFFFF04FFFFFFFF0CFFFFFFFF0C8A0100000CBC0100000CB90100000CBD0100000A0C7101000004000000000CFFFFFFFF110D04656467650CBE01000004FFFFFFFF0CFFFFFFFF0CBF01000006000000
310
00000000000CA801000006C09C5CFA05FBE43F0C8A0100000CC00100000B0707756E6B6E6F776E110D06636F656467650CFFFFFFFF04FFFFFFFF0CFFFFFFFF0C8C0100000C8B0100000CFFFFFFFF0CC10100000A0C5A01000004000000000CFFFFFFFF110D04656467650CFFFFFFFF04FFFFFFFF0CFFFFFFFF0CA801000006
310
00000000000000000CC2010000069A9999999999B93F0CA20100000CC30100000B0707756E6B6E6F776E110E09706572737562656E740E1061636164536F6C6964486973746F72790D066174747269620CFFFFFFFF04FFFFFFFF0CC40100000CFFFFFFFF0C8D010000040100000004020000000400CA9A3B044AC70000110D
310
067665727465780CFFFFFFFF04FFFFFFFF0CFFFFFFFF0C8D01000004000000000CC5010000110E0873747261696768740D0563757276650CFFFFFFFF04FFFFFFFF0CFFFFFFFF136C73BB059CEB21406F698BEDE76A76C000000000000000001400000000000024C0000000000000000000000000000000000A060000000000
310
0000000A062D02B694C2F3E83F110D04656467650CC601000004FFFFFFFF0CFFFFFFFF0CAB01000006E066AA99290013C00C940100000600000000000000800C8E0100000CC70100000B0707756E6B6E6F776E110D067665727465780CFFFFFFFF04FFFFFFFF0CFFFFFFFF0CAA01000004000000000CC8010000110E087374
310
7261696768740D0563757276650CFFFFFFFF04FFFFFFFF0CFFFFFFFF1380904D46139AF23F6F698BEDE76A76C00000000000000000140000000000000000000000000000000000000000000024400B0B110E0D4154545249425F435553544F4D0D066174747269620CFFFFFFFF04FFFFFFFF0CFFFFFFFF0C900100000C7601
310
0000071667656E657269635F7461675F6174747269625F6465660403000000040300000004FFFFFFFF071767656E657269635F7461675F6174747269625F646566200401000000040300000007032D363704000000000401000000042D0100000400000000110D05706F696E740CFFFFFFFF04FFFFFFFF0CFFFFFFFF138090
310
4D46139AF23F6F698BEDE76A76C00000000000000000110E09706572737562656E740E1061636164536F6C6964486973746F72790D066174747269620CFFFFFFFF04FFFFFFFF0CC90100000CFFFFFFFF0C93010000040100000004020000000400CA9A3B04E84D0200110E0873747261696768740D0563757276650CFFFFFF
310
FF04FFFFFFFF0CFFFFFFFF136C73BB059CEB214082098E6DEE6279C0000000000000F03F140000000000002440000000000000000000000000000000000B0B110D05706F696E740CFFFFFFFF04FFFFFFFF0CFFFFFFFF1380904D46139AF23F82098E6DEE6279C0000000000000F03F110E0D4154545249425F435553544F4D
310
0D066174747269620CFFFFFFFF04FFFFFFFF0CFFFFFFFF0C980100000C7C010000071667656E657269635F7461675F6174747269625F6465660403000000040300000004FFFFFFFF071767656E657269635F7461675F6174747269625F64656620040100000004020000000702373304000000000401000000042D01000004
310
00000000110E0D4154545249425F435553544F4D0D066174747269620CFFFFFFFF04FFFFFFFF0CFFFFFFFF0C9D0100000C87010000071667656E657269635F7461675F6174747269625F6465660403000000040300000004FFFFFFFF071767656E657269635F7461675F6174747269625F6465662004010000000403000000
310
070331333904000000000401000000042D0100000400000000110E09706572737562656E740E1061636164536F6C6964486973746F72790D066174747269620CFFFFFFFF04FFFFFFFF0CCA0100000CFFFFFFFF0C9E010000040100000004020000000400CA9A3B04FE030000110D04666163650CCB01000004FFFFFFFF0CFF
310
FFFFFF0CCC0100000CCD0100000C060000000CFFFFFFFF0CCE0100000B0A0B110D046C6F6F700CFFFFFFFF04FFFFFFFF0CFFFFFFFF0CFFFFFFFF0CCF0100000C9E010000110E05706C616E650D07737572666163650CFFFFFFFF04FFFFFFFF0CFFFFFFFF130484288D862B64404EFAA44FFA0973C000000000000000001400
310
00000000000000000000000000F03F00000000000000001400000000000024C0000000000000008000000000000000800B0B0B0B0B110D06636F656467650CFFFFFFFF04FFFFFFFF0CFFFFFFFF0CD00100000CD10100000CFFFFFFFF0CD20100000B0C9F01000004000000000CFFFFFFFF110D06636F656467650CFFFFFFFF
310
04FFFFFFFF0CFFFFFFFF0CD30100000CA10100000CA30100000CBD0100000B0C8801000004000000000CFFFFFFFF110D06636F656467650CFFFFFFFF04FFFFFFFF0CFFFFFFFF0CA10100000CD30100000CD00100000CD40100000A0C8801000004000000000CFFFFFFFF110D04656467650CD501000004FFFFFFFF0CFFFFFF
310
FF0CBF0100000600000000000000000CD6010000062D02B694C2F3E83F0CA10100000CD70100000B0707756E6B6E6F776E110D06636F656467650CFFFFFFFF04FFFFFFFF0CFFFFFFFF0CA30100000CA20100000CFFFFFFFF0CD80100000A0C7101000004000000000CFFFFFFFF110D04656467650CFFFFFFFF04FFFFFFFF0C
310
FFFFFFFF0CBF0100000600000000000000000CD9010000069A9999999999B93F0CB90100000CDA0100000B0707756E6B6E6F776E110E09706572737562656E740E1061636164536F6C6964486973746F72790D066174747269620CFFFFFFFF04FFFFFFFF0CDB0100000CFFFFFFFF0CA4010000040100000004020000000400
310
CA9A3B044BC70000110D067665727465780CFFFFFFFF04FFFFFFFF0CFFFFFFFF0CA401000004000000000CDC010000110E0873747261696768740D0563757276650CFFFFFFFF04FFFFFFFF0CFFFFFFFF136C73BB059CEB2140609AA7CF000276C0000000000000000014000000000000000000000000000024C00000000000
310
0000000A0600000000000000000A06C09C5CFA05FBE43F110D04656467650CDD01000004FFFFFFFF0CFFFFFFFF0CC20100000600000000000000000CAB010000062D02B694C2F3E83F0CA50100000CDE0100000B0707756E6B6E6F776E110D067665727465780CFFFFFFFF04FFFFFFFF0CFFFFFFFF0CC10100000400000000
310
0CDF010000110E0873747261696768740D0563757276650CFFFFFFFF04FFFFFFFF0CFFFFFFFF136C73BB059CEB21406F698BEDE76A76C00000000000000000140000000000000000000000000000000000000000000024400B0B110E0D4154545249425F435553544F4D0D066174747269620CFFFFFFFF04FFFFFFFF0CFFFF
310
FFFF0CA70100000C8D010000071667656E657269635F7461675F6174747269625F6465660403000000040300000004FFFFFFFF071767656E657269635F7461675F6174747269625F646566200401000000040300000007032D363504000000000401000000042D0100000400000000110D05706F696E740CFFFFFFFF04FFFF
310
FFFF0CFFFFFFFF136C73BB059CEB21406F698BEDE76A76C00000000000000000110E09706572737562656E740E1061636164536F6C6964486973746F72790D066174747269620CFFFFFFFF04FFFFFFFF0CE00100000CFFFFFFFF0CAA010000040100000004020000000400CA9A3B04E94D0200110E0873747261696768740D
310
0563757276650CFFFFFFFF04FFFFFFFF0CFFFFFFFF1380904D46139AF23F82098E6DEE6279C0000000000000F03F14000000000000008000000000000024C000000000000000800B0B110D05706F696E740CFFFFFFFF04FFFFFFFF0CFFFFFFFF1380904D46139AF23F6F698BEDE76A76C0000000000000F03F110E0D415454
310
5249425F435553544F4D0D066174747269620CFFFFFFFF04FFFFFFFF0CFFFFFFFF0CAF0100000C93010000071667656E657269635F7461675F6174747269625F6465660403000000040300000004FFFFFFFF071767656E657269635F7461675F6174747269625F646566200402000000040200000007023731040000000004
310
01000000042D010000040000000004020000000702363904000000000401000000042D0100000400000000110E0D4154545249425F435553544F4D0D066174747269620CFFFFFFFF04FFFFFFFF0CFFFFFFFF0CB40100000C9E010000071667656E657269635F7461675F6174747269625F6465660403000000040300000004
310
FFFFFFFF071767656E657269635F7461675F6174747269625F6465662004020000000403000000070331333704000000000401000000042D01000004000000000403000000070331333804000000000401000000042D0100000400000000110E09706572737562656E740E1061636164536F6C6964486973746F72790D0661
310
74747269620CFFFFFFFF04FFFFFFFF0CE10100000CFFFFFFFF0CB5010000040100000004020000000400CA9A3B04FF030000110D04666163650CE201000004FFFFFFFF0CFFFFFFFF0CFFFFFFFF0CE30100000C060000000CFFFFFFFF0CE40100000B0A0B110D046C6F6F700CFFFFFFFF04FFFFFFFF0CFFFFFFFF0CFFFFFFFF
310
0CE50100000CB5010000110E05706C616E650D07737572666163650CFFFFFFFF04FFFFFFFF0CFFFFFFFF130484288D862B6440600BB6600B6C69C0000000000000000014000000000000F0BF0000000000000000000000000000000014000000000000000000000000000024C000000000000000000B0B0B0B0B110D06636F
310
656467650CFFFFFFFF04FFFFFFFF0CFFFFFFFF0CE60100000CE70100000CFFFFFFFF0CE80100000A0CB601000004000000000CFFFFFFFF110D06636F656467650CFFFFFFFF04FFFFFFFF0CFFFFFFFF0CE90100000CB80100000CBA0100000CD40100000B0C9F01000004000000000CFFFFFFFF110D06636F656467650CFFFF
310
FFFF04FFFFFFFF0CFFFFFFFF0CB80100000CE90100000CE60100000CEA0100000A0C9F01000004000000000CFFFFFFFF110D04656467650CEB01000004FFFFFFFF0CFFFFFFFF0CEC0100000600000000000000000CD601000006D866AA99290013400CB80100000CED0100000B0707756E6B6E6F776E110D06636F65646765
310
0CFFFFFFFF04FFFFFFFF0CFFFFFFFF0CBA0100000CB90100000CFFFFFFFF0CEE0100000A0C8801000004000000000CFFFFFFFF110D04656467650CFFFFFFFF04FFFFFFFF0CFFFFFFFF0CD60100000600000000000000000CEF010000069A9999999999B93F0CD00100000CF00100000B0707756E6B6E6F776E110E09706572
310
737562656E740E1061636164536F6C6964486973746F72790D066174747269620CFFFFFFFF04FFFFFFFF0CF10100000CFFFFFFFF0CBB010000040100000004020000000400CA9A3B044CC70000110D067665727465780CFFFFFFFF04FFFFFFFF0CFFFFFFFF0CBB01000004010000000CF2010000110E087374726169676874
310
0D0563757276650CFFFFFFFF04FFFFFFFF0CFFFFFFFF136C73BB059CEB2140609AA7CF000276C000000000000000001400000000000024C0000000000000000000000000000000000A0600000000000000000A062D02B694C2F3E83F110D04656467650CF301000004FFFFFFFF0CFFFFFFFF0CD90100000600000000000000
310
000CC201000006C09C5CFA05FBE43F0CBC0100000CF40100000B0707756E6B6E6F776E110D067665727465780CFFFFFFFF04FFFFFFFF0CFFFFFFFF0CD801000004000000000CF5010000110E0873747261696768740D0563757276650CFFFFFFFF04FFFFFFFF0CFFFFFFFF136C73BB059CEB2140609AA7CF000276C0000000
310
0000000000140000000000000000000000000000000000000000000024400B0B110E0D4154545249425F435553544F4D0D066174747269620CFFFFFFFF04FFFFFFFF0CFFFFFFFF0CBE0100000CA4010000071667656E657269635F7461675F6174747269625F6465660403000000040300000004FFFFFFFF071767656E6572
310
69635F7461675F6174747269625F646566200401000000040300000007032D363304000000000401000000042D0100000400000000110D05706F696E740CFFFFFFFF04FFFFFFFF0CFFFFFFFF136C73BB059CEB2140609AA7CF000276C00000000000000000110E09706572737562656E740E1061636164536F6C6964486973
310
746F72790D066174747269620CFFFFFFFF04FFFFFFFF0CF60100000CFFFFFFFF0CC1010000040100000004020000000400CA9A3B04EA4D0200110E0873747261696768740D0563757276650CFFFFFFFF04FFFFFFFF0CFFFFFFFF136C73BB059CEB21406F698BEDE76A76C0000000000000F03F1400000000000024C0000000
310
000000000000000000000000000B0B110D05706F696E740CFFFFFFFF04FFFFFFFF0CFFFFFFFF136C73BB059CEB21406F698BEDE76A76C0000000000000F03F110E0D4154545249425F435553544F4D0D066174747269620CFFFFFFFF04FFFFFFFF0CFFFFFFFF0CC60100000CAA010000071667656E657269635F7461675F61
310
74747269625F6465660403000000040300000004FFFFFFFF071767656E657269635F7461675F6174747269625F64656620040100000004020000000702363704000000000401000000042D0100000400000000110E0D4154545249425F435553544F4D0D066174747269620CFFFFFFFF04FFFFFFFF0CFFFFFFFF0CCB010000
310
0CB5010000071667656E657269635F7461675F6174747269625F6465660403000000040300000004FFFFFFFF071767656E657269635F7461675F6174747269625F6465662004010000000403000000070331333604000000000401000000042D0100000400000000110E09706572737562656E740E1061636164536F6C6964
310
486973746F72790D066174747269620CFFFFFFFF04FFFFFFFF0CF70100000CFFFFFFFF0CCC010000040100000004020000000400CA9A3B0400040000110D046C6F6F700CFFFFFFFF04FFFFFFFF0CFFFFFFFF0CFFFFFFFF0CF80100000CCC010000110E05706C616E650D07737572666163650CFFFFFFFF04FFFFFFFF0CFFFF
310
FFFF136C73BB059CEB2140600BB6600B6C69C00000000000000000140000000000000000000000000000F0BF0000000000000000140000000000002440000000000000000000000000000000000B0B0B0B0B110D06636F656467650CFFFFFFFF04FFFFFFFF0CFFFFFFFF0CF90100000CFA0100000CFFFFFFFF0CFB0100000B
310
0CCD01000004000000000CFFFFFFFF110D06636F656467650CFFFFFFFF04FFFFFFFF0CFFFFFFFF0CFC0100000CCF0100000CD10100000CEA0100000B0CB601000004000000000CFFFFFFFF110D06636F656467650CFFFFFFFF04FFFFFFFF0CFFFFFFFF0CCF0100000CFC0100000CF90100000CFD0100000A0CB60100000400
310
0000000CFFFFFFFF110D04656467650CFE01000004FFFFFFFF0CFFFFFFFF0CEC010000062D02B694C2F3E8BF0CFF010000067B14AE47E17A2E400CCF0100000C000200000B0707756E6B6E6F776E110D06636F656467650CFFFFFFFF04FFFFFFFF0CFFFFFFFF0CD10100000CD00100000CFFFFFFFF0C010200000A0C9F0100
310
0004000000000CFFFFFFFF110D04656467650CFFFFFFFF04FFFFFFFF0CFFFFFFFF0CEC0100000600000000000000000C02020000069A9999999999B93F0CE60100000C030200000B0707756E6B6E6F776E110E09706572737562656E740E1061636164536F6C6964486973746F72790D066174747269620CFFFFFFFF04FFFF
310
FFFF0C040200000CFFFFFFFF0CD2010000040100000004020000000400CA9A3B044DC70000110D067665727465780CFFFFFFFF04FFFFFFFF0CFFFFFFFF0CD201000004000000000C05020000110E0873747261696768740D0563757276650CFFFFFFFF04FFFFFFFF0CFFFFFFFF1380904D46139AF23F4EFAA44FFA0973C000
310
0000000000000014000000000000000000000000000024C000000000000000000A0600000000000000000A06D866AA9929001340110D04656467650C0602000004FFFFFFFF0CFFFFFFFF0CEF010000062D02B694C2F3E8BF0CD90100000600000000000000800CD30100000C070200000B0707756E6B6E6F776E110D067665
310
727465780CFFFFFFFF04FFFFFFFF0CFFFFFFFF0CEE01000004000000000C08020000110E0873747261696768740D0563757276650CFFFFFFFF04FFFFFFFF0CFFFFFFFF1380904D46139AF23F609AA7CF000276C00000000000000000140000000000000000000000000000000000000000000024400B0B110E0D4154545249
310
425F435553544F4D0D066174747269620CFFFFFFFF04FFFFFFFF0CFFFFFFFF0CD50100000CBB010000071667656E657269635F7461675F6174747269625F6465660403000000040300000004FFFFFFFF071767656E657269635F7461675F6174747269625F646566200401000000040300000007032D363104000000000401
310
000000042D0100000400000000110D05706F696E740CFFFFFFFF04FFFFFFFF0CFFFFFFFF1380904D46139AF23F609AA7CF000276C00000000000000000110E09706572737562656E740E1061636164536F6C6964486973746F72790D066174747269620CFFFFFFFF04FFFFFFFF0C090200000CFFFFFFFF0CD8010000040100
310
000004020000000400CA9A3B04EB4D0200110E0873747261696768740D0563757276650CFFFFFFFF04FFFFFFFF0CFFFFFFFF136C73BB059CEB2140609AA7CF000276C0000000000000F03F14000000000000000000000000000024C000000000000000000B0B110D05706F696E740CFFFFFFFF04FFFFFFFF0CFFFFFFFF136C
310
73BB059CEB2140609AA7CF000276C0000000000000F03F110E0D4154545249425F435553544F4D0D066174747269620CFFFFFFFF04FFFFFFFF0CFFFFFFFF0CDD0100000CC1010000071667656E657269635F7461675F6174747269625F6465660403000000040300000004FFFFFFFF071767656E657269635F7461675F6174
310
747269625F64656620040100000004020000000702363504000000000401000000042D0100000400000000110E0D4154545249425F435553544F4D0D066174747269620CFFFFFFFF04FFFFFFFF0CFFFFFFFF0CE20100000CCC010000071667656E657269635F7461675F6174747269625F6465660403000000040300000004
310
FFFFFFFF071767656E657269635F7461675F6174747269625F6465662004010000000403000000070331333504000000000401000000042D0100000400000000110D06636F656467650CFFFFFFFF04FFFFFFFF0CFFFFFFFF0C0A0200000C0B0200000CFFFFFFFF0C0C0200000B0CE301000004000000000CFFFFFFFF110D06
310
636F656467650CFFFFFFFF04FFFFFFFF0CFFFFFFFF0C0D0200000CE50100000CE70100000CFD0100000B0CCD01000004000000000CFFFFFFFF110D06636F656467650CFFFFFFFF04FFFFFFFF0CFFFFFFFF0CE50100000C0D0200000C0A0200000C0E0200000A0CCD01000004000000000CFFFFFFFF110D04656467650C0F02
310
000004FFFFFFFF0CFFFFFFFF0C100200000600000000000000000CFF01000006C60E5397DB3F24400CE50100000C110200000B0707756E6B6E6F776E110D06636F656467650CFFFFFFFF04FFFFFFFF0CFFFFFFFF0CE70100000CE60100000CFFFFFFFF0C120200000A0CB601000004000000000CFFFFFFFF110D0465646765
310
0CFFFFFFFF04FFFFFFFF0CFFFFFFFF0CFF0100000600000000000000000C13020000069A9999999999B93F0CF90100000C140200000B0707756E6B6E6F776E110E09706572737562656E740E1061636164536F6C6964486973746F72790D066174747269620CFFFFFFFF04FFFFFFFF0C150200000CFFFFFFFF0CE801000004
310
0100000004020000000400CA9A3B044EC70000110D067665727465780CFFFFFFFF04FFFFFFFF0CFFFFFFFF0CE801000004010000000C16020000110E0873747261696768740D0563757276650CFFFFFFFF04FFFFFFFF0CFFFFFFFF136C73BB059CEB21404EFAA44FFA0973C000000000000000001400000000000024400000
310
00000000000000000000000000000A062D02B694C2F3E8BF0A067B14AE47E17A2E40110D04656467650C1702000004FFFFFFFF0CFFFFFFFF0C020200000600000000000000000CEF01000006D866AA99290013400CE90100000C180200000B0707756E6B6E6F776E110D067665727465780CFFFFFFFF04FFFFFFFF0CFFFFFF
310
FF0C0102000004000000000C19020000110E0873747261696768740D0563757276650CFFFFFFFF04FFFFFFFF0CFFFFFFFF1380904D46139AF23F4EFAA44FFA0973C00000000000000000140000000000000000000000000000000000000000000024400B0B110E0D4154545249425F435553544F4D0D066174747269620CFF
310
FFFFFF04FFFFFFFF0CFFFFFFFF0CEB0100000CD2010000071667656E657269635F7461675F6174747269625F6465660403000000040300000004FFFFFFFF071767656E657269635F7461675F6174747269625F646566200401000000040300000007032D353904000000000401000000042D0100000400000000110D05706F
310
696E740CFFFFFFFF04FFFFFFFF0CFFFFFFFF1380904D46139AF23F4EFAA44FFA0973C00000000000000000110E09706572737562656E740E1061636164536F6C6964486973746F72790D066174747269620CFFFFFFFF04FFFFFFFF0C1A0200000CFFFFFFFF0CEE010000040100000004020000000400CA9A3B04EC4D020011
310
0E0873747261696768740D0563757276650CFFFFFFFF04FFFFFFFF0CFFFFFFFF136C73BB059CEB2140609AA7CF000276C0000000000000F03F140000000000002440000000000000000000000000000000000B0B110D05706F696E740CFFFFFFFF04FFFFFFFF0CFFFFFFFF1380904D46139AF23F609AA7CF000276C0000000
310
000000F03F110E0D4154545249425F435553544F4D0D066174747269620CFFFFFFFF04FFFFFFFF0CFFFFFFFF0CF30100000CD8010000071667656E657269635F7461675F6174747269625F6465660403000000040300000004FFFFFFFF071767656E657269635F7461675F6174747269625F64656620040100000004020000
310
000702363304000000000401000000042D0100000400000000110D06636F656467650CFFFFFFFF04FFFFFFFF0CFFFFFFFF0C1B0200000CF80100000CFA0100000C0E0200000B0CE301000004000000000CFFFFFFFF110D06636F656467650CFFFFFFFF04FFFFFFFF0CFFFFFFFF0CF80100000C1B0200000CFFFFFFFF0C1C02
310
00000A0CE301000004000000000CFFFFFFFF110D04656467650C1D02000004FFFFFFFF0CFFFFFFFF0C1E0200000600000000000000000C10020000067B14AE47E17A2E400CF80100000C1F0200000B0707756E6B6E6F776E110D06636F656467650CFFFFFFFF04FFFFFFFF0CFFFFFFFF0CFA0100000CF90100000CFFFFFFFF
310
0C200200000A0CCD01000004000000000CFFFFFFFF110D04656467650CFFFFFFFF04FFFFFFFF0CFFFFFFFF0C100200000600000000000000000C21020000069A9999999999B93F0C0A0200000C220200000B0707756E6B6E6F776E110E09706572737562656E740E1061636164536F6C6964486973746F72790D0661747472
310
69620CFFFFFFFF04FFFFFFFF0C230200000CFFFFFFFF0CFB010000040100000004020000000400CA9A3B044FC70000110D067665727465780CFFFFFFFF04FFFFFFFF0CFFFFFFFF0CFB01000004000000000C24020000110E0873747261696768740D0563757276650CFFFFFFFF04FFFFFFFF0CFFFFFFFF130484288D862B64
310
40600BB6600B6C69C0000000000000000014000000000000000000000000000024C000000000000000000A0600000000000000000A06C60E5397DB3F2440110D04656467650C2502000004FFFFFFFF0CFFFFFFFF0C13020000067B14AE47E17A2EC00C02020000062D02B694C2F3E83F0CFC0100000C260200000B0707756E
310
6B6E6F776E110D067665727465780CFFFFFFFF04FFFFFFFF0CFFFFFFFF0C1202000004000000000C27020000110E0873747261696768740D0563757276650CFFFFFFFF04FFFFFFFF0CFFFFFFFF130484288D862B64404EFAA44FFA0973C0000000000000000014000000000000000000000000000000000000000000002440
310
0B0B110E0D4154545249425F435553544F4D0D066174747269620CFFFFFFFF04FFFFFFFF0CFFFFFFFF0CFE0100000CE8010000071667656E657269635F7461675F6174747269625F6465660403000000040300000004FFFFFFFF071767656E657269635F7461675F6174747269625F64656620040100000004030000000703
310
2D353704000000000401000000042D0100000400000000110D05706F696E740CFFFFFFFF04FFFFFFFF0CFFFFFFFF130484288D862B64404EFAA44FFA0973C00000000000000000110E09706572737562656E740E1061636164536F6C6964486973746F72790D066174747269620CFFFFFFFF04FFFFFFFF0C280200000CFFFF
310
FFFF0C01020000040100000004020000000400CA9A3B04ED4D0200110E0873747261696768740D0563757276650CFFFFFFFF04FFFFFFFF0CFFFFFFFF1380904D46139AF23F4EFAA44FFA0973C0000000000000F03F14000000000000000000000000000024C000000000000000000B0B110D05706F696E740CFFFFFFFF04FF
310
FFFFFF0CFFFFFFFF1380904D46139AF23F4EFAA44FFA0973C0000000000000F03F110E0D4154545249425F435553544F4D0D066174747269620CFFFFFFFF04FFFFFFFF0CFFFFFFFF0C060200000CEE010000071667656E657269635F7461675F6174747269625F6465660403000000040300000004FFFFFFFF071767656E65
310
7269635F7461675F6174747269625F64656620040100000004020000000702363104000000000401000000042D0100000400000000110D06636F656467650CFFFFFFFF04FFFFFFFF0CFFFFFFFF0C0B0200000C0A0200000CFFFFFFFF0C290200000A0CE301000004000000000CFFFFFFFF110D04656467650C2A02000004FF
310
FFFFFF0CFFFFFFFF0C1E0200000600000000000000000C2B020000069A9999999999B93F0C0B0200000C2C0200000B0707756E6B6E6F776E110E09706572737562656E740E1061636164536F6C6964486973746F72790D066174747269620CFFFFFFFF04FFFFFFFF0C2D0200000CFFFFFFFF0C0C0200000401000000040200
310
00000400CA9A3B0450C70000110D067665727465780CFFFFFFFF04FFFFFFFF0CFFFFFFFF0C0C02000004000000000C2E020000110E0873747261696768740D0563757276650CFFFFFFFF04FFFFFFFF0CFFFFFFFF136C73BB059CEB2140600BB6600B6C69C00000000000000000140000000000002440000000000000000000
310
000000000000000A0600000000000000000A067B14AE47E17A2E40110D04656467650C2F02000004FFFFFFFF0CFFFFFFFF0C210200000600000000000000000C1302000006C60E5397DB3F24400C0D0200000C300200000B0707756E6B6E6F776E110D067665727465780CFFFFFFFF04FFFFFFFF0CFFFFFFFF0C2002000004
310
000000000C31020000110E0873747261696768740D0563757276650CFFFFFFFF04FFFFFFFF0CFFFFFFFF130484288D862B6440600BB6600B6C69C00000000000000000140000000000000000000000000000000000000000000024400B0B110E0D4154545249425F435553544F4D0D066174747269620CFFFFFFFF04FFFFFF
310
FF0CFFFFFFFF0C0F0200000CFB010000071667656E657269635F7461675F6174747269625F6465660403000000040300000004FFFFFFFF071767656E657269635F7461675F6174747269625F646566200401000000040300000007032D353304000000000401000000042D0100000400000000110D05706F696E740CFFFFFF
310
FF04FFFFFFFF0CFFFFFFFF130484288D862B6440600BB6600B6C69C00000000000000000110E09706572737562656E740E1061636164536F6C6964486973746F72790D066174747269620CFFFFFFFF04FFFFFFFF0C320200000CFFFFFFFF0C12020000040100000004020000000400CA9A3B04EE4D0200110E087374726169
310
6768740D0563757276650CFFFFFFFF04FFFFFFFF0CFFFFFFFF136C73BB059CEB21404EFAA44FFA0973C0000000000000F03F1400000000000024C0000000000000008000000000000000800B0B110D05706F696E740CFFFFFFFF04FFFFFFFF0CFFFFFFFF130484288D862B64404EFAA44FFA0973C0000000000000F03F110E
310
0D4154545249425F435553544F4D0D066174747269620CFFFFFFFF04FFFFFFFF0CFFFFFFFF0C170200000C01020000071667656E657269635F7461675F6174747269625F6465660403000000040300000004FFFFFFFF071767656E657269635F7461675F6174747269625F6465662004010000000402000000070235390400
310
0000000401000000042D0100000400000000110D04656467650C3302000004FFFFFFFF0CFFFFFFFF0C2B0200000600000000000000000C21020000067B14AE47E17A2E400C1B0200000C340200000B0707756E6B6E6F776E110E09706572737562656E740E1061636164536F6C6964486973746F72790D066174747269620C
310
FFFFFFFF04FFFFFFFF0C350200000CFFFFFFFF0C1C020000040100000004020000000400CA9A3B0490D40300110D067665727465780CFFFFFFFF04FFFFFFFF0CFFFFFFFF0C2902000004000000000C36020000110E0873747261696768740D0563757276650CFFFFFFFF04FFFFFFFF0CFFFFFFFF136C73BB059CEB2140600B
310
B6600B6C69C00000000000000000140000000000000000000000000000000000000000000024400B0B110E0D4154545249425F435553544F4D0D066174747269620CFFFFFFFF04FFFFFFFF0CFFFFFFFF0C1D0200000C0C020000071667656E657269635F7461675F6174747269625F6465660403000000040300000004FFFF
310
FFFF071767656E657269635F7461675F6174747269625F646566200401000000040300000007032D353004000000000401000000042D0100000400000000110D05706F696E740CFFFFFFFF04FFFFFFFF0CFFFFFFFF136C73BB059CEB2140600BB6600B6C69C00000000000000000110E09706572737562656E740E10616361
310
64536F6C6964486973746F72790D066174747269620CFFFFFFFF04FFFFFFFF0C370200000CFFFFFFFF0C20020000040100000004020000000400CA9A3B04EF4D0200110E0873747261696768740D0563757276650CFFFFFFFF04FFFFFFFF0CFFFFFFFF130484288D862B6440600BB6600B6C69C0000000000000F03F140000
310
00000000000000000000000024C000000000000000000B0B110D05706F696E740CFFFFFFFF04FFFFFFFF0CFFFFFFFF130484288D862B6440600BB6600B6C69C0000000000000F03F110E0D4154545249425F435553544F4D0D066174747269620CFFFFFFFF04FFFFFFFF0CFFFFFFFF0C250200000C12020000071667656E65
310
7269635F7461675F6174747269625F6465660403000000040300000004FFFFFFFF071767656E657269635F7461675F6174747269625F64656620040200000004020000000702353704000000000401000000042D010000040000000004020000000702353504000000000401000000042D0100000400000000110E09706572
310
737562656E740E1061636164536F6C6964486973746F72790D066174747269620CFFFFFFFF04FFFFFFFF0C380200000CFFFFFFFF0C29020000040100000004020000000400CA9A3B04F04D0200110E0873747261696768740D0563757276650CFFFFFFFF04FFFFFFFF0CFFFFFFFF136C73BB059CEB2140600BB6600B6C69C0
310
000000000000F03F140000000000002440000000000000000000000000000000000B0B110E0D4154545249425F435553544F4D0D066174747269620CFFFFFFFF04FFFFFFFF0CFFFFFFFF0C2A0200000C1C020000071667656E657269635F7461675F6174747269625F6465660403000000040300000004FFFFFFFF07176765
310
6E657269635F7461675F6174747269625F6465662004010000000403000000070331363104000000000401000000042D0100000400000000110D05706F696E740CFFFFFFFF04FFFFFFFF0CFFFFFFFF136C73BB059CEB2140600BB6600B6C69C0000000000000F03F110E0D4154545249425F435553544F4D0D066174747269
310
620CFFFFFFFF04FFFFFFFF0CFFFFFFFF0C2F0200000C20020000071667656E657269635F7461675F6174747269625F6465660403000000040300000004FFFFFFFF071767656E657269635F7461675F6174747269625F64656620040100000004020000000702353304000000000401000000042D0100000400000000110E0D
310
4154545249425F435553544F4D0D066174747269620CFFFFFFFF04FFFFFFFF0CFFFFFFFF0C330200000C29020000071667656E657269635F7461675F6174747269625F6465660403000000040300000004FFFFFFFF071767656E657269635F7461675F6174747269625F646566200401000000040200000007023530040000
310
00000401000000042D0100000400000000110E03456E640E026F660E0341534D0D0464617461
  0
ACDSRECORD
 90
        0
  2
AcDbDs::ID
280
    10
320
88
  2
ASM_Data
280
    15
 94
     6826
310
414349532042696E61727946696C652855000000000000020000000C00000007104175746F6465736B204175746F434144071441534D203233322E342E302E3635353335204E540718467269204A756C2020332031393A34313A30362032303236066666666666663940068DEDB5A0F7C6B03E06BBBDD7D9DF7CDB3D0D0961
310
736D6865616465720CFFFFFFFF04FFFFFFFF070D3233322E342E302E3635353335110D04626F64790C0200000004FFFFFFFF0CFFFFFFFF0C030000000CFFFFFFFF0C04000000110E0D4154545249425F435553544F4D0D066174747269620CFFFFFFFF04FFFFFFFF0C050000000CFFFFFFFF0C01000000071454696D657374
310
616D705F6174747269625F646566040100000006FCCC6C8614CB1843110D046C756D700CFFFFFFFF04FFFFFFFF0CFFFFFFFF0CFFFFFFFF0C060000000C01000000110D097472616E73666F726D0CFFFFFFFF04FFFFFFFF14000000000000F03F00000000000000000000000000000000140000000000000000000000000000
310
F03F00000000000000001400000000000000000000000000000000000000000000F03F1400000000000000000000000000000000000000000000000006000000000000F03F0B0B0B110E0D4154545249425F435553544F4D0D066174747269620CFFFFFFFF04FFFFFFFF0CFFFFFFFF0C020000000C01000000071667656E65
310
7269635F7461675F6174747269625F6465660403000000040300000004FFFFFFFF071767656E657269635F7461675F6174747269625F6465662004010000000403000000070333303104AA00000004000000000400000000110D057368656C6C0CFFFFFFFF04FFFFFFFF0CFFFFFFFF0CFFFFFFFF0CFFFFFFFF0C070000000C
310
FFFFFFFF0C03000000110D04666163650C0800000004FFFFFFFF0CFFFFFFFF0C090000000C0A0000000C060000000CFFFFFFFF0C0B0000000B0A0B110E09706572737562656E740E1061636164536F6C6964486973746F72790D066174747269620CFFFFFFFF04FFFFFFFF0C0C0000000CFFFFFFFF0C070000000401000000
310
04030000000400CA9A3B04E9030000110D04666163650C0D00000004FFFFFFFF0CFFFFFFFF0C0E0000000C0F0000000C060000000CFFFFFFFF0C100000000B0A0B110D046C6F6F700CFFFFFFFF04FFFFFFFF0CFFFFFFFF0CFFFFFFFF0C110000000C07000000110E05706C616E650D07737572666163650CFFFFFFFF04FFFF
310
FFFF0CFFFFFFFF1392570553D6037C40600BB6600B6C69C0000000000000000014000000000000F0BF0000000000000000000000000000000014000000000000000000000000000024C000000000000000000B0B0B0B0B110E0D4154545249425F435553544F4D0D066174747269620CFFFFFFFF04FFFFFFFF0CFFFFFFFF0C
310
080000000C07000000071667656E657269635F7461675F6174747269625F6465660403000000040300000004FFFFFFFF071767656E657269635F7461675F6174747269625F6465662004010000000403000000070331363504000000000401000000042D0100000400000000110E09706572737562656E740E106163616453
310
6F6C6964486973746F72790D066174747269620CFFFFFFFF04FFFFFFFF0C120000000CFFFFFFFF0C09000000040100000004030000000400CA9A3B04EA030000110D04666163650C1300000004FFFFFFFF0CFFFFFFFF0CFFFFFFFF0C140000000C060000000CFFFFFFFF0C150000000B0A0B110D046C6F6F700CFFFFFFFF04
310
FFFFFFFF0CFFFFFFFF0CFFFFFFFF0C160000000C09000000110E05706C616E650D07737572666163650CFFFFFFFF04FFFFFFFF0CFFFFFFFF13FCDEB55C1EC58240600BB6600B6C69C00000000000000000140000000000000000000000000000F03F00000000000000001400000000000024C0000000000000008000000000
310
000000800B0B0B0B0B110D06636F656467650CFFFFFFFF04FFFFFFFF0CFFFFFFFF0C170000000C180000000CFFFFFFFF0C190000000B0C0A00000004000000000CFFFFFFFF110E0D4154545249425F435553544F4D0D066174747269620CFFFFFFFF04FFFFFFFF0CFFFFFFFF0C0D0000000C09000000071667656E65726963
310
5F7461675F6174747269625F6465660403000000040300000004FFFFFFFF071767656E657269635F7461675F6174747269625F6465662004010000000403000000070331363404000000000401000000042D0100000400000000110E09706572737562656E740E1061636164536F6C6964486973746F72790D066174747269
310
620CFFFFFFFF04FFFFFFFF0C1A0000000CFFFFFFFF0C0E000000040100000004030000000400CA9A3B04EB030000110D046C6F6F700CFFFFFFFF04FFFFFFFF0CFFFFFFFF0CFFFFFFFF0C1B0000000C0E000000110E05706C616E650D07737572666163650CFFFFFFFF04FFFFFFFF0CFFFFFFFF1392570553D6037C404EFAA4
310
4FFA0973C00000000000000000140000000000000000000000000000F0BF0000000000000000140000000000002440000000000000000000000000000000000B0B0B0B0B110D06636F656467650CFFFFFFFF04FFFFFFFF0CFFFFFFFF0C1C0000000C1D0000000CFFFFFFFF0C1E0000000A0C0F00000004000000000CFFFFFF
310
FF110D06636F656467650CFFFFFFFF04FFFFFFFF0CFFFFFFFF0C1F0000000C110000000C200000000C210000000B0C0A00000004000000000CFFFFFFFF110D06636F656467650CFFFFFFFF04FFFFFFFF0CFFFFFFFF0C110000000C1F0000000C1C0000000C220000000A0C0A00000004000000000CFFFFFFFF110D04656467
310
650C2300000004FFFFFFFF0CFFFFFFFF0C240000000600000000000000000C2500000006C60E5397DB3F24400C110000000C260000000B0707756E6B6E6F776E110E0D4154545249425F435553544F4D0D066174747269620CFFFFFFFF04FFFFFFFF0CFFFFFFFF0C130000000C0E000000071667656E657269635F7461675F
310
6174747269625F6465660403000000040300000004FFFFFFFF071767656E657269635F7461675F6174747269625F6465662004010000000403000000070331363304000000000401000000042D0100000400000000110D06636F656467650CFFFFFFFF04FFFFFFFF0CFFFFFFFF0C270000000C200000000CFFFFFFFF0C2800
310
00000B0C1400000004000000000CFFFFFFFF110D06636F656467650CFFFFFFFF04FFFFFFFF0CFFFFFFFF0C290000000C160000000C180000000C220000000B0C0F00000004000000000CFFFFFFFF110D06636F656467650CFFFFFFFF04FFFFFFFF0CFFFFFFFF0C160000000C290000000CFFFFFFFF0C2A0000000A0C0F0000
310
0004000000000CFFFFFFFF110D04656467650C2B00000004FFFFFFFF0CFFFFFFFF0C240000000600000000000000000C2C000000067814AE47E17A2E400C160000000C2D0000000B0707756E6B6E6F776E110D06636F656467650CFFFFFFFF04FFFFFFFF0CFFFFFFFF0C180000000C170000000CFFFFFFFF0C2E0000000A0C
310
0A00000004000000000CFFFFFFFF110D06636F656467650CFFFFFFFF04FFFFFFFF0CFFFFFFFF0C1B0000000C2F0000000C170000000C210000000A0C1400000004000000000CFFFFFFFF110D04656467650CFFFFFFFF04FFFFFFFF0CFFFFFFFF0C250000000600000000000000000C30000000069A9999999999B93F0C2000
310
00000C310000000B0707756E6B6E6F776E110D04656467650CFFFFFFFF04FFFFFFFF0CFFFFFFFF0C240000000600000000000000000C32000000069A9999999999B93F0C1C0000000C330000000B0707756E6B6E6F776E110E09706572737562656E740E1061636164536F6C6964486973746F72790D066174747269620CFF
310
FFFFFF04FFFFFFFF0C340000000CFFFFFFFF0C19000000040100000004030000000400CA9A3B0439C70000110D067665727465780CFFFFFFFF04FFFFFFFF0CFFFFFFFF0C1900000004000000000C35000000110D067665727465780CFFFFFFFF04FFFFFFFF0CFFFFFFFF0C1900000004010000000C36000000110E08737472
310
61696768740D0563757276650CFFFFFFFF04FFFFFFFF0CFFFFFFFF1392570553D6037C40600BB6600B6C69C0000000000000000014000000000000000000000000000024C000000000000000000A0600000000000000000A06C60E5397DB3F2440110D06636F656467650CFFFFFFFF04FFFFFFFF0CFFFFFFFF0C2F0000000C
310
1B0000000CFFFFFFFF0C370000000B0C1400000004000000000CFFFFFFFF110D04656467650C3800000004FFFFFFFF0CFFFFFFFF0C250000000600000000000000000C39000000067814AE47E17A2E400C1B0000000C3A0000000B0707756E6B6E6F776E110D06636F656467650CFFFFFFFF04FFFFFFFF0CFFFFFFFF0C1D00
310
00000C1C0000000CFFFFFFFF0C3B0000000A0C0F00000004000000000CFFFFFFFF110D04656467650C3C00000004FFFFFFFF0CFFFFFFFF0C2C0000000600000000000000000C3D000000069A9999999999B93F0C1D0000000C3E0000000B0707756E6B6E6F776E110E09706572737562656E740E1061636164536F6C696448
310
6973746F72790D066174747269620CFFFFFFFF04FFFFFFFF0C3F0000000CFFFFFFFF0C1E000000040100000004030000000400CA9A3B043AC70000110D067665727465780CFFFFFFFF04FFFFFFFF0CFFFFFFFF0C1E00000004010000000C40000000110E0873747261696768740D0563757276650CFFFFFFFF04FFFFFFFF0C
310
FFFFFFFF1392570553D6037C40600BB6600B6C69C00000000000000000140000000000002440000000000000000000000000000000000A0600000000000000000A067814AE47E17A2E40110D04656467650C4100000004FFFFFFFF0CFFFFFFFF0C320000000600000000000000000C3000000006C60E5397DB3F24400C1F00
310
00000C420000000B0707756E6B6E6F776E110D06636F656467650CFFFFFFFF04FFFFFFFF0CFFFFFFFF0C200000000C270000000CFFFFFFFF0C430000000A0C1400000004000000000CFFFFFFFF110D067665727465780CFFFFFFFF04FFFFFFFF0CFFFFFFFF0C2100000004010000000C44000000110E087374726169676874
310
0D0563757276650CFFFFFFFF04FFFFFFFF0CFFFFFFFF1392570553D6037C404EFAA44FFA0973C00000000000000000140000000000000000000000000000000000000000000024400B0B110D067665727465780CFFFFFFFF04FFFFFFFF0CFFFFFFFF0C2E00000004000000000C45000000110E0873747261696768740D0563
310
757276650CFFFFFFFF04FFFFFFFF0CFFFFFFFF1392570553D6037C40600BB6600B6C69C00000000000000000140000000000000000000000000000000000000000000024400B0B110E0D4154545249425F435553544F4D0D066174747269620CFFFFFFFF04FFFFFFFF0CFFFFFFFF0C230000000C19000000071667656E6572
310
69635F7461675F6174747269625F6465660403000000040300000004FFFFFFFF071767656E657269635F7461675F6174747269625F646566200401000000040400000007042D31303604000000000401000000042D0100000400000000110D05706F696E740CFFFFFFFF04FFFFFFFF0CFFFFFFFF1392570553D6037C40600B
310
B6600B6C69C00000000000000000110D05706F696E740CFFFFFFFF04FFFFFFFF0CFFFFFFFF1392570553D6037C404EFAA44FFA0973C00000000000000000110D04656467650C4600000004FFFFFFFF0CFFFFFFFF0C390000000600000000000000000C47000000069A9999999999B93F0C270000000C480000000B0707756E
310
6B6E6F776E110E09706572737562656E740E1061636164536F6C6964486973746F72790D066174747269620CFFFFFFFF04FFFFFFFF0C490000000CFFFFFFFF0C28000000040100000004030000000400CA9A3B043BC70000110D067665727465780CFFFFFFFF04FFFFFFFF0CFFFFFFFF0C2800000004010000000C4A000000
310
110E0873747261696768740D0563757276650CFFFFFFFF04FFFFFFFF0CFFFFFFFF1392570553D6037C404EFAA44FFA0973C00000000000000000140000000000002440000000000000000000000000000000000A0600000000000000000A067814AE47E17A2E40110D04656467650C4B00000004FFFFFFFF0CFFFFFFFF0C3D
310
000000067814AE47E17A2EC00C320000000600000000000000800C290000000C4C0000000B0707756E6B6E6F776E110E09706572737562656E740E1061636164536F6C6964486973746F72790D066174747269620CFFFFFFFF04FFFFFFFF0C4D0000000CFFFFFFFF0C2A000000040100000004030000000400CA9A3B047AD4
310
0300110D067665727465780CFFFFFFFF04FFFFFFFF0CFFFFFFFF0C3B00000004000000000C4E000000110E0873747261696768740D0563757276650CFFFFFFFF04FFFFFFFF0CFFFFFFFF13FCDEB55C1EC58240600BB6600B6C69C00000000000000000140000000000000000000000000000000000000000000024400B0B11
310
0E0D4154545249425F435553544F4D0D066174747269620CFFFFFFFF04FFFFFFFF0CFFFFFFFF0C2B0000000C1E000000071667656E657269635F7461675F6174747269625F6465660403000000040300000004FFFFFFFF071767656E657269635F7461675F6174747269625F646566200401000000040400000007042D3130
310
3304000000000401000000042D0100000400000000110D05706F696E740CFFFFFFFF04FFFFFFFF0CFFFFFFFF13FCDEB55C1EC58240600BB6600B6C69C00000000000000000110E09706572737562656E740E1061636164536F6C6964486973746F72790D066174747269620CFFFFFFFF04FFFFFFFF0C4F0000000CFFFFFFFF
310
0C2E000000040100000004030000000400CA9A3B04D94D0200110E0873747261696768740D0563757276650CFFFFFFFF04FFFFFFFF0CFFFFFFFF1392570553D6037C40600BB6600B6C69C0000000000000F03F14000000000000000000000000000024C000000000000000000B0B110D04656467650C5000000004FFFFFFFF
310
0CFFFFFFFF0C300000000600000000000000000C47000000067814AE47E17A2E400C2F0000000C510000000B0707756E6B6E6F776E110D05706F696E740CFFFFFFFF04FFFFFFFF0CFFFFFFFF1392570553D6037C404EFAA44FFA0973C0000000000000F03F110D05706F696E740CFFFFFFFF04FFFFFFFF0CFFFFFFFF139257
310
0553D6037C40600BB6600B6C69C0000000000000F03F110E09706572737562656E740E1061636164536F6C6964486973746F72790D066174747269620CFFFFFFFF04FFFFFFFF0C520000000CFFFFFFFF0C37000000040100000004030000000400CA9A3B04DB4D0200110D067665727465780CFFFFFFFF04FFFFFFFF0CFFFF
310
FFFF0C3700000004010000000C53000000110E0873747261696768740D0563757276650CFFFFFFFF04FFFFFFFF0CFFFFFFFF13FCDEB55C1EC582404EFAA44FFA0973C00000000000000000140000000000000000000000000000000000000000000024400B0B110E0D4154545249425F435553544F4D0D066174747269620C
310
FFFFFFFF04FFFFFFFF0CFFFFFFFF0C380000000C28000000071667656E657269635F7461675F6174747269625F6465660403000000040300000004FFFFFFFF071767656E657269635F7461675F6174747269625F646566200401000000040400000007042D31303804000000000401000000042D0100000400000000110D05
310
706F696E740CFFFFFFFF04FFFFFFFF0CFFFFFFFF13FCDEB55C1EC582404EFAA44FFA0973C00000000000000000110E09706572737562656E740E1061636164536F6C6964486973746F72790D066174747269620CFFFFFFFF04FFFFFFFF0C540000000CFFFFFFFF0C3B000000040100000004030000000400CA9A3B04DA4D02
310
00110E0873747261696768740D0563757276650CFFFFFFFF04FFFFFFFF0CFFFFFFFF1392570553D6037C40600BB6600B6C69C0000000000000F03F1400000000000024C0000000000000008000000000000000800B0B110E0D4154545249425F435553544F4D0D066174747269620CFFFFFFFF04FFFFFFFF0CFFFFFFFF0C3C
310
0000000C2A000000071667656E657269635F7461675F6174747269625F6465660403000000040300000004FFFFFFFF071767656E657269635F7461675F6174747269625F6465662004010000000403000000070331363704000000000401000000042D0100000400000000110D05706F696E740CFFFFFFFF04FFFFFFFF0CFF
310
FFFFFF13FCDEB55C1EC58240600BB6600B6C69C0000000000000F03F110E0D4154545249425F435553544F4D0D066174747269620CFFFFFFFF04FFFFFFFF0CFFFFFFFF0C410000000C2E000000071667656E657269635F7461675F6174747269625F6465660403000000040300000004FFFFFFFF071767656E657269635F74
310
61675F6174747269625F6465662004010000000403000000070331303604000000000401000000042D0100000400000000110E09706572737562656E740E1061636164536F6C6964486973746F72790D066174747269620CFFFFFFFF04FFFFFFFF0C550000000CFFFFFFFF0C43000000040100000004030000000400CA9A3B
310
047BD40300110E0873747261696768740D0563757276650CFFFFFFFF04FFFFFFFF0CFFFFFFFF1392570553D6037C404EFAA44FFA0973C0000000000000F03F140000000000002440000000000000000000000000000000000B0B110E0D4154545249425F435553544F4D0D066174747269620CFFFFFFFF04FFFFFFFF0CFFFF
310
FFFF0C460000000C37000000071667656E657269635F7461675F6174747269625F6465660403000000040300000004FFFFFFFF071767656E657269635F7461675F6174747269625F6465662004010000000403000000070331363604000000000401000000042D0100000400000000110D05706F696E740CFFFFFFFF04FFFF
310
FFFF0CFFFFFFFF13FCDEB55C1EC582404EFAA44FFA0973C0000000000000F03F110E0D4154545249425F435553544F4D0D066174747269620CFFFFFFFF04FFFFFFFF0CFFFFFFFF0C4B0000000C3B000000071667656E657269635F7461675F6174747269625F6465660403000000040300000004FFFFFFFF071767656E6572
310
69635F7461675F6174747269625F6465662004010000000403000000070331303304000000000401000000042D0100000400000000110E0D4154545249425F435553544F4D0D066174747269620CFFFFFFFF04FFFFFFFF0CFFFFFFFF0C500000000C43000000071667656E657269635F7461675F6174747269625F64656604
310
03000000040300000004FFFFFFFF071767656E657269635F7461675F6174747269625F6465662004010000000403000000070331303804000000000401000000042D0100000400000000110E03456E640E026F660E0341534D0D0464617461
  0
ENDSEC
  0
EOF
